,log_bb_subs,log_gdp_pc,internet_users_pct,gdp_growth
log_bb_subs,1.0,0.04889833356732614,0.038318665113788314,0.036900634425351415
log_gdp_pc,0.04889833356732614,1.0,0.6732712565523019,-0.005303509657934013
internet_users_pct,0.038318665113788314,0.6732712565523019,1.0,0.005010741051175972
gdp_growth,0.036900634425351415,-0.005303509657934013,0.005010741051175972,1.0
