,bb_subs_per100,bb_subs_per100,bb_subs_per100,bb_subs_per100,bb_subs_per100,bb_subs_per100,bb_subs_per100,bb_subs_per100,gdp_per_capita,gdp_per_capita,gdp_per_capita,gdp_per_capita,gdp_per_capita,gdp_per_capita,gdp_per_capita,gdp_per_capita,internet_users_pct,internet_users_pct,internet_users_pct,internet_users_pct,internet_users_pct,internet_users_pct,internet_users_pct,internet_users_pct,population,population,population,population,population,population,population,population,log_bb_subs,log_bb_subs,log_bb_subs,log_bb_subs,log_bb_subs,log_bb_subs,log_bb_subs,log_bb_subs,log_gdp_pc,log_gdp_pc,log_gdp_pc,log_gdp_pc,log_gdp_pc,log_gdp_pc,log_gdp_pc,log_gdp_pc
,count,mean,std,min,25%,50%,75%,max,count,mean,std,min,25%,50%,75%,max,count,mean,std,min,25%,50%,75%,max,count,mean,std,min,25%,50%,75%,max,count,mean,std,min,25%,50%,75%,max,count,mean,std,min,25%,50%,75%,max
region,,,,,,,,,,,,,,,,,,,,,,,,,,,,,,,,,,,,,,,,,,,,,,,,
EU,28872.0,2453906.0481124893,5852502.158008133,14.6854,30.1395,62968.8344,2272400.0,38368400.0,28872.0,32865.78912345698,22251.13411722724,6853.94805511171,17789.9304736722,25415.5566806942,45906.2875805246,134965.815442152,28872.0,79.19773370739817,11.42555815772541,39.93,72.6439,80.4759,87.7242,99.3479,28872.0,15245965.635494597,20875586.375971716,414508.0,2871585.0,6984225.0,11209057.0,83901923.0,28872.0,8.977191088464494,5.646708126353816,2.6936402073855503,3.409149016783104,7.81512370188272,14.636347143671443,17.462744764715808,28872.0,10.210825247223559,0.6071665491715407,8.83259471366059,9.78639349362481,10.143120667858993,10.73435954934076,11.812777547336298
EaP,7160.0,836354.4835476062,1418138.446149446,3.19289,18.1092,46810.5466,937054.0,8066310.0,7160.0,5019.7621064641235,1715.259669628204,2094.47387695313,3680.16692158886,4597.22887399548,6542.85579976768,8341.31809294883,7160.0,64.76950810055867,17.11219775753322,23.3,50.3,68.2451,79.0,91.5125,7160.0,9727821.115083799,12511523.462652162,2457783.0,2969000.0,3725276.0,9461643.0,46456003.0,7160.0,8.368584163175875,5.565013215072889,1.1917655986455873,2.901926960868936,7.503745014644093,13.750496297013797,15.903206699002508,7160.0,8.461806583803334,0.34829340225197486,7.647105411645276,8.210740561573035,8.433230734251312,8.786144299500394,9.028988516024215
