,bb_subs_per100,gdp_per_capita,internet_users_pct,population,log_bb_subs,log_gdp_pc
count,36032.0,36032.0,36032.0,36032.0,36032.0,36032.0
mean,2132478.7278892277,27332.44228060427,76.33066845026644,14149442.690164298,8.85625343346154,9.863273803226868
std,5316159.699303554,22820.539387278965,13.997552451012115,19625034.86767441,5.635726988468279,0.8981046104642795
min,3.19289,2094.47387695313,23.3,414508.0,1.1917655986455873,7.647105411645276
25%,28.5889,12171.258096022126,68.8467,2961250.0,3.356510288372917,9.4067073925825
50%,46817.3344,20851.5223496861,78.8854,6616726.0,7.666863955646718,9.94518703473637
75%,1903950.0,40893.804537772,86.6013,10754679.0,14.45944128600682,10.618736297618018
max,38368400.0,134965.815442152,99.3479,83901923.0,17.462744764715808,11.812777547336298
