Variable,OLS_Coef,OLS_SE,IV_Coef,IV_SE
log_price,-0.0886263824728127,(0.1063),-0.5497015302429012,(0.1484)
log_gdp_pc,0.27262282155039697,(0.1904),0.3820544129225969,(0.1930)
internet_users_pct,0.0460231246112589,(0.0035),0.04659273296669525,(0.0035)
mobile_subs_per100,2.254344089307766e-08,(0.0000),2.1928191184028017e-08,(0.0000)
