region,bb_subs_per100,gdp_per_capita,internet_users_pct
EU,2453906.0481124897,32865.78912345698,79.19773370739817
EaP,836354.4835476062,5019.762106464123,64.76950810055867
Difference,-1617551.5645648837,-27846.027016992863,-14.428225606839504
Pct_Diff,-65.91742034333717,-84.72648233819095,-18.217977878187323
