Specification,Coefficient,Std_Error,P_Value,F_Statistic,N_Obs,Coefficient_Formatted,SE_Formatted
Baseline (Entity FE),-3.154875261402008,1.6634565248496058,0.057883639586569835,18.456830271089363,432,-3.155*,(1.663)
Two-Way FE (Entity + Time),-2.329964635809637,0.9331678777363523,0.01253078464063706,,432,-2.330**,(0.933)
Single IV: mobile_broad_price_i271mb_ts_G,-7.122089031271528,6.26362855112406,0.255515369603176,33.359678936378664,462,-7.122,(6.264)
Single IV: research_development_expenditu,17.646408740460174,439.2548944716724,0.9679548004449492,2.190142222991717,432,17.646,(439.255)
EU Countries Only,-1.1803626663886027,0.8320943256355867,0.15603191333003652,5.55053189527328,351,-1.180,(0.832)
EaP Countries Only,3.1835591024758827,5.423984903000634,0.5572433349911812,9.656194606604803,81,3.184,(5.424)
Dynamic (with lag),-0.5948782391082306,0.6732390927356907,0.37690882883666843,18.456830271089363,432,-0.595,(0.673)
