,bb_subs_per100,bb_subs_per100,bb_subs_per100,bb_subs_per100,bb_subs_per100,bb_subs_per100,bb_subs_per100,bb_subs_per100,gdp_per_capita,gdp_per_capita,gdp_per_capita,gdp_per_capita,gdp_per_capita,gdp_per_capita,gdp_per_capita,gdp_per_capita,internet_users_pct,internet_users_pct,internet_users_pct,internet_users_pct,internet_users_pct,internet_users_pct,internet_users_pct,internet_users_pct
,count,mean,std,min,25%,50%,75%,max,count,mean,std,min,25%,50%,75%,max,count,mean,std,min,25%,50%,75%,max
region,,,,,,,,,,,,,,,,,,,,,,,,
EU,28872.0,2453906.0481124893,5852502.158008133,14.6854,30.1395,62968.8344,2272400.0,38368400.0,28872.0,32865.78912345698,22251.13411722724,6853.94805511171,17789.9304736722,25415.5566806942,45906.2875805246,134965.815442152,28872.0,79.19773370739817,11.42555815772541,39.93,72.6439,80.4759,87.7242,99.3479
EaP,7160.0,836354.4835476062,1418138.446149446,3.19289,18.1092,46810.5466,937054.0,8066310.0,7160.0,5019.7621064641235,1715.259669628204,2094.47387695313,3680.16692158886,4597.22887399548,6542.85579976768,8341.31809294883,7160.0,64.76950810055867,17.11219775753322,23.3,50.3,68.2451,79.0,91.5125
