freq,unit,geo,time,value
A,PPS_HAB_EU27_2020,AL,2010,29.0
A,PPS_HAB_EU27_2020,AL,2011,30.0
A,PPS_HAB_EU27_2020,AL,2012,30.0
A,PPS_HAB_EU27_2020,AL,2013,29.0
A,PPS_HAB_EU27_2020,AL,2014,30.0
A,PPS_HAB_EU27_2020,AL,2015,30.0
A,PPS_HAB_EU27_2020,AL,2016,30.0
A,PPS_HAB_EU27_2020,AL,2017,30.0
A,PPS_HAB_EU27_2020,AL,2018,30.0
A,PPS_HAB_EU27_2020,AL,2019,30.0
A,PPS_HAB_EU27_2020,AL,2020,30.0
A,PPS_HAB_EU27_2020,AL,2021,31.0
A,PPS_HAB_EU27_2020,AL,2022,33.0
A,PPS_HAB_EU27_2020,AL0,2010,29.0
A,PPS_HAB_EU27_2020,AL0,2011,30.0
A,PPS_HAB_EU27_2020,AL0,2012,30.0
A,PPS_HAB_EU27_2020,AL0,2013,29.0
A,PPS_HAB_EU27_2020,AL0,2014,30.0
A,PPS_HAB_EU27_2020,AL0,2015,30.0
A,PPS_HAB_EU27_2020,AL0,2016,30.0
A,PPS_HAB_EU27_2020,AL0,2017,30.0
A,PPS_HAB_EU27_2020,AL0,2018,30.0
A,PPS_HAB_EU27_2020,AL0,2019,30.0
A,PPS_HAB_EU27_2020,AL0,2020,30.0
A,PPS_HAB_EU27_2020,AL0,2021,31.0
A,PPS_HAB_EU27_2020,AL0,2022,33.0
A,PPS_HAB_EU27_2020,AL01,2010,24.0
A,PPS_HAB_EU27_2020,AL01,2011,24.0
A,PPS_HAB_EU27_2020,AL01,2012,24.0
A,PPS_HAB_EU27_2020,AL01,2013,23.0
A,PPS_HAB_EU27_2020,AL01,2014,24.0
A,PPS_HAB_EU27_2020,AL01,2015,25.0
A,PPS_HAB_EU27_2020,AL01,2016,25.0
A,PPS_HAB_EU27_2020,AL01,2017,25.0
A,PPS_HAB_EU27_2020,AL01,2018,24.0
A,PPS_HAB_EU27_2020,AL01,2019,24.0
A,PPS_HAB_EU27_2020,AL01,2020,23.0
A,PPS_HAB_EU27_2020,AL01,2021,24.0
A,PPS_HAB_EU27_2020,AL01,2022,27.0
A,PPS_HAB_EU27_2020,AL02,2010,38.0
A,PPS_HAB_EU27_2020,AL02,2011,36.0
A,PPS_HAB_EU27_2020,AL02,2012,35.0
A,PPS_HAB_EU27_2020,AL02,2013,34.0
A,PPS_HAB_EU27_2020,AL02,2014,36.0
A,PPS_HAB_EU27_2020,AL02,2015,37.0
A,PPS_HAB_EU27_2020,AL02,2016,35.0
A,PPS_HAB_EU27_2020,AL02,2017,37.0
A,PPS_HAB_EU27_2020,AL02,2018,37.0
A,PPS_HAB_EU27_2020,AL02,2019,37.0
A,PPS_HAB_EU27_2020,AL02,2020,37.0
A,PPS_HAB_EU27_2020,AL02,2021,37.0
A,PPS_HAB_EU27_2020,AL02,2022,40.0
A,PPS_HAB_EU27_2020,AL03,2010,25.0
A,PPS_HAB_EU27_2020,AL03,2011,28.0
A,PPS_HAB_EU27_2020,AL03,2012,28.0
A,PPS_HAB_EU27_2020,AL03,2013,28.0
A,PPS_HAB_EU27_2020,AL03,2014,30.0
A,PPS_HAB_EU27_2020,AL03,2015,28.0
A,PPS_HAB_EU27_2020,AL03,2016,27.0
A,PPS_HAB_EU27_2020,AL03,2017,27.0
A,PPS_HAB_EU27_2020,AL03,2018,28.0
A,PPS_HAB_EU27_2020,AL03,2019,28.0
A,PPS_HAB_EU27_2020,AL03,2020,27.0
A,PPS_HAB_EU27_2020,AL03,2021,28.0
A,PPS_HAB_EU27_2020,AL03,2022,31.0
A,PPS_HAB_EU27_2020,AT,2010,126.0
A,PPS_HAB_EU27_2020,AT,2011,127.0
A,PPS_HAB_EU27_2020,AT,2012,131.0
A,PPS_HAB_EU27_2020,AT,2013,131.0
A,PPS_HAB_EU27_2020,AT,2014,129.0
A,PPS_HAB_EU27_2020,AT,2015,128.0
A,PPS_HAB_EU27_2020,AT,2016,128.0
A,PPS_HAB_EU27_2020,AT,2017,125.0
A,PPS_HAB_EU27_2020,AT,2018,125.0
A,PPS_HAB_EU27_2020,AT,2019,124.0
A,PPS_HAB_EU27_2020,AT,2020,123.0
A,PPS_HAB_EU27_2020,AT,2021,121.0
A,PPS_HAB_EU27_2020,AT,2022,123.0
A,PPS_HAB_EU27_2020,AT,2023,121.0
A,PPS_HAB_EU27_2020,AT,2024,119.0
A,PPS_HAB_EU27_2020,AT1,2010,129.0
A,PPS_HAB_EU27_2020,AT1,2011,129.0
A,PPS_HAB_EU27_2020,AT1,2012,133.0
A,PPS_HAB_EU27_2020,AT1,2013,132.0
A,PPS_HAB_EU27_2020,AT1,2014,129.0
A,PPS_HAB_EU27_2020,AT1,2015,128.0
A,PPS_HAB_EU27_2020,AT1,2016,128.0
A,PPS_HAB_EU27_2020,AT1,2017,123.0
A,PPS_HAB_EU27_2020,AT1,2018,124.0
A,PPS_HAB_EU27_2020,AT1,2019,122.0
A,PPS_HAB_EU27_2020,AT1,2020,121.0
A,PPS_HAB_EU27_2020,AT1,2021,120.0
A,PPS_HAB_EU27_2020,AT1,2022,119.0
A,PPS_HAB_EU27_2020,AT1,2023,118.0
A,PPS_HAB_EU27_2020,AT1,2024,117.0
A,PPS_HAB_EU27_2020,AT11,2010,84.0
A,PPS_HAB_EU27_2020,AT11,2011,85.0
A,PPS_HAB_EU27_2020,AT11,2012,89.0
A,PPS_HAB_EU27_2020,AT11,2013,89.0
A,PPS_HAB_EU27_2020,AT11,2014,89.0
A,PPS_HAB_EU27_2020,AT11,2015,90.0
A,PPS_HAB_EU27_2020,AT11,2016,90.0
A,PPS_HAB_EU27_2020,AT11,2017,88.0
A,PPS_HAB_EU27_2020,AT11,2018,87.0
A,PPS_HAB_EU27_2020,AT11,2019,86.0
A,PPS_HAB_EU27_2020,AT11,2020,85.0
A,PPS_HAB_EU27_2020,AT11,2021,85.0
A,PPS_HAB_EU27_2020,AT11,2022,86.0
A,PPS_HAB_EU27_2020,AT11,2023,87.0
A,PPS_HAB_EU27_2020,AT11,2024,86.0
A,PPS_HAB_EU27_2020,AT12,2010,103.0
A,PPS_HAB_EU27_2020,AT12,2011,104.0
A,PPS_HAB_EU27_2020,AT12,2012,108.0
A,PPS_HAB_EU27_2020,AT12,2013,107.0
A,PPS_HAB_EU27_2020,AT12,2014,107.0
A,PPS_HAB_EU27_2020,AT12,2015,106.0
A,PPS_HAB_EU27_2020,AT12,2016,106.0
A,PPS_HAB_EU27_2020,AT12,2017,104.0
A,PPS_HAB_EU27_2020,AT12,2018,104.0
A,PPS_HAB_EU27_2020,AT12,2019,105.0
A,PPS_HAB_EU27_2020,AT12,2020,101.0
A,PPS_HAB_EU27_2020,AT12,2021,100.0
A,PPS_HAB_EU27_2020,AT12,2022,101.0
A,PPS_HAB_EU27_2020,AT12,2023,100.0
A,PPS_HAB_EU27_2020,AT12,2024,98.0
A,PPS_HAB_EU27_2020,AT13,2010,163.0
A,PPS_HAB_EU27_2020,AT13,2011,161.0
A,PPS_HAB_EU27_2020,AT13,2012,163.0
A,PPS_HAB_EU27_2020,AT13,2013,161.0
A,PPS_HAB_EU27_2020,AT13,2014,157.0
A,PPS_HAB_EU27_2020,AT13,2015,154.0
A,PPS_HAB_EU27_2020,AT13,2016,153.0
A,PPS_HAB_EU27_2020,AT13,2017,146.0
A,PPS_HAB_EU27_2020,AT13,2018,147.0
A,PPS_HAB_EU27_2020,AT13,2019,144.0
A,PPS_HAB_EU27_2020,AT13,2020,144.0
A,PPS_HAB_EU27_2020,AT13,2021,143.0
A,PPS_HAB_EU27_2020,AT13,2022,140.0
A,PPS_HAB_EU27_2020,AT13,2023,139.0
A,PPS_HAB_EU27_2020,AT13,2024,137.0
A,PPS_HAB_EU27_2020,AT2,2010,111.0
A,PPS_HAB_EU27_2020,AT2,2011,113.0
A,PPS_HAB_EU27_2020,AT2,2012,117.0
A,PPS_HAB_EU27_2020,AT2,2013,116.0
A,PPS_HAB_EU27_2020,AT2,2014,116.0
A,PPS_HAB_EU27_2020,AT2,2015,114.0
A,PPS_HAB_EU27_2020,AT2,2016,114.0
A,PPS_HAB_EU27_2020,AT2,2017,113.0
A,PPS_HAB_EU27_2020,AT2,2018,113.0
A,PPS_HAB_EU27_2020,AT2,2019,112.0
A,PPS_HAB_EU27_2020,AT2,2020,111.0
A,PPS_HAB_EU27_2020,AT2,2021,110.0
A,PPS_HAB_EU27_2020,AT2,2022,113.0
A,PPS_HAB_EU27_2020,AT2,2023,113.0
A,PPS_HAB_EU27_2020,AT2,2024,111.0
A,PPS_HAB_EU27_2020,AT21,2010,108.0
A,PPS_HAB_EU27_2020,AT21,2011,109.0
A,PPS_HAB_EU27_2020,AT21,2012,112.0
A,PPS_HAB_EU27_2020,AT21,2013,111.0
A,PPS_HAB_EU27_2020,AT21,2014,112.0
A,PPS_HAB_EU27_2020,AT21,2015,110.0
A,PPS_HAB_EU27_2020,AT21,2016,108.0
A,PPS_HAB_EU27_2020,AT21,2017,107.0
A,PPS_HAB_EU27_2020,AT21,2018,109.0
A,PPS_HAB_EU27_2020,AT21,2019,108.0
A,PPS_HAB_EU27_2020,AT21,2020,108.0
A,PPS_HAB_EU27_2020,AT21,2021,107.0
A,PPS_HAB_EU27_2020,AT21,2022,112.0
A,PPS_HAB_EU27_2020,AT21,2023,115.0
A,PPS_HAB_EU27_2020,AT21,2024,110.0
A,PPS_HAB_EU27_2020,AT22,2010,112.0
A,PPS_HAB_EU27_2020,AT22,2011,114.0
A,PPS_HAB_EU27_2020,AT22,2012,119.0
A,PPS_HAB_EU27_2020,AT22,2013,117.0
A,PPS_HAB_EU27_2020,AT22,2014,117.0
A,PPS_HAB_EU27_2020,AT22,2015,116.0
A,PPS_HAB_EU27_2020,AT22,2016,116.0
A,PPS_HAB_EU27_2020,AT22,2017,116.0
A,PPS_HAB_EU27_2020,AT22,2018,115.0
A,PPS_HAB_EU27_2020,AT22,2019,114.0
A,PPS_HAB_EU27_2020,AT22,2020,113.0
A,PPS_HAB_EU27_2020,AT22,2021,111.0
A,PPS_HAB_EU27_2020,AT22,2022,114.0
A,PPS_HAB_EU27_2020,AT22,2023,111.0
A,PPS_HAB_EU27_2020,AT22,2024,111.0
A,PPS_HAB_EU27_2020,AT3,2010,131.0
A,PPS_HAB_EU27_2020,AT3,2011,133.0
A,PPS_HAB_EU27_2020,AT3,2012,138.0
A,PPS_HAB_EU27_2020,AT3,2013,138.0
A,PPS_HAB_EU27_2020,AT3,2014,137.0
A,PPS_HAB_EU27_2020,AT3,2015,137.0
A,PPS_HAB_EU27_2020,AT3,2016,136.0
A,PPS_HAB_EU27_2020,AT3,2017,133.0
A,PPS_HAB_EU27_2020,AT3,2018,134.0
A,PPS_HAB_EU27_2020,AT3,2019,132.0
A,PPS_HAB_EU27_2020,AT3,2020,131.0
A,PPS_HAB_EU27_2020,AT3,2021,128.0
A,PPS_HAB_EU27_2020,AT3,2022,134.0
A,PPS_HAB_EU27_2020,AT3,2023,129.0
A,PPS_HAB_EU27_2020,AT3,2024,126.0
A,PPS_HAB_EU27_2020,AT31,2010,126.0
A,PPS_HAB_EU27_2020,AT31,2011,130.0
A,PPS_HAB_EU27_2020,AT31,2012,134.0
A,PPS_HAB_EU27_2020,AT31,2013,135.0
A,PPS_HAB_EU27_2020,AT31,2014,133.0
A,PPS_HAB_EU27_2020,AT31,2015,133.0
A,PPS_HAB_EU27_2020,AT31,2016,131.0
A,PPS_HAB_EU27_2020,AT31,2017,129.0
A,PPS_HAB_EU27_2020,AT31,2018,130.0
A,PPS_HAB_EU27_2020,AT31,2019,129.0
A,PPS_HAB_EU27_2020,AT31,2020,128.0
A,PPS_HAB_EU27_2020,AT31,2021,126.0
A,PPS_HAB_EU27_2020,AT31,2022,127.0
A,PPS_HAB_EU27_2020,AT31,2023,123.0
A,PPS_HAB_EU27_2020,AT31,2024,119.0
A,PPS_HAB_EU27_2020,AT32,2010,146.0
A,PPS_HAB_EU27_2020,AT32,2011,148.0
A,PPS_HAB_EU27_2020,AT32,2012,154.0
A,PPS_HAB_EU27_2020,AT32,2013,151.0
A,PPS_HAB_EU27_2020,AT32,2014,149.0
A,PPS_HAB_EU27_2020,AT32,2015,149.0
A,PPS_HAB_EU27_2020,AT32,2016,150.0
A,PPS_HAB_EU27_2020,AT32,2017,146.0
A,PPS_HAB_EU27_2020,AT32,2018,146.0
A,PPS_HAB_EU27_2020,AT32,2019,145.0
A,PPS_HAB_EU27_2020,AT32,2020,144.0
A,PPS_HAB_EU27_2020,AT32,2021,140.0
A,PPS_HAB_EU27_2020,AT32,2022,151.0
A,PPS_HAB_EU27_2020,AT32,2023,147.0
A,PPS_HAB_EU27_2020,AT32,2024,146.0
A,PPS_HAB_EU27_2020,AT33,2010,128.0
A,PPS_HAB_EU27_2020,AT33,2011,129.0
A,PPS_HAB_EU27_2020,AT33,2012,135.0
A,PPS_HAB_EU27_2020,AT33,2013,136.0
A,PPS_HAB_EU27_2020,AT33,2014,133.0
A,PPS_HAB_EU27_2020,AT33,2015,134.0
A,PPS_HAB_EU27_2020,AT33,2016,133.0
A,PPS_HAB_EU27_2020,AT33,2017,130.0
A,PPS_HAB_EU27_2020,AT33,2018,131.0
A,PPS_HAB_EU27_2020,AT33,2019,130.0
A,PPS_HAB_EU27_2020,AT33,2020,126.0
A,PPS_HAB_EU27_2020,AT33,2021,118.0
A,PPS_HAB_EU27_2020,AT33,2022,128.0
A,PPS_HAB_EU27_2020,AT33,2023,128.0
A,PPS_HAB_EU27_2020,AT33,2024,128.0
A,PPS_HAB_EU27_2020,AT34,2010,130.0
A,PPS_HAB_EU27_2020,AT34,2011,132.0
A,PPS_HAB_EU27_2020,AT34,2012,135.0
A,PPS_HAB_EU27_2020,AT34,2013,139.0
A,PPS_HAB_EU27_2020,AT34,2014,139.0
A,PPS_HAB_EU27_2020,AT34,2015,143.0
A,PPS_HAB_EU27_2020,AT34,2016,138.0
A,PPS_HAB_EU27_2020,AT34,2017,136.0
A,PPS_HAB_EU27_2020,AT34,2018,141.0
A,PPS_HAB_EU27_2020,AT34,2019,131.0
A,PPS_HAB_EU27_2020,AT34,2020,131.0
A,PPS_HAB_EU27_2020,AT34,2021,137.0
A,PPS_HAB_EU27_2020,AT34,2022,147.0
A,PPS_HAB_EU27_2020,AT34,2023,126.0
A,PPS_HAB_EU27_2020,AT34,2024,125.0
A,PPS_HAB_EU27_2020,BE,2010,120.0
A,PPS_HAB_EU27_2020,BE,2011,119.0
A,PPS_HAB_EU27_2020,BE,2012,121.0
A,PPS_HAB_EU27_2020,BE,2013,121.0
A,PPS_HAB_EU27_2020,BE,2014,121.0
A,PPS_HAB_EU27_2020,BE,2015,119.0
A,PPS_HAB_EU27_2020,BE,2016,118.0
A,PPS_HAB_EU27_2020,BE,2017,116.0
A,PPS_HAB_EU27_2020,BE,2018,116.0
A,PPS_HAB_EU27_2020,BE,2019,116.0
A,PPS_HAB_EU27_2020,BE,2020,117.0
A,PPS_HAB_EU27_2020,BE,2021,116.0
A,PPS_HAB_EU27_2020,BE,2022,118.0
A,PPS_HAB_EU27_2020,BE,2023,118.0
A,PPS_HAB_EU27_2020,BE,2024,117.0
A,PPS_HAB_EU27_2020,BE1,2010,223.0
A,PPS_HAB_EU27_2020,BE1,2011,214.0
A,PPS_HAB_EU27_2020,BE1,2012,218.0
A,PPS_HAB_EU27_2020,BE1,2013,214.0
A,PPS_HAB_EU27_2020,BE1,2014,214.0
A,PPS_HAB_EU27_2020,BE1,2015,212.0
A,PPS_HAB_EU27_2020,BE1,2016,206.0
A,PPS_HAB_EU27_2020,BE1,2017,203.0
A,PPS_HAB_EU27_2020,BE1,2018,199.0
A,PPS_HAB_EU27_2020,BE1,2019,200.0
A,PPS_HAB_EU27_2020,BE1,2020,199.0
A,PPS_HAB_EU27_2020,BE1,2021,194.0
A,PPS_HAB_EU27_2020,BE1,2022,191.0
A,PPS_HAB_EU27_2020,BE1,2023,190.0
A,PPS_HAB_EU27_2020,BE1,2024,190.0
A,PPS_HAB_EU27_2020,BE10,2010,223.0
A,PPS_HAB_EU27_2020,BE10,2011,214.0
A,PPS_HAB_EU27_2020,BE10,2012,218.0
A,PPS_HAB_EU27_2020,BE10,2013,214.0
A,PPS_HAB_EU27_2020,BE10,2014,214.0
A,PPS_HAB_EU27_2020,BE10,2015,212.0
A,PPS_HAB_EU27_2020,BE10,2016,206.0
A,PPS_HAB_EU27_2020,BE10,2017,203.0
A,PPS_HAB_EU27_2020,BE10,2018,199.0
A,PPS_HAB_EU27_2020,BE10,2019,200.0
A,PPS_HAB_EU27_2020,BE10,2020,199.0
A,PPS_HAB_EU27_2020,BE10,2021,194.0
A,PPS_HAB_EU27_2020,BE10,2022,191.0
A,PPS_HAB_EU27_2020,BE10,2023,190.0
A,PPS_HAB_EU27_2020,BE10,2024,190.0
A,PPS_HAB_EU27_2020,BE2,2010,120.0
A,PPS_HAB_EU27_2020,BE2,2011,119.0
A,PPS_HAB_EU27_2020,BE2,2012,121.0
A,PPS_HAB_EU27_2020,BE2,2013,122.0
A,PPS_HAB_EU27_2020,BE2,2014,121.0
A,PPS_HAB_EU27_2020,BE2,2015,121.0
A,PPS_HAB_EU27_2020,BE2,2016,120.0
A,PPS_HAB_EU27_2020,BE2,2017,118.0
A,PPS_HAB_EU27_2020,BE2,2018,118.0
A,PPS_HAB_EU27_2020,BE2,2019,118.0
A,PPS_HAB_EU27_2020,BE2,2020,119.0
A,PPS_HAB_EU27_2020,BE2,2021,119.0
A,PPS_HAB_EU27_2020,BE2,2022,121.0
A,PPS_HAB_EU27_2020,BE2,2023,122.0
A,PPS_HAB_EU27_2020,BE2,2024,119.0
A,PPS_HAB_EU27_2020,BE21,2010,139.0
A,PPS_HAB_EU27_2020,BE21,2011,138.0
A,PPS_HAB_EU27_2020,BE21,2012,141.0
A,PPS_HAB_EU27_2020,BE21,2013,141.0
A,PPS_HAB_EU27_2020,BE21,2014,141.0
A,PPS_HAB_EU27_2020,BE21,2015,140.0
A,PPS_HAB_EU27_2020,BE21,2016,139.0
A,PPS_HAB_EU27_2020,BE21,2017,136.0
A,PPS_HAB_EU27_2020,BE21,2018,136.0
A,PPS_HAB_EU27_2020,BE21,2019,136.0
A,PPS_HAB_EU27_2020,BE21,2020,139.0
A,PPS_HAB_EU27_2020,BE21,2021,137.0
A,PPS_HAB_EU27_2020,BE21,2022,141.0
A,PPS_HAB_EU27_2020,BE21,2023,140.0
A,PPS_HAB_EU27_2020,BE21,2024,135.0
A,PPS_HAB_EU27_2020,BE22,2010,95.0
A,PPS_HAB_EU27_2020,BE22,2011,96.0
A,PPS_HAB_EU27_2020,BE22,2012,96.0
A,PPS_HAB_EU27_2020,BE22,2013,97.0
A,PPS_HAB_EU27_2020,BE22,2014,97.0
A,PPS_HAB_EU27_2020,BE22,2015,95.0
A,PPS_HAB_EU27_2020,BE22,2016,94.0
A,PPS_HAB_EU27_2020,BE22,2017,94.0
A,PPS_HAB_EU27_2020,BE22,2018,94.0
A,PPS_HAB_EU27_2020,BE22,2019,93.0
A,PPS_HAB_EU27_2020,BE22,2020,95.0
A,PPS_HAB_EU27_2020,BE22,2021,94.0
A,PPS_HAB_EU27_2020,BE22,2022,96.0
A,PPS_HAB_EU27_2020,BE22,2023,96.0
A,PPS_HAB_EU27_2020,BE22,2024,94.0
A,PPS_HAB_EU27_2020,BE23,2010,109.0
A,PPS_HAB_EU27_2020,BE23,2011,108.0
A,PPS_HAB_EU27_2020,BE23,2012,109.0
A,PPS_HAB_EU27_2020,BE23,2013,110.0
A,PPS_HAB_EU27_2020,BE23,2014,110.0
A,PPS_HAB_EU27_2020,BE23,2015,110.0
A,PPS_HAB_EU27_2020,BE23,2016,109.0
A,PPS_HAB_EU27_2020,BE23,2017,108.0
A,PPS_HAB_EU27_2020,BE23,2018,107.0
A,PPS_HAB_EU27_2020,BE23,2019,107.0
A,PPS_HAB_EU27_2020,BE23,2020,108.0
A,PPS_HAB_EU27_2020,BE23,2021,110.0
A,PPS_HAB_EU27_2020,BE23,2022,112.0
A,PPS_HAB_EU27_2020,BE23,2023,111.0
A,PPS_HAB_EU27_2020,BE23,2024,110.0
A,PPS_HAB_EU27_2020,BE24,2010,128.0
A,PPS_HAB_EU27_2020,BE24,2011,127.0
A,PPS_HAB_EU27_2020,BE24,2012,131.0
A,PPS_HAB_EU27_2020,BE24,2013,131.0
A,PPS_HAB_EU27_2020,BE24,2014,130.0
A,PPS_HAB_EU27_2020,BE24,2015,129.0
A,PPS_HAB_EU27_2020,BE24,2016,129.0
A,PPS_HAB_EU27_2020,BE24,2017,126.0
A,PPS_HAB_EU27_2020,BE24,2018,126.0
A,PPS_HAB_EU27_2020,BE24,2019,126.0
A,PPS_HAB_EU27_2020,BE24,2020,125.0
A,PPS_HAB_EU27_2020,BE24,2021,128.0
A,PPS_HAB_EU27_2020,BE24,2022,124.0
A,PPS_HAB_EU27_2020,BE24,2023,129.0
A,PPS_HAB_EU27_2020,BE24,2024,127.0
A,PPS_HAB_EU27_2020,BE25,2010,114.0
A,PPS_HAB_EU27_2020,BE25,2011,113.0
A,PPS_HAB_EU27_2020,BE25,2012,115.0
A,PPS_HAB_EU27_2020,BE25,2013,116.0
A,PPS_HAB_EU27_2020,BE25,2014,117.0
A,PPS_HAB_EU27_2020,BE25,2015,115.0
A,PPS_HAB_EU27_2020,BE25,2016,115.0
A,PPS_HAB_EU27_2020,BE25,2017,113.0
A,PPS_HAB_EU27_2020,BE25,2018,112.0
A,PPS_HAB_EU27_2020,BE25,2019,113.0
A,PPS_HAB_EU27_2020,BE25,2020,115.0
A,PPS_HAB_EU27_2020,BE25,2021,114.0
A,PPS_HAB_EU27_2020,BE25,2022,116.0
A,PPS_HAB_EU27_2020,BE25,2023,119.0
A,PPS_HAB_EU27_2020,BE25,2024,117.0
A,PPS_HAB_EU27_2020,BE3,2010,89.0
A,PPS_HAB_EU27_2020,BE3,2011,87.0
A,PPS_HAB_EU27_2020,BE3,2012,88.0
A,PPS_HAB_EU27_2020,BE3,2013,88.0
A,PPS_HAB_EU27_2020,BE3,2014,88.0
A,PPS_HAB_EU27_2020,BE3,2015,86.0
A,PPS_HAB_EU27_2020,BE3,2016,85.0
A,PPS_HAB_EU27_2020,BE3,2017,84.0
A,PPS_HAB_EU27_2020,BE3,2018,86.0
A,PPS_HAB_EU27_2020,BE3,2019,86.0
A,PPS_HAB_EU27_2020,BE3,2020,87.0
A,PPS_HAB_EU27_2020,BE3,2021,85.0
A,PPS_HAB_EU27_2020,BE3,2022,87.0
A,PPS_HAB_EU27_2020,BE3,2023,87.0
A,PPS_HAB_EU27_2020,BE3,2024,87.0
A,PPS_HAB_EU27_2020,BE31,2010,141.0
A,PPS_HAB_EU27_2020,BE31,2011,129.0
A,PPS_HAB_EU27_2020,BE31,2012,133.0
A,PPS_HAB_EU27_2020,BE31,2013,136.0
A,PPS_HAB_EU27_2020,BE31,2014,138.0
A,PPS_HAB_EU27_2020,BE31,2015,133.0
A,PPS_HAB_EU27_2020,BE31,2016,136.0
A,PPS_HAB_EU27_2020,BE31,2017,136.0
A,PPS_HAB_EU27_2020,BE31,2018,146.0
A,PPS_HAB_EU27_2020,BE31,2019,156.0
A,PPS_HAB_EU27_2020,BE31,2020,160.0
A,PPS_HAB_EU27_2020,BE31,2021,141.0
A,PPS_HAB_EU27_2020,BE31,2022,152.0
A,PPS_HAB_EU27_2020,BE31,2023,158.0
A,PPS_HAB_EU27_2020,BE31,2024,155.0
A,PPS_HAB_EU27_2020,BE32,2010,77.0
A,PPS_HAB_EU27_2020,BE32,2011,77.0
A,PPS_HAB_EU27_2020,BE32,2012,77.0
A,PPS_HAB_EU27_2020,BE32,2013,76.0
A,PPS_HAB_EU27_2020,BE32,2014,76.0
A,PPS_HAB_EU27_2020,BE32,2015,75.0
A,PPS_HAB_EU27_2020,BE32,2016,74.0
A,PPS_HAB_EU27_2020,BE32,2017,73.0
A,PPS_HAB_EU27_2020,BE32,2018,73.0
A,PPS_HAB_EU27_2020,BE32,2019,72.0
A,PPS_HAB_EU27_2020,BE32,2020,73.0
A,PPS_HAB_EU27_2020,BE32,2021,72.0
A,PPS_HAB_EU27_2020,BE32,2022,73.0
A,PPS_HAB_EU27_2020,BE32,2023,72.0
A,PPS_HAB_EU27_2020,BE32,2024,72.0
A,PPS_HAB_EU27_2020,BE33,2010,89.0
A,PPS_HAB_EU27_2020,BE33,2011,89.0
A,PPS_HAB_EU27_2020,BE33,2012,90.0
A,PPS_HAB_EU27_2020,BE33,2013,90.0
A,PPS_HAB_EU27_2020,BE33,2014,90.0
A,PPS_HAB_EU27_2020,BE33,2015,87.0
A,PPS_HAB_EU27_2020,BE33,2016,86.0
A,PPS_HAB_EU27_2020,BE33,2017,85.0
A,PPS_HAB_EU27_2020,BE33,2018,85.0
A,PPS_HAB_EU27_2020,BE33,2019,85.0
A,PPS_HAB_EU27_2020,BE33,2020,85.0
A,PPS_HAB_EU27_2020,BE33,2021,85.0
A,PPS_HAB_EU27_2020,BE33,2022,87.0
A,PPS_HAB_EU27_2020,BE33,2023,87.0
A,PPS_HAB_EU27_2020,BE33,2024,86.0
A,PPS_HAB_EU27_2020,BE34,2010,77.0
A,PPS_HAB_EU27_2020,BE34,2011,75.0
A,PPS_HAB_EU27_2020,BE34,2012,76.0
A,PPS_HAB_EU27_2020,BE34,2013,76.0
A,PPS_HAB_EU27_2020,BE34,2014,75.0
A,PPS_HAB_EU27_2020,BE34,2015,74.0
A,PPS_HAB_EU27_2020,BE34,2016,73.0
A,PPS_HAB_EU27_2020,BE34,2017,72.0
A,PPS_HAB_EU27_2020,BE34,2018,72.0
A,PPS_HAB_EU27_2020,BE34,2019,71.0
A,PPS_HAB_EU27_2020,BE34,2020,72.0
A,PPS_HAB_EU27_2020,BE34,2021,73.0
A,PPS_HAB_EU27_2020,BE34,2022,74.0
A,PPS_HAB_EU27_2020,BE34,2023,73.0
A,PPS_HAB_EU27_2020,BE34,2024,72.0
A,PPS_HAB_EU27_2020,BE35,2010,84.0
A,PPS_HAB_EU27_2020,BE35,2011,82.0
A,PPS_HAB_EU27_2020,BE35,2012,84.0
A,PPS_HAB_EU27_2020,BE35,2013,84.0
A,PPS_HAB_EU27_2020,BE35,2014,83.0
A,PPS_HAB_EU27_2020,BE35,2015,81.0
A,PPS_HAB_EU27_2020,BE35,2016,80.0
A,PPS_HAB_EU27_2020,BE35,2017,78.0
A,PPS_HAB_EU27_2020,BE35,2018,78.0
A,PPS_HAB_EU27_2020,BE35,2019,77.0
A,PPS_HAB_EU27_2020,BE35,2020,79.0
A,PPS_HAB_EU27_2020,BE35,2021,79.0
A,PPS_HAB_EU27_2020,BE35,2022,79.0
A,PPS_HAB_EU27_2020,BE35,2023,80.0
A,PPS_HAB_EU27_2020,BE35,2024,80.0
A,PPS_HAB_EU27_2020,BG,2010,44.0
A,PPS_HAB_EU27_2020,BG,2011,45.0
A,PPS_HAB_EU27_2020,BG,2012,47.0
A,PPS_HAB_EU27_2020,BG,2013,46.0
A,PPS_HAB_EU27_2020,BG,2014,48.0
A,PPS_HAB_EU27_2020,BG,2015,49.0
A,PPS_HAB_EU27_2020,BG,2016,51.0
A,PPS_HAB_EU27_2020,BG,2017,52.0
A,PPS_HAB_EU27_2020,BG,2018,53.0
A,PPS_HAB_EU27_2020,BG,2019,55.0
A,PPS_HAB_EU27_2020,BG,2020,57.0
A,PPS_HAB_EU27_2020,BG,2021,59.0
A,PPS_HAB_EU27_2020,BG,2022,62.0
A,PPS_HAB_EU27_2020,BG,2023,63.0
A,PPS_HAB_EU27_2020,BG,2024,66.0
A,PPS_HAB_EU27_2020,BG3,2010,32.0
A,PPS_HAB_EU27_2020,BG3,2011,34.0
A,PPS_HAB_EU27_2020,BG3,2012,35.0
A,PPS_HAB_EU27_2020,BG3,2013,35.0
A,PPS_HAB_EU27_2020,BG3,2014,37.0
A,PPS_HAB_EU27_2020,BG3,2015,37.0
A,PPS_HAB_EU27_2020,BG3,2016,39.0
A,PPS_HAB_EU27_2020,BG3,2017,39.0
A,PPS_HAB_EU27_2020,BG3,2018,40.0
A,PPS_HAB_EU27_2020,BG3,2019,40.0
A,PPS_HAB_EU27_2020,BG3,2020,41.0
A,PPS_HAB_EU27_2020,BG3,2021,44.0
A,PPS_HAB_EU27_2020,BG3,2022,48.0
A,PPS_HAB_EU27_2020,BG3,2023,48.0
A,PPS_HAB_EU27_2020,BG3,2024,49.0
A,PPS_HAB_EU27_2020,BG31,2010,27.0
A,PPS_HAB_EU27_2020,BG31,2011,29.0
A,PPS_HAB_EU27_2020,BG31,2012,29.0
A,PPS_HAB_EU27_2020,BG31,2013,29.0
A,PPS_HAB_EU27_2020,BG31,2014,30.0
A,PPS_HAB_EU27_2020,BG31,2015,30.0
A,PPS_HAB_EU27_2020,BG31,2016,30.0
A,PPS_HAB_EU27_2020,BG31,2017,32.0
A,PPS_HAB_EU27_2020,BG31,2018,34.0
A,PPS_HAB_EU27_2020,BG31,2019,33.0
A,PPS_HAB_EU27_2020,BG31,2020,37.0
A,PPS_HAB_EU27_2020,BG31,2021,39.0
A,PPS_HAB_EU27_2020,BG31,2022,41.0
A,PPS_HAB_EU27_2020,BG31,2023,42.0
A,PPS_HAB_EU27_2020,BG31,2024,42.0
A,PPS_HAB_EU27_2020,BG32,2010,29.0
A,PPS_HAB_EU27_2020,BG32,2011,31.0
A,PPS_HAB_EU27_2020,BG32,2012,32.0
A,PPS_HAB_EU27_2020,BG32,2013,33.0
A,PPS_HAB_EU27_2020,BG32,2014,35.0
A,PPS_HAB_EU27_2020,BG32,2015,34.0
A,PPS_HAB_EU27_2020,BG32,2016,35.0
A,PPS_HAB_EU27_2020,BG32,2017,36.0
A,PPS_HAB_EU27_2020,BG32,2018,37.0
A,PPS_HAB_EU27_2020,BG32,2019,37.0
A,PPS_HAB_EU27_2020,BG32,2020,39.0
A,PPS_HAB_EU27_2020,BG32,2021,41.0
A,PPS_HAB_EU27_2020,BG32,2022,41.0
A,PPS_HAB_EU27_2020,BG32,2023,43.0
A,PPS_HAB_EU27_2020,BG32,2024,43.0
A,PPS_HAB_EU27_2020,BG33,2010,36.0
A,PPS_HAB_EU27_2020,BG33,2011,37.0
A,PPS_HAB_EU27_2020,BG33,2012,39.0
A,PPS_HAB_EU27_2020,BG33,2013,39.0
A,PPS_HAB_EU27_2020,BG33,2014,41.0
A,PPS_HAB_EU27_2020,BG33,2015,41.0
A,PPS_HAB_EU27_2020,BG33,2016,42.0
A,PPS_HAB_EU27_2020,BG33,2017,42.0
A,PPS_HAB_EU27_2020,BG33,2018,44.0
A,PPS_HAB_EU27_2020,BG33,2019,44.0
A,PPS_HAB_EU27_2020,BG33,2020,45.0
A,PPS_HAB_EU27_2020,BG33,2021,47.0
A,PPS_HAB_EU27_2020,BG33,2022,48.0
A,PPS_HAB_EU27_2020,BG33,2023,50.0
A,PPS_HAB_EU27_2020,BG33,2024,51.0
A,PPS_HAB_EU27_2020,BG34,2010,37.0
A,PPS_HAB_EU27_2020,BG34,2011,37.0
A,PPS_HAB_EU27_2020,BG34,2012,39.0
A,PPS_HAB_EU27_2020,BG34,2013,39.0
A,PPS_HAB_EU27_2020,BG34,2014,42.0
A,PPS_HAB_EU27_2020,BG34,2015,41.0
A,PPS_HAB_EU27_2020,BG34,2016,45.0
A,PPS_HAB_EU27_2020,BG34,2017,45.0
A,PPS_HAB_EU27_2020,BG34,2018,44.0
A,PPS_HAB_EU27_2020,BG34,2019,42.0
A,PPS_HAB_EU27_2020,BG34,2020,40.0
A,PPS_HAB_EU27_2020,BG34,2021,46.0
A,PPS_HAB_EU27_2020,BG34,2022,58.0
A,PPS_HAB_EU27_2020,BG34,2023,54.0
A,PPS_HAB_EU27_2020,BG34,2024,57.0
A,PPS_HAB_EU27_2020,BG4,2010,57.0
A,PPS_HAB_EU27_2020,BG4,2011,57.0
A,PPS_HAB_EU27_2020,BG4,2012,58.0
A,PPS_HAB_EU27_2020,BG4,2013,58.0
A,PPS_HAB_EU27_2020,BG4,2014,59.0
A,PPS_HAB_EU27_2020,BG4,2015,61.0
A,PPS_HAB_EU27_2020,BG4,2016,62.0
A,PPS_HAB_EU27_2020,BG4,2017,64.0
A,PPS_HAB_EU27_2020,BG4,2018,66.0
A,PPS_HAB_EU27_2020,BG4,2019,70.0
A,PPS_HAB_EU27_2020,BG4,2020,73.0
A,PPS_HAB_EU27_2020,BG4,2021,74.0
A,PPS_HAB_EU27_2020,BG4,2022,75.0
A,PPS_HAB_EU27_2020,BG4,2023,78.0
A,PPS_HAB_EU27_2020,BG4,2024,82.0
A,PPS_HAB_EU27_2020,BG41,2010,76.0
A,PPS_HAB_EU27_2020,BG41,2011,75.0
A,PPS_HAB_EU27_2020,BG41,2012,76.0
A,PPS_HAB_EU27_2020,BG41,2013,75.0
A,PPS_HAB_EU27_2020,BG41,2014,76.0
A,PPS_HAB_EU27_2020,BG41,2015,79.0
A,PPS_HAB_EU27_2020,BG41,2016,81.0
A,PPS_HAB_EU27_2020,BG41,2017,82.0
A,PPS_HAB_EU27_2020,BG41,2018,84.0
A,PPS_HAB_EU27_2020,BG41,2019,90.0
A,PPS_HAB_EU27_2020,BG41,2020,94.0
A,PPS_HAB_EU27_2020,BG41,2021,97.0
A,PPS_HAB_EU27_2020,BG41,2022,97.0
A,PPS_HAB_EU27_2020,BG41,2023,101.0
A,PPS_HAB_EU27_2020,BG41,2024,107.0
A,PPS_HAB_EU27_2020,BG42,2010,31.0
A,PPS_HAB_EU27_2020,BG42,2011,32.0
A,PPS_HAB_EU27_2020,BG42,2012,33.0
A,PPS_HAB_EU27_2020,BG42,2013,33.0
A,PPS_HAB_EU27_2020,BG42,2014,33.0
A,PPS_HAB_EU27_2020,BG42,2015,34.0
A,PPS_HAB_EU27_2020,BG42,2016,35.0
A,PPS_HAB_EU27_2020,BG42,2017,36.0
A,PPS_HAB_EU27_2020,BG42,2018,38.0
A,PPS_HAB_EU27_2020,BG42,2019,39.0
A,PPS_HAB_EU27_2020,BG42,2020,42.0
A,PPS_HAB_EU27_2020,BG42,2021,39.0
A,PPS_HAB_EU27_2020,BG42,2022,42.0
A,PPS_HAB_EU27_2020,BG42,2023,41.0
A,PPS_HAB_EU27_2020,BG42,2024,43.0
A,PPS_HAB_EU27_2020,CY,2010,101.0
A,PPS_HAB_EU27_2020,CY,2011,96.0
A,PPS_HAB_EU27_2020,CY,2012,91.0
A,PPS_HAB_EU27_2020,CY,2013,84.0
A,PPS_HAB_EU27_2020,CY,2014,80.0
A,PPS_HAB_EU27_2020,CY,2015,81.0
A,PPS_HAB_EU27_2020,CY,2016,86.0
A,PPS_HAB_EU27_2020,CY,2017,87.0
A,PPS_HAB_EU27_2020,CY,2018,89.0
A,PPS_HAB_EU27_2020,CY,2019,91.0
A,PPS_HAB_EU27_2020,CY,2020,89.0
A,PPS_HAB_EU27_2020,CY,2021,91.0
A,PPS_HAB_EU27_2020,CY,2022,95.0
A,PPS_HAB_EU27_2020,CY,2023,97.0
A,PPS_HAB_EU27_2020,CY,2024,99.0
A,PPS_HAB_EU27_2020,CY0,2010,101.0
A,PPS_HAB_EU27_2020,CY0,2011,96.0
A,PPS_HAB_EU27_2020,CY0,2012,91.0
A,PPS_HAB_EU27_2020,CY0,2013,84.0
A,PPS_HAB_EU27_2020,CY0,2014,80.0
A,PPS_HAB_EU27_2020,CY0,2015,81.0
A,PPS_HAB_EU27_2020,CY0,2016,86.0
A,PPS_HAB_EU27_2020,CY0,2017,87.0
A,PPS_HAB_EU27_2020,CY0,2018,89.0
A,PPS_HAB_EU27_2020,CY0,2019,91.0
A,PPS_HAB_EU27_2020,CY0,2020,89.0
A,PPS_HAB_EU27_2020,CY0,2021,91.0
A,PPS_HAB_EU27_2020,CY0,2022,95.0
A,PPS_HAB_EU27_2020,CY0,2023,97.0
A,PPS_HAB_EU27_2020,CY0,2024,99.0
A,PPS_HAB_EU27_2020,CY00,2010,101.0
A,PPS_HAB_EU27_2020,CY00,2011,96.0
A,PPS_HAB_EU27_2020,CY00,2012,91.0
A,PPS_HAB_EU27_2020,CY00,2013,84.0
A,PPS_HAB_EU27_2020,CY00,2014,80.0
A,PPS_HAB_EU27_2020,CY00,2015,81.0
A,PPS_HAB_EU27_2020,CY00,2016,86.0
A,PPS_HAB_EU27_2020,CY00,2017,87.0
A,PPS_HAB_EU27_2020,CY00,2018,89.0
A,PPS_HAB_EU27_2020,CY00,2019,91.0
A,PPS_HAB_EU27_2020,CY00,2020,89.0
A,PPS_HAB_EU27_2020,CY00,2021,91.0
A,PPS_HAB_EU27_2020,CY00,2022,95.0
A,PPS_HAB_EU27_2020,CY00,2023,97.0
A,PPS_HAB_EU27_2020,CY00,2024,99.0
A,PPS_HAB_EU27_2020,CZ,2010,85.0
A,PPS_HAB_EU27_2020,CZ,2011,84.0
A,PPS_HAB_EU27_2020,CZ,2012,84.0
A,PPS_HAB_EU27_2020,CZ,2013,85.0
A,PPS_HAB_EU27_2020,CZ,2014,88.0
A,PPS_HAB_EU27_2020,CZ,2015,89.0
A,PPS_HAB_EU27_2020,CZ,2016,89.0
A,PPS_HAB_EU27_2020,CZ,2017,92.0
A,PPS_HAB_EU27_2020,CZ,2018,93.0
A,PPS_HAB_EU27_2020,CZ,2019,95.0
A,PPS_HAB_EU27_2020,CZ,2020,96.0
A,PPS_HAB_EU27_2020,CZ,2021,92.0
A,PPS_HAB_EU27_2020,CZ,2022,90.0
A,PPS_HAB_EU27_2020,CZ,2023,91.0
A,PPS_HAB_EU27_2020,CZ,2024,91.0
A,PPS_HAB_EU27_2020,CZ0,2010,85.0
A,PPS_HAB_EU27_2020,CZ0,2011,84.0
A,PPS_HAB_EU27_2020,CZ0,2012,84.0
A,PPS_HAB_EU27_2020,CZ0,2013,85.0
A,PPS_HAB_EU27_2020,CZ0,2014,88.0
A,PPS_HAB_EU27_2020,CZ0,2015,89.0
A,PPS_HAB_EU27_2020,CZ0,2016,89.0
A,PPS_HAB_EU27_2020,CZ0,2017,92.0
A,PPS_HAB_EU27_2020,CZ0,2018,93.0
A,PPS_HAB_EU27_2020,CZ0,2019,95.0
A,PPS_HAB_EU27_2020,CZ0,2020,96.0
A,PPS_HAB_EU27_2020,CZ0,2021,92.0
A,PPS_HAB_EU27_2020,CZ0,2022,90.0
A,PPS_HAB_EU27_2020,CZ0,2023,91.0
A,PPS_HAB_EU27_2020,CZ0,2024,91.0
A,PPS_HAB_EU27_2020,CZ01,2010,190.0
A,PPS_HAB_EU27_2020,CZ01,2011,184.0
A,PPS_HAB_EU27_2020,CZ01,2012,183.0
A,PPS_HAB_EU27_2020,CZ01,2013,188.0
A,PPS_HAB_EU27_2020,CZ01,2014,192.0
A,PPS_HAB_EU27_2020,CZ01,2015,195.0
A,PPS_HAB_EU27_2020,CZ01,2016,197.0
A,PPS_HAB_EU27_2020,CZ01,2017,200.0
A,PPS_HAB_EU27_2020,CZ01,2018,206.0
A,PPS_HAB_EU27_2020,CZ01,2019,209.0
A,PPS_HAB_EU27_2020,CZ01,2020,211.0
A,PPS_HAB_EU27_2020,CZ01,2021,206.0
A,PPS_HAB_EU27_2020,CZ01,2022,200.0
A,PPS_HAB_EU27_2020,CZ01,2023,197.0
A,PPS_HAB_EU27_2020,CZ01,2024,192.0
A,PPS_HAB_EU27_2020,CZ02,2010,77.0
A,PPS_HAB_EU27_2020,CZ02,2011,78.0
A,PPS_HAB_EU27_2020,CZ02,2012,78.0
A,PPS_HAB_EU27_2020,CZ02,2013,77.0
A,PPS_HAB_EU27_2020,CZ02,2014,81.0
A,PPS_HAB_EU27_2020,CZ02,2015,81.0
A,PPS_HAB_EU27_2020,CZ02,2016,83.0
A,PPS_HAB_EU27_2020,CZ02,2017,86.0
A,PPS_HAB_EU27_2020,CZ02,2018,85.0
A,PPS_HAB_EU27_2020,CZ02,2019,89.0
A,PPS_HAB_EU27_2020,CZ02,2020,87.0
A,PPS_HAB_EU27_2020,CZ02,2021,83.0
A,PPS_HAB_EU27_2020,CZ02,2022,80.0
A,PPS_HAB_EU27_2020,CZ02,2023,82.0
A,PPS_HAB_EU27_2020,CZ02,2024,84.0
A,PPS_HAB_EU27_2020,CZ03,2010,73.0
A,PPS_HAB_EU27_2020,CZ03,2011,73.0
A,PPS_HAB_EU27_2020,CZ03,2012,72.0
A,PPS_HAB_EU27_2020,CZ03,2013,74.0
A,PPS_HAB_EU27_2020,CZ03,2014,76.0
A,PPS_HAB_EU27_2020,CZ03,2015,76.0
A,PPS_HAB_EU27_2020,CZ03,2016,76.0
A,PPS_HAB_EU27_2020,CZ03,2017,79.0
A,PPS_HAB_EU27_2020,CZ03,2018,79.0
A,PPS_HAB_EU27_2020,CZ03,2019,80.0
A,PPS_HAB_EU27_2020,CZ03,2020,81.0
A,PPS_HAB_EU27_2020,CZ03,2021,77.0
A,PPS_HAB_EU27_2020,CZ03,2022,75.0
A,PPS_HAB_EU27_2020,CZ03,2023,77.0
A,PPS_HAB_EU27_2020,CZ03,2024,75.0
A,PPS_HAB_EU27_2020,CZ04,2010,63.0
A,PPS_HAB_EU27_2020,CZ04,2011,62.0
A,PPS_HAB_EU27_2020,CZ04,2012,62.0
A,PPS_HAB_EU27_2020,CZ04,2013,62.0
A,PPS_HAB_EU27_2020,CZ04,2014,62.0
A,PPS_HAB_EU27_2020,CZ04,2015,64.0
A,PPS_HAB_EU27_2020,CZ04,2016,62.0
A,PPS_HAB_EU27_2020,CZ04,2017,64.0
A,PPS_HAB_EU27_2020,CZ04,2018,63.0
A,PPS_HAB_EU27_2020,CZ04,2019,65.0
A,PPS_HAB_EU27_2020,CZ04,2020,65.0
A,PPS_HAB_EU27_2020,CZ04,2021,61.0
A,PPS_HAB_EU27_2020,CZ04,2022,62.0
A,PPS_HAB_EU27_2020,CZ04,2023,62.0
A,PPS_HAB_EU27_2020,CZ04,2024,61.0
A,PPS_HAB_EU27_2020,CZ05,2010,68.0
A,PPS_HAB_EU27_2020,CZ05,2011,68.0
A,PPS_HAB_EU27_2020,CZ05,2012,67.0
A,PPS_HAB_EU27_2020,CZ05,2013,69.0
A,PPS_HAB_EU27_2020,CZ05,2014,71.0
A,PPS_HAB_EU27_2020,CZ05,2015,72.0
A,PPS_HAB_EU27_2020,CZ05,2016,73.0
A,PPS_HAB_EU27_2020,CZ05,2017,76.0
A,PPS_HAB_EU27_2020,CZ05,2018,76.0
A,PPS_HAB_EU27_2020,CZ05,2019,78.0
A,PPS_HAB_EU27_2020,CZ05,2020,80.0
A,PPS_HAB_EU27_2020,CZ05,2021,74.0
A,PPS_HAB_EU27_2020,CZ05,2022,71.0
A,PPS_HAB_EU27_2020,CZ05,2023,74.0
A,PPS_HAB_EU27_2020,CZ05,2024,75.0
A,PPS_HAB_EU27_2020,CZ06,2010,76.0
A,PPS_HAB_EU27_2020,CZ06,2011,76.0
A,PPS_HAB_EU27_2020,CZ06,2012,77.0
A,PPS_HAB_EU27_2020,CZ06,2013,80.0
A,PPS_HAB_EU27_2020,CZ06,2014,80.0
A,PPS_HAB_EU27_2020,CZ06,2015,81.0
A,PPS_HAB_EU27_2020,CZ06,2016,80.0
A,PPS_HAB_EU27_2020,CZ06,2017,82.0
A,PPS_HAB_EU27_2020,CZ06,2018,84.0
A,PPS_HAB_EU27_2020,CZ06,2019,86.0
A,PPS_HAB_EU27_2020,CZ06,2020,89.0
A,PPS_HAB_EU27_2020,CZ06,2021,86.0
A,PPS_HAB_EU27_2020,CZ06,2022,83.0
A,PPS_HAB_EU27_2020,CZ06,2023,85.0
A,PPS_HAB_EU27_2020,CZ06,2024,84.0
A,PPS_HAB_EU27_2020,CZ07,2010,65.0
A,PPS_HAB_EU27_2020,CZ07,2011,66.0
A,PPS_HAB_EU27_2020,CZ07,2012,66.0
A,PPS_HAB_EU27_2020,CZ07,2013,67.0
A,PPS_HAB_EU27_2020,CZ07,2014,70.0
A,PPS_HAB_EU27_2020,CZ07,2015,71.0
A,PPS_HAB_EU27_2020,CZ07,2016,72.0
A,PPS_HAB_EU27_2020,CZ07,2017,74.0
A,PPS_HAB_EU27_2020,CZ07,2018,74.0
A,PPS_HAB_EU27_2020,CZ07,2019,76.0
A,PPS_HAB_EU27_2020,CZ07,2020,77.0
A,PPS_HAB_EU27_2020,CZ07,2021,73.0
A,PPS_HAB_EU27_2020,CZ07,2022,72.0
A,PPS_HAB_EU27_2020,CZ07,2023,74.0
A,PPS_HAB_EU27_2020,CZ07,2024,74.0
A,PPS_HAB_EU27_2020,CZ08,2010,68.0
A,PPS_HAB_EU27_2020,CZ08,2011,70.0
A,PPS_HAB_EU27_2020,CZ08,2012,70.0
A,PPS_HAB_EU27_2020,CZ08,2013,69.0
A,PPS_HAB_EU27_2020,CZ08,2014,72.0
A,PPS_HAB_EU27_2020,CZ08,2015,72.0
A,PPS_HAB_EU27_2020,CZ08,2016,73.0
A,PPS_HAB_EU27_2020,CZ08,2017,74.0
A,PPS_HAB_EU27_2020,CZ08,2018,75.0
A,PPS_HAB_EU27_2020,CZ08,2019,74.0
A,PPS_HAB_EU27_2020,CZ08,2020,73.0
A,PPS_HAB_EU27_2020,CZ08,2021,71.0
A,PPS_HAB_EU27_2020,CZ08,2022,70.0
A,PPS_HAB_EU27_2020,CZ08,2023,70.0
A,PPS_HAB_EU27_2020,CZ08,2024,71.0
A,PPS_HAB_EU27_2020,DE,2010,122.0
A,PPS_HAB_EU27_2020,DE,2011,125.0
A,PPS_HAB_EU27_2020,DE,2012,126.0
A,PPS_HAB_EU27_2020,DE,2013,126.0
A,PPS_HAB_EU27_2020,DE,2014,128.0
A,PPS_HAB_EU27_2020,DE,2015,126.0
A,PPS_HAB_EU27_2020,DE,2016,126.0
A,PPS_HAB_EU27_2020,DE,2017,126.0
A,PPS_HAB_EU27_2020,DE,2018,126.0
A,PPS_HAB_EU27_2020,DE,2019,123.0
A,PPS_HAB_EU27_2020,DE,2020,124.0
A,PPS_HAB_EU27_2020,DE,2021,122.0
A,PPS_HAB_EU27_2020,DE,2022,120.0
A,PPS_HAB_EU27_2020,DE,2023,118.0
A,PPS_HAB_EU27_2020,DE,2024,116.0
A,PPS_HAB_EU27_2020,DE1,2010,139.0
A,PPS_HAB_EU27_2020,DE1,2011,144.0
A,PPS_HAB_EU27_2020,DE1,2012,144.0
A,PPS_HAB_EU27_2020,DE1,2013,145.0
A,PPS_HAB_EU27_2020,DE1,2014,146.0
A,PPS_HAB_EU27_2020,DE1,2015,145.0
A,PPS_HAB_EU27_2020,DE1,2016,144.0
A,PPS_HAB_EU27_2020,DE1,2017,144.0
A,PPS_HAB_EU27_2020,DE1,2018,144.0
A,PPS_HAB_EU27_2020,DE1,2019,139.0
A,PPS_HAB_EU27_2020,DE1,2020,139.0
A,PPS_HAB_EU27_2020,DE1,2021,137.0
A,PPS_HAB_EU27_2020,DE1,2022,135.0
A,PPS_HAB_EU27_2020,DE1,2023,133.0
A,PPS_HAB_EU27_2020,DE1,2024,131.0
A,PPS_HAB_EU27_2020,DE11,2010,155.0
A,PPS_HAB_EU27_2020,DE11,2011,161.0
A,PPS_HAB_EU27_2020,DE11,2012,163.0
A,PPS_HAB_EU27_2020,DE11,2013,164.0
A,PPS_HAB_EU27_2020,DE11,2014,165.0
A,PPS_HAB_EU27_2020,DE11,2015,165.0
A,PPS_HAB_EU27_2020,DE11,2016,163.0
A,PPS_HAB_EU27_2020,DE11,2017,165.0
A,PPS_HAB_EU27_2020,DE11,2018,166.0
A,PPS_HAB_EU27_2020,DE11,2019,158.0
A,PPS_HAB_EU27_2020,DE11,2020,158.0
A,PPS_HAB_EU27_2020,DE11,2021,159.0
A,PPS_HAB_EU27_2020,DE11,2022,157.0
A,PPS_HAB_EU27_2020,DE11,2023,156.0
A,PPS_HAB_EU27_2020,DE11,2024,153.0
A,PPS_HAB_EU27_2020,DE12,2010,140.0
A,PPS_HAB_EU27_2020,DE12,2011,142.0
A,PPS_HAB_EU27_2020,DE12,2012,142.0
A,PPS_HAB_EU27_2020,DE12,2013,141.0
A,PPS_HAB_EU27_2020,DE12,2014,143.0
A,PPS_HAB_EU27_2020,DE12,2015,141.0
A,PPS_HAB_EU27_2020,DE12,2016,139.0
A,PPS_HAB_EU27_2020,DE12,2017,139.0
A,PPS_HAB_EU27_2020,DE12,2018,139.0
A,PPS_HAB_EU27_2020,DE12,2019,136.0
A,PPS_HAB_EU27_2020,DE12,2020,135.0
A,PPS_HAB_EU27_2020,DE12,2021,131.0
A,PPS_HAB_EU27_2020,DE12,2022,129.0
A,PPS_HAB_EU27_2020,DE12,2023,126.0
A,PPS_HAB_EU27_2020,DE12,2024,124.0
A,PPS_HAB_EU27_2020,DE13,2010,117.0
A,PPS_HAB_EU27_2020,DE13,2011,121.0
A,PPS_HAB_EU27_2020,DE13,2012,121.0
A,PPS_HAB_EU27_2020,DE13,2013,123.0
A,PPS_HAB_EU27_2020,DE13,2014,125.0
A,PPS_HAB_EU27_2020,DE13,2015,122.0
A,PPS_HAB_EU27_2020,DE13,2016,121.0
A,PPS_HAB_EU27_2020,DE13,2017,121.0
A,PPS_HAB_EU27_2020,DE13,2018,120.0
A,PPS_HAB_EU27_2020,DE13,2019,118.0
A,PPS_HAB_EU27_2020,DE13,2020,117.0
A,PPS_HAB_EU27_2020,DE13,2021,112.0
A,PPS_HAB_EU27_2020,DE13,2022,108.0
A,PPS_HAB_EU27_2020,DE13,2023,107.0
A,PPS_HAB_EU27_2020,DE13,2024,105.0
A,PPS_HAB_EU27_2020,DE14,2010,129.0
A,PPS_HAB_EU27_2020,DE14,2011,134.0
A,PPS_HAB_EU27_2020,DE14,2012,135.0
A,PPS_HAB_EU27_2020,DE14,2013,136.0
A,PPS_HAB_EU27_2020,DE14,2014,137.0
A,PPS_HAB_EU27_2020,DE14,2015,134.0
A,PPS_HAB_EU27_2020,DE14,2016,136.0
A,PPS_HAB_EU27_2020,DE14,2017,135.0
A,PPS_HAB_EU27_2020,DE14,2018,135.0
A,PPS_HAB_EU27_2020,DE14,2019,131.0
A,PPS_HAB_EU27_2020,DE14,2020,133.0
A,PPS_HAB_EU27_2020,DE14,2021,130.0
A,PPS_HAB_EU27_2020,DE14,2022,126.0
A,PPS_HAB_EU27_2020,DE14,2023,124.0
A,PPS_HAB_EU27_2020,DE14,2024,122.0
A,PPS_HAB_EU27_2020,DE2,2010,139.0
A,PPS_HAB_EU27_2020,DE2,2011,144.0
A,PPS_HAB_EU27_2020,DE2,2012,146.0
A,PPS_HAB_EU27_2020,DE2,2013,147.0
A,PPS_HAB_EU27_2020,DE2,2014,149.0
A,PPS_HAB_EU27_2020,DE2,2015,148.0
A,PPS_HAB_EU27_2020,DE2,2016,149.0
A,PPS_HAB_EU27_2020,DE2,2017,149.0
A,PPS_HAB_EU27_2020,DE2,2018,147.0
A,PPS_HAB_EU27_2020,DE2,2019,144.0
A,PPS_HAB_EU27_2020,DE2,2020,146.0
A,PPS_HAB_EU27_2020,DE2,2021,142.0
A,PPS_HAB_EU27_2020,DE2,2022,139.0
A,PPS_HAB_EU27_2020,DE2,2023,138.0
A,PPS_HAB_EU27_2020,DE2,2024,135.0
A,PPS_HAB_EU27_2020,DE21,2010,173.0
A,PPS_HAB_EU27_2020,DE21,2011,179.0
A,PPS_HAB_EU27_2020,DE21,2012,180.0
A,PPS_HAB_EU27_2020,DE21,2013,183.0
A,PPS_HAB_EU27_2020,DE21,2014,184.0
A,PPS_HAB_EU27_2020,DE21,2015,183.0
A,PPS_HAB_EU27_2020,DE21,2016,183.0
A,PPS_HAB_EU27_2020,DE21,2017,184.0
A,PPS_HAB_EU27_2020,DE21,2018,181.0
A,PPS_HAB_EU27_2020,DE21,2019,178.0
A,PPS_HAB_EU27_2020,DE21,2020,178.0
A,PPS_HAB_EU27_2020,DE21,2021,177.0
A,PPS_HAB_EU27_2020,DE21,2022,175.0
A,PPS_HAB_EU27_2020,DE21,2023,174.0
A,PPS_HAB_EU27_2020,DE21,2024,170.0
A,PPS_HAB_EU27_2020,DE22,2010,118.0
A,PPS_HAB_EU27_2020,DE22,2011,123.0
A,PPS_HAB_EU27_2020,DE22,2012,122.0
A,PPS_HAB_EU27_2020,DE22,2013,123.0
A,PPS_HAB_EU27_2020,DE22,2014,127.0
A,PPS_HAB_EU27_2020,DE22,2015,124.0
A,PPS_HAB_EU27_2020,DE22,2016,124.0
A,PPS_HAB_EU27_2020,DE22,2017,124.0
A,PPS_HAB_EU27_2020,DE22,2018,122.0
A,PPS_HAB_EU27_2020,DE22,2019,120.0
A,PPS_HAB_EU27_2020,DE22,2020,122.0
A,PPS_HAB_EU27_2020,DE22,2021,119.0
A,PPS_HAB_EU27_2020,DE22,2022,118.0
A,PPS_HAB_EU27_2020,DE22,2023,116.0
A,PPS_HAB_EU27_2020,DE22,2024,113.0
A,PPS_HAB_EU27_2020,DE23,2010,123.0
A,PPS_HAB_EU27_2020,DE23,2011,127.0
A,PPS_HAB_EU27_2020,DE23,2012,129.0
A,PPS_HAB_EU27_2020,DE23,2013,130.0
A,PPS_HAB_EU27_2020,DE23,2014,135.0
A,PPS_HAB_EU27_2020,DE23,2015,132.0
A,PPS_HAB_EU27_2020,DE23,2016,132.0
A,PPS_HAB_EU27_2020,DE23,2017,134.0
A,PPS_HAB_EU27_2020,DE23,2018,133.0
A,PPS_HAB_EU27_2020,DE23,2019,129.0
A,PPS_HAB_EU27_2020,DE23,2020,132.0
A,PPS_HAB_EU27_2020,DE23,2021,129.0
A,PPS_HAB_EU27_2020,DE23,2022,126.0
A,PPS_HAB_EU27_2020,DE23,2023,126.0
A,PPS_HAB_EU27_2020,DE23,2024,122.0
A,PPS_HAB_EU27_2020,DE24,2010,110.0
A,PPS_HAB_EU27_2020,DE24,2011,114.0
A,PPS_HAB_EU27_2020,DE24,2012,115.0
A,PPS_HAB_EU27_2020,DE24,2013,116.0
A,PPS_HAB_EU27_2020,DE24,2014,118.0
A,PPS_HAB_EU27_2020,DE24,2015,119.0
A,PPS_HAB_EU27_2020,DE24,2016,119.0
A,PPS_HAB_EU27_2020,DE24,2017,119.0
A,PPS_HAB_EU27_2020,DE24,2018,119.0
A,PPS_HAB_EU27_2020,DE24,2019,117.0
A,PPS_HAB_EU27_2020,DE24,2020,119.0
A,PPS_HAB_EU27_2020,DE24,2021,116.0
A,PPS_HAB_EU27_2020,DE24,2022,112.0
A,PPS_HAB_EU27_2020,DE24,2023,111.0
A,PPS_HAB_EU27_2020,DE24,2024,109.0
A,PPS_HAB_EU27_2020,DE25,2010,133.0
A,PPS_HAB_EU27_2020,DE25,2011,137.0
A,PPS_HAB_EU27_2020,DE25,2012,140.0
A,PPS_HAB_EU27_2020,DE25,2013,141.0
A,PPS_HAB_EU27_2020,DE25,2014,143.0
A,PPS_HAB_EU27_2020,DE25,2015,141.0
A,PPS_HAB_EU27_2020,DE25,2016,142.0
A,PPS_HAB_EU27_2020,DE25,2017,141.0
A,PPS_HAB_EU27_2020,DE25,2018,142.0
A,PPS_HAB_EU27_2020,DE25,2019,138.0
A,PPS_HAB_EU27_2020,DE25,2020,139.0
A,PPS_HAB_EU27_2020,DE25,2021,135.0
A,PPS_HAB_EU27_2020,DE25,2022,130.0
A,PPS_HAB_EU27_2020,DE25,2023,129.0
A,PPS_HAB_EU27_2020,DE25,2024,126.0
A,PPS_HAB_EU27_2020,DE26,2010,120.0
A,PPS_HAB_EU27_2020,DE26,2011,126.0
A,PPS_HAB_EU27_2020,DE26,2012,127.0
A,PPS_HAB_EU27_2020,DE26,2013,127.0
A,PPS_HAB_EU27_2020,DE26,2014,129.0
A,PPS_HAB_EU27_2020,DE26,2015,127.0
A,PPS_HAB_EU27_2020,DE26,2016,129.0
A,PPS_HAB_EU27_2020,DE26,2017,129.0
A,PPS_HAB_EU27_2020,DE26,2018,127.0
A,PPS_HAB_EU27_2020,DE26,2019,124.0
A,PPS_HAB_EU27_2020,DE26,2020,125.0
A,PPS_HAB_EU27_2020,DE26,2021,119.0
A,PPS_HAB_EU27_2020,DE26,2022,118.0
A,PPS_HAB_EU27_2020,DE26,2023,118.0
A,PPS_HAB_EU27_2020,DE26,2024,115.0
A,PPS_HAB_EU27_2020,DE27,2010,118.0
A,PPS_HAB_EU27_2020,DE27,2011,122.0
A,PPS_HAB_EU27_2020,DE27,2012,124.0
A,PPS_HAB_EU27_2020,DE27,2013,124.0
A,PPS_HAB_EU27_2020,DE27,2014,126.0
A,PPS_HAB_EU27_2020,DE27,2015,125.0
A,PPS_HAB_EU27_2020,DE27,2016,126.0
A,PPS_HAB_EU27_2020,DE27,2017,124.0
A,PPS_HAB_EU27_2020,DE27,2018,122.0
A,PPS_HAB_EU27_2020,DE27,2019,122.0
A,PPS_HAB_EU27_2020,DE27,2020,123.0
A,PPS_HAB_EU27_2020,DE27,2021,117.0
A,PPS_HAB_EU27_2020,DE27,2022,113.0
A,PPS_HAB_EU27_2020,DE27,2023,112.0
A,PPS_HAB_EU27_2020,DE27,2024,109.0
A,PPS_HAB_EU27_2020,DE3,2010,120.0
A,PPS_HAB_EU27_2020,DE3,2011,122.0
A,PPS_HAB_EU27_2020,DE3,2012,121.0
A,PPS_HAB_EU27_2020,DE3,2013,122.0
A,PPS_HAB_EU27_2020,DE3,2014,124.0
A,PPS_HAB_EU27_2020,DE3,2015,125.0
A,PPS_HAB_EU27_2020,DE3,2016,126.0
A,PPS_HAB_EU27_2020,DE3,2017,127.0
A,PPS_HAB_EU27_2020,DE3,2018,129.0
A,PPS_HAB_EU27_2020,DE3,2019,128.0
A,PPS_HAB_EU27_2020,DE3,2020,132.0
A,PPS_HAB_EU27_2020,DE3,2021,131.0
A,PPS_HAB_EU27_2020,DE3,2022,128.0
A,PPS_HAB_EU27_2020,DE3,2023,127.0
A,PPS_HAB_EU27_2020,DE3,2024,127.0
A,PPS_HAB_EU27_2020,DE30,2010,120.0
A,PPS_HAB_EU27_2020,DE30,2011,122.0
A,PPS_HAB_EU27_2020,DE30,2012,121.0
A,PPS_HAB_EU27_2020,DE30,2013,122.0
A,PPS_HAB_EU27_2020,DE30,2014,124.0
A,PPS_HAB_EU27_2020,DE30,2015,125.0
A,PPS_HAB_EU27_2020,DE30,2016,126.0
A,PPS_HAB_EU27_2020,DE30,2017,127.0
A,PPS_HAB_EU27_2020,DE30,2018,129.0
A,PPS_HAB_EU27_2020,DE30,2019,128.0
A,PPS_HAB_EU27_2020,DE30,2020,132.0
A,PPS_HAB_EU27_2020,DE30,2021,131.0
A,PPS_HAB_EU27_2020,DE30,2022,128.0
A,PPS_HAB_EU27_2020,DE30,2023,127.0
A,PPS_HAB_EU27_2020,DE30,2024,127.0
A,PPS_HAB_EU27_2020,DE4,2010,87.0
A,PPS_HAB_EU27_2020,DE4,2011,88.0
A,PPS_HAB_EU27_2020,DE4,2012,90.0
A,PPS_HAB_EU27_2020,DE4,2013,90.0
A,PPS_HAB_EU27_2020,DE4,2014,93.0
A,PPS_HAB_EU27_2020,DE4,2015,90.0
A,PPS_HAB_EU27_2020,DE4,2016,90.0
A,PPS_HAB_EU27_2020,DE4,2017,90.0
A,PPS_HAB_EU27_2020,DE4,2018,89.0
A,PPS_HAB_EU27_2020,DE4,2019,88.0
A,PPS_HAB_EU27_2020,DE4,2020,90.0
A,PPS_HAB_EU27_2020,DE4,2021,88.0
A,PPS_HAB_EU27_2020,DE4,2022,88.0
A,PPS_HAB_EU27_2020,DE4,2023,87.0
A,PPS_HAB_EU27_2020,DE4,2024,86.0
A,PPS_HAB_EU27_2020,DE40,2010,87.0
A,PPS_HAB_EU27_2020,DE40,2011,88.0
A,PPS_HAB_EU27_2020,DE40,2012,90.0
A,PPS_HAB_EU27_2020,DE40,2013,90.0
A,PPS_HAB_EU27_2020,DE40,2014,93.0
A,PPS_HAB_EU27_2020,DE40,2015,90.0
A,PPS_HAB_EU27_2020,DE40,2016,90.0
A,PPS_HAB_EU27_2020,DE40,2017,90.0
A,PPS_HAB_EU27_2020,DE40,2018,89.0
A,PPS_HAB_EU27_2020,DE40,2019,88.0
A,PPS_HAB_EU27_2020,DE40,2020,90.0
A,PPS_HAB_EU27_2020,DE40,2021,88.0
A,PPS_HAB_EU27_2020,DE40,2022,88.0
A,PPS_HAB_EU27_2020,DE40,2023,87.0
A,PPS_HAB_EU27_2020,DE40,2024,86.0
A,PPS_HAB_EU27_2020,DE5,2010,155.0
A,PPS_HAB_EU27_2020,DE5,2011,156.0
A,PPS_HAB_EU27_2020,DE5,2012,161.0
A,PPS_HAB_EU27_2020,DE5,2013,159.0
A,PPS_HAB_EU27_2020,DE5,2014,160.0
A,PPS_HAB_EU27_2020,DE5,2015,154.0
A,PPS_HAB_EU27_2020,DE5,2016,152.0
A,PPS_HAB_EU27_2020,DE5,2017,149.0
A,PPS_HAB_EU27_2020,DE5,2018,146.0
A,PPS_HAB_EU27_2020,DE5,2019,139.0
A,PPS_HAB_EU27_2020,DE5,2020,140.0
A,PPS_HAB_EU27_2020,DE5,2021,140.0
A,PPS_HAB_EU27_2020,DE5,2022,141.0
A,PPS_HAB_EU27_2020,DE5,2023,135.0
A,PPS_HAB_EU27_2020,DE5,2024,132.0
A,PPS_HAB_EU27_2020,DE50,2010,155.0
A,PPS_HAB_EU27_2020,DE50,2011,156.0
A,PPS_HAB_EU27_2020,DE50,2012,161.0
A,PPS_HAB_EU27_2020,DE50,2013,159.0
A,PPS_HAB_EU27_2020,DE50,2014,160.0
A,PPS_HAB_EU27_2020,DE50,2015,154.0
A,PPS_HAB_EU27_2020,DE50,2016,152.0
A,PPS_HAB_EU27_2020,DE50,2017,149.0
A,PPS_HAB_EU27_2020,DE50,2018,146.0
A,PPS_HAB_EU27_2020,DE50,2019,139.0
A,PPS_HAB_EU27_2020,DE50,2020,140.0
A,PPS_HAB_EU27_2020,DE50,2021,140.0
A,PPS_HAB_EU27_2020,DE50,2022,141.0
A,PPS_HAB_EU27_2020,DE50,2023,135.0
A,PPS_HAB_EU27_2020,DE50,2024,132.0
A,PPS_HAB_EU27_2020,DE6,2010,214.0
A,PPS_HAB_EU27_2020,DE6,2011,211.0
A,PPS_HAB_EU27_2020,DE6,2012,212.0
A,PPS_HAB_EU27_2020,DE6,2013,217.0
A,PPS_HAB_EU27_2020,DE6,2014,216.0
A,PPS_HAB_EU27_2020,DE6,2015,214.0
A,PPS_HAB_EU27_2020,DE6,2016,211.0
A,PPS_HAB_EU27_2020,DE6,2017,212.0
A,PPS_HAB_EU27_2020,DE6,2018,209.0
A,PPS_HAB_EU27_2020,DE6,2019,207.0
A,PPS_HAB_EU27_2020,DE6,2020,205.0
A,PPS_HAB_EU27_2020,DE6,2021,209.0
A,PPS_HAB_EU27_2020,DE6,2022,216.0
A,PPS_HAB_EU27_2020,DE6,2023,195.0
A,PPS_HAB_EU27_2020,DE6,2024,196.0
A,PPS_HAB_EU27_2020,DE60,2010,214.0
A,PPS_HAB_EU27_2020,DE60,2011,211.0
A,PPS_HAB_EU27_2020,DE60,2012,212.0
A,PPS_HAB_EU27_2020,DE60,2013,217.0
A,PPS_HAB_EU27_2020,DE60,2014,216.0
A,PPS_HAB_EU27_2020,DE60,2015,214.0
A,PPS_HAB_EU27_2020,DE60,2016,211.0
A,PPS_HAB_EU27_2020,DE60,2017,212.0
A,PPS_HAB_EU27_2020,DE60,2018,209.0
A,PPS_HAB_EU27_2020,DE60,2019,207.0
A,PPS_HAB_EU27_2020,DE60,2020,205.0
A,PPS_HAB_EU27_2020,DE60,2021,209.0
A,PPS_HAB_EU27_2020,DE60,2022,216.0
A,PPS_HAB_EU27_2020,DE60,2023,195.0
A,PPS_HAB_EU27_2020,DE60,2024,196.0
A,PPS_HAB_EU27_2020,DE7,2010,146.0
A,PPS_HAB_EU27_2020,DE7,2011,149.0
A,PPS_HAB_EU27_2020,DE7,2012,147.0
A,PPS_HAB_EU27_2020,DE7,2013,148.0
A,PPS_HAB_EU27_2020,DE7,2014,150.0
A,PPS_HAB_EU27_2020,DE7,2015,147.0
A,PPS_HAB_EU27_2020,DE7,2016,148.0
A,PPS_HAB_EU27_2020,DE7,2017,146.0
A,PPS_HAB_EU27_2020,DE7,2018,144.0
A,PPS_HAB_EU27_2020,DE7,2019,141.0
A,PPS_HAB_EU27_2020,DE7,2020,141.0
A,PPS_HAB_EU27_2020,DE7,2021,139.0
A,PPS_HAB_EU27_2020,DE7,2022,135.0
A,PPS_HAB_EU27_2020,DE7,2023,133.0
A,PPS_HAB_EU27_2020,DE7,2024,132.0
A,PPS_HAB_EU27_2020,DE71,2010,168.0
A,PPS_HAB_EU27_2020,DE71,2011,171.0
A,PPS_HAB_EU27_2020,DE71,2012,168.0
A,PPS_HAB_EU27_2020,DE71,2013,169.0
A,PPS_HAB_EU27_2020,DE71,2014,171.0
A,PPS_HAB_EU27_2020,DE71,2015,166.0
A,PPS_HAB_EU27_2020,DE71,2016,167.0
A,PPS_HAB_EU27_2020,DE71,2017,165.0
A,PPS_HAB_EU27_2020,DE71,2018,162.0
A,PPS_HAB_EU27_2020,DE71,2019,157.0
A,PPS_HAB_EU27_2020,DE71,2020,158.0
A,PPS_HAB_EU27_2020,DE71,2021,155.0
A,PPS_HAB_EU27_2020,DE71,2022,151.0
A,PPS_HAB_EU27_2020,DE71,2023,149.0
A,PPS_HAB_EU27_2020,DE71,2024,148.0
A,PPS_HAB_EU27_2020,DE72,2010,105.0
A,PPS_HAB_EU27_2020,DE72,2011,108.0
A,PPS_HAB_EU27_2020,DE72,2012,108.0
A,PPS_HAB_EU27_2020,DE72,2013,108.0
A,PPS_HAB_EU27_2020,DE72,2014,111.0
A,PPS_HAB_EU27_2020,DE72,2015,108.0
A,PPS_HAB_EU27_2020,DE72,2016,108.0
A,PPS_HAB_EU27_2020,DE72,2017,109.0
A,PPS_HAB_EU27_2020,DE72,2018,109.0
A,PPS_HAB_EU27_2020,DE72,2019,107.0
A,PPS_HAB_EU27_2020,DE72,2020,109.0
A,PPS_HAB_EU27_2020,DE72,2021,105.0
A,PPS_HAB_EU27_2020,DE72,2022,100.0
A,PPS_HAB_EU27_2020,DE72,2023,101.0
A,PPS_HAB_EU27_2020,DE72,2024,100.0
A,PPS_HAB_EU27_2020,DE73,2010,111.0
A,PPS_HAB_EU27_2020,DE73,2011,114.0
A,PPS_HAB_EU27_2020,DE73,2012,114.0
A,PPS_HAB_EU27_2020,DE73,2013,116.0
A,PPS_HAB_EU27_2020,DE73,2014,117.0
A,PPS_HAB_EU27_2020,DE73,2015,116.0
A,PPS_HAB_EU27_2020,DE73,2016,118.0
A,PPS_HAB_EU27_2020,DE73,2017,115.0
A,PPS_HAB_EU27_2020,DE73,2018,114.0
A,PPS_HAB_EU27_2020,DE73,2019,114.0
A,PPS_HAB_EU27_2020,DE73,2020,114.0
A,PPS_HAB_EU27_2020,DE73,2021,111.0
A,PPS_HAB_EU27_2020,DE73,2022,110.0
A,PPS_HAB_EU27_2020,DE73,2023,109.0
A,PPS_HAB_EU27_2020,DE73,2024,108.0
A,PPS_HAB_EU27_2020,DE8,2010,82.0
A,PPS_HAB_EU27_2020,DE8,2011,84.0
A,PPS_HAB_EU27_2020,DE8,2012,84.0
A,PPS_HAB_EU27_2020,DE8,2013,85.0
A,PPS_HAB_EU27_2020,DE8,2014,88.0
A,PPS_HAB_EU27_2020,DE8,2015,85.0
A,PPS_HAB_EU27_2020,DE8,2016,85.0
A,PPS_HAB_EU27_2020,DE8,2017,89.0
A,PPS_HAB_EU27_2020,DE8,2018,87.0
A,PPS_HAB_EU27_2020,DE8,2019,88.0
A,PPS_HAB_EU27_2020,DE8,2020,90.0
A,PPS_HAB_EU27_2020,DE8,2021,88.0
A,PPS_HAB_EU27_2020,DE8,2022,89.0
A,PPS_HAB_EU27_2020,DE8,2023,87.0
A,PPS_HAB_EU27_2020,DE8,2024,88.0
A,PPS_HAB_EU27_2020,DE80,2010,82.0
A,PPS_HAB_EU27_2020,DE80,2011,84.0
A,PPS_HAB_EU27_2020,DE80,2012,84.0
A,PPS_HAB_EU27_2020,DE80,2013,85.0
A,PPS_HAB_EU27_2020,DE80,2014,88.0
A,PPS_HAB_EU27_2020,DE80,2015,85.0
A,PPS_HAB_EU27_2020,DE80,2016,85.0
A,PPS_HAB_EU27_2020,DE80,2017,89.0
A,PPS_HAB_EU27_2020,DE80,2018,87.0
A,PPS_HAB_EU27_2020,DE80,2019,88.0
A,PPS_HAB_EU27_2020,DE80,2020,90.0
A,PPS_HAB_EU27_2020,DE80,2021,88.0
A,PPS_HAB_EU27_2020,DE80,2022,89.0
A,PPS_HAB_EU27_2020,DE80,2023,87.0
A,PPS_HAB_EU27_2020,DE80,2024,88.0
A,PPS_HAB_EU27_2020,DE9,2010,111.0
A,PPS_HAB_EU27_2020,DE9,2011,114.0
A,PPS_HAB_EU27_2020,DE9,2012,116.0
A,PPS_HAB_EU27_2020,DE9,2013,115.0
A,PPS_HAB_EU27_2020,DE9,2014,117.0
A,PPS_HAB_EU27_2020,DE9,2015,113.0
A,PPS_HAB_EU27_2020,DE9,2016,117.0
A,PPS_HAB_EU27_2020,DE9,2017,116.0
A,PPS_HAB_EU27_2020,DE9,2018,116.0
A,PPS_HAB_EU27_2020,DE9,2019,114.0
A,PPS_HAB_EU27_2020,DE9,2020,115.0
A,PPS_HAB_EU27_2020,DE9,2021,111.0
A,PPS_HAB_EU27_2020,DE9,2022,109.0
A,PPS_HAB_EU27_2020,DE9,2023,108.0
A,PPS_HAB_EU27_2020,DE9,2024,107.0
A,PPS_HAB_EU27_2020,DE91,2010,136.0
A,PPS_HAB_EU27_2020,DE91,2011,143.0
A,PPS_HAB_EU27_2020,DE91,2012,143.0
A,PPS_HAB_EU27_2020,DE91,2013,143.0
A,PPS_HAB_EU27_2020,DE91,2014,147.0
A,PPS_HAB_EU27_2020,DE91,2015,135.0
A,PPS_HAB_EU27_2020,DE91,2016,154.0
A,PPS_HAB_EU27_2020,DE91,2017,146.0
A,PPS_HAB_EU27_2020,DE91,2018,150.0
A,PPS_HAB_EU27_2020,DE91,2019,146.0
A,PPS_HAB_EU27_2020,DE91,2020,143.0
A,PPS_HAB_EU27_2020,DE91,2021,133.0
A,PPS_HAB_EU27_2020,DE91,2022,125.0
A,PPS_HAB_EU27_2020,DE91,2023,130.0
A,PPS_HAB_EU27_2020,DE91,2024,129.0
A,PPS_HAB_EU27_2020,DE92,2010,117.0
A,PPS_HAB_EU27_2020,DE92,2011,119.0
A,PPS_HAB_EU27_2020,DE92,2012,120.0
A,PPS_HAB_EU27_2020,DE92,2013,118.0
A,PPS_HAB_EU27_2020,DE92,2014,123.0
A,PPS_HAB_EU27_2020,DE92,2015,119.0
A,PPS_HAB_EU27_2020,DE92,2016,122.0
A,PPS_HAB_EU27_2020,DE92,2017,121.0
A,PPS_HAB_EU27_2020,DE92,2018,120.0
A,PPS_HAB_EU27_2020,DE92,2019,118.0
A,PPS_HAB_EU27_2020,DE92,2020,120.0
A,PPS_HAB_EU27_2020,DE92,2021,117.0
A,PPS_HAB_EU27_2020,DE92,2022,112.0
A,PPS_HAB_EU27_2020,DE92,2023,112.0
A,PPS_HAB_EU27_2020,DE92,2024,112.0
A,PPS_HAB_EU27_2020,DE93,2010,84.0
A,PPS_HAB_EU27_2020,DE93,2011,87.0
A,PPS_HAB_EU27_2020,DE93,2012,89.0
A,PPS_HAB_EU27_2020,DE93,2013,90.0
A,PPS_HAB_EU27_2020,DE93,2014,90.0
A,PPS_HAB_EU27_2020,DE93,2015,88.0
A,PPS_HAB_EU27_2020,DE93,2016,87.0
A,PPS_HAB_EU27_2020,DE93,2017,88.0
A,PPS_HAB_EU27_2020,DE93,2018,89.0
A,PPS_HAB_EU27_2020,DE93,2019,88.0
A,PPS_HAB_EU27_2020,DE93,2020,91.0
A,PPS_HAB_EU27_2020,DE93,2021,88.0
A,PPS_HAB_EU27_2020,DE93,2022,88.0
A,PPS_HAB_EU27_2020,DE93,2023,85.0
A,PPS_HAB_EU27_2020,DE93,2024,84.0
A,PPS_HAB_EU27_2020,DE94,2010,107.0
A,PPS_HAB_EU27_2020,DE94,2011,110.0
A,PPS_HAB_EU27_2020,DE94,2012,112.0
A,PPS_HAB_EU27_2020,DE94,2013,111.0
A,PPS_HAB_EU27_2020,DE94,2014,112.0
A,PPS_HAB_EU27_2020,DE94,2015,109.0
A,PPS_HAB_EU27_2020,DE94,2016,110.0
A,PPS_HAB_EU27_2020,DE94,2017,111.0
A,PPS_HAB_EU27_2020,DE94,2018,110.0
A,PPS_HAB_EU27_2020,DE94,2019,108.0
A,PPS_HAB_EU27_2020,DE94,2020,111.0
A,PPS_HAB_EU27_2020,DE94,2021,108.0
A,PPS_HAB_EU27_2020,DE94,2022,110.0
A,PPS_HAB_EU27_2020,DE94,2023,106.0
A,PPS_HAB_EU27_2020,DE94,2024,105.0
A,PPS_HAB_EU27_2020,DEA,2010,120.0
A,PPS_HAB_EU27_2020,DEA,2011,122.0
A,PPS_HAB_EU27_2020,DEA,2012,122.0
A,PPS_HAB_EU27_2020,DEA,2013,122.0
A,PPS_HAB_EU27_2020,DEA,2014,125.0
A,PPS_HAB_EU27_2020,DEA,2015,122.0
A,PPS_HAB_EU27_2020,DEA,2016,121.0
A,PPS_HAB_EU27_2020,DEA,2017,121.0
A,PPS_HAB_EU27_2020,DEA,2018,121.0
A,PPS_HAB_EU27_2020,DEA,2019,117.0
A,PPS_HAB_EU27_2020,DEA,2020,119.0
A,PPS_HAB_EU27_2020,DEA,2021,115.0
A,PPS_HAB_EU27_2020,DEA,2022,113.0
A,PPS_HAB_EU27_2020,DEA,2023,110.0
A,PPS_HAB_EU27_2020,DEA,2024,109.0
A,PPS_HAB_EU27_2020,DEA1,2010,132.0
A,PPS_HAB_EU27_2020,DEA1,2011,134.0
A,PPS_HAB_EU27_2020,DEA1,2012,132.0
A,PPS_HAB_EU27_2020,DEA1,2013,132.0
A,PPS_HAB_EU27_2020,DEA1,2014,134.0
A,PPS_HAB_EU27_2020,DEA1,2015,131.0
A,PPS_HAB_EU27_2020,DEA1,2016,129.0
A,PPS_HAB_EU27_2020,DEA1,2017,129.0
A,PPS_HAB_EU27_2020,DEA1,2018,129.0
A,PPS_HAB_EU27_2020,DEA1,2019,124.0
A,PPS_HAB_EU27_2020,DEA1,2020,126.0
A,PPS_HAB_EU27_2020,DEA1,2021,122.0
A,PPS_HAB_EU27_2020,DEA1,2022,121.0
A,PPS_HAB_EU27_2020,DEA1,2023,118.0
A,PPS_HAB_EU27_2020,DEA1,2024,116.0
A,PPS_HAB_EU27_2020,DEA2,2010,131.0
A,PPS_HAB_EU27_2020,DEA2,2011,132.0
A,PPS_HAB_EU27_2020,DEA2,2012,132.0
A,PPS_HAB_EU27_2020,DEA2,2013,133.0
A,PPS_HAB_EU27_2020,DEA2,2014,135.0
A,PPS_HAB_EU27_2020,DEA2,2015,134.0
A,PPS_HAB_EU27_2020,DEA2,2016,132.0
A,PPS_HAB_EU27_2020,DEA2,2017,132.0
A,PPS_HAB_EU27_2020,DEA2,2018,133.0
A,PPS_HAB_EU27_2020,DEA2,2019,128.0
A,PPS_HAB_EU27_2020,DEA2,2020,130.0
A,PPS_HAB_EU27_2020,DEA2,2021,125.0
A,PPS_HAB_EU27_2020,DEA2,2022,123.0
A,PPS_HAB_EU27_2020,DEA2,2023,120.0
A,PPS_HAB_EU27_2020,DEA2,2024,118.0
A,PPS_HAB_EU27_2020,DEA3,2010,105.0
A,PPS_HAB_EU27_2020,DEA3,2011,107.0
A,PPS_HAB_EU27_2020,DEA3,2012,107.0
A,PPS_HAB_EU27_2020,DEA3,2013,105.0
A,PPS_HAB_EU27_2020,DEA3,2014,106.0
A,PPS_HAB_EU27_2020,DEA3,2015,104.0
A,PPS_HAB_EU27_2020,DEA3,2016,104.0
A,PPS_HAB_EU27_2020,DEA3,2017,105.0
A,PPS_HAB_EU27_2020,DEA3,2018,103.0
A,PPS_HAB_EU27_2020,DEA3,2019,102.0
A,PPS_HAB_EU27_2020,DEA3,2020,105.0
A,PPS_HAB_EU27_2020,DEA3,2021,101.0
A,PPS_HAB_EU27_2020,DEA3,2022,99.0
A,PPS_HAB_EU27_2020,DEA3,2023,97.0
A,PPS_HAB_EU27_2020,DEA3,2024,95.0
A,PPS_HAB_EU27_2020,DEA4,2010,112.0
A,PPS_HAB_EU27_2020,DEA4,2011,116.0
A,PPS_HAB_EU27_2020,DEA4,2012,117.0
A,PPS_HAB_EU27_2020,DEA4,2013,119.0
A,PPS_HAB_EU27_2020,DEA4,2014,122.0
A,PPS_HAB_EU27_2020,DEA4,2015,118.0
A,PPS_HAB_EU27_2020,DEA4,2016,118.0
A,PPS_HAB_EU27_2020,DEA4,2017,118.0
A,PPS_HAB_EU27_2020,DEA4,2018,118.0
A,PPS_HAB_EU27_2020,DEA4,2019,115.0
A,PPS_HAB_EU27_2020,DEA4,2020,120.0
A,PPS_HAB_EU27_2020,DEA4,2021,114.0
A,PPS_HAB_EU27_2020,DEA4,2022,110.0
A,PPS_HAB_EU27_2020,DEA4,2023,108.0
A,PPS_HAB_EU27_2020,DEA4,2024,106.0
A,PPS_HAB_EU27_2020,DEA5,2010,108.0
A,PPS_HAB_EU27_2020,DEA5,2011,111.0
A,PPS_HAB_EU27_2020,DEA5,2012,111.0
A,PPS_HAB_EU27_2020,DEA5,2013,111.0
A,PPS_HAB_EU27_2020,DEA5,2014,113.0
A,PPS_HAB_EU27_2020,DEA5,2015,110.0
A,PPS_HAB_EU27_2020,DEA5,2016,110.0
A,PPS_HAB_EU27_2020,DEA5,2017,109.0
A,PPS_HAB_EU27_2020,DEA5,2018,110.0
A,PPS_HAB_EU27_2020,DEA5,2019,107.0
A,PPS_HAB_EU27_2020,DEA5,2020,108.0
A,PPS_HAB_EU27_2020,DEA5,2021,105.0
A,PPS_HAB_EU27_2020,DEA5,2022,102.0
A,PPS_HAB_EU27_2020,DEA5,2023,100.0
A,PPS_HAB_EU27_2020,DEA5,2024,98.0
A,PPS_HAB_EU27_2020,DEB,2010,108.0
A,PPS_HAB_EU27_2020,DEB,2011,110.0
A,PPS_HAB_EU27_2020,DEB,2012,112.0
A,PPS_HAB_EU27_2020,DEB,2013,112.0
A,PPS_HAB_EU27_2020,DEB,2014,114.0
A,PPS_HAB_EU27_2020,DEB,2015,112.0
A,PPS_HAB_EU27_2020,DEB,2016,112.0
A,PPS_HAB_EU27_2020,DEB,2017,110.0
A,PPS_HAB_EU27_2020,DEB,2018,109.0
A,PPS_HAB_EU27_2020,DEB,2019,106.0
A,PPS_HAB_EU27_2020,DEB,2020,108.0
A,PPS_HAB_EU27_2020,DEB,2021,112.0
A,PPS_HAB_EU27_2020,DEB,2022,108.0
A,PPS_HAB_EU27_2020,DEB,2023,103.0
A,PPS_HAB_EU27_2020,DEB,2024,100.0
A,PPS_HAB_EU27_2020,DEB1,2010,100.0
A,PPS_HAB_EU27_2020,DEB1,2011,101.0
A,PPS_HAB_EU27_2020,DEB1,2012,102.0
A,PPS_HAB_EU27_2020,DEB1,2013,103.0
A,PPS_HAB_EU27_2020,DEB1,2014,106.0
A,PPS_HAB_EU27_2020,DEB1,2015,104.0
A,PPS_HAB_EU27_2020,DEB1,2016,103.0
A,PPS_HAB_EU27_2020,DEB1,2017,104.0
A,PPS_HAB_EU27_2020,DEB1,2018,103.0
A,PPS_HAB_EU27_2020,DEB1,2019,101.0
A,PPS_HAB_EU27_2020,DEB1,2020,104.0
A,PPS_HAB_EU27_2020,DEB1,2021,99.0
A,PPS_HAB_EU27_2020,DEB1,2022,98.0
A,PPS_HAB_EU27_2020,DEB1,2023,97.0
A,PPS_HAB_EU27_2020,DEB1,2024,95.0
A,PPS_HAB_EU27_2020,DEB2,2010,94.0
A,PPS_HAB_EU27_2020,DEB2,2011,98.0
A,PPS_HAB_EU27_2020,DEB2,2012,97.0
A,PPS_HAB_EU27_2020,DEB2,2013,99.0
A,PPS_HAB_EU27_2020,DEB2,2014,101.0
A,PPS_HAB_EU27_2020,DEB2,2015,98.0
A,PPS_HAB_EU27_2020,DEB2,2016,99.0
A,PPS_HAB_EU27_2020,DEB2,2017,97.0
A,PPS_HAB_EU27_2020,DEB2,2018,97.0
A,PPS_HAB_EU27_2020,DEB2,2019,95.0
A,PPS_HAB_EU27_2020,DEB2,2020,98.0
A,PPS_HAB_EU27_2020,DEB2,2021,92.0
A,PPS_HAB_EU27_2020,DEB2,2022,91.0
A,PPS_HAB_EU27_2020,DEB2,2023,90.0
A,PPS_HAB_EU27_2020,DEB2,2024,88.0
A,PPS_HAB_EU27_2020,DEB3,2010,118.0
A,PPS_HAB_EU27_2020,DEB3,2011,120.0
A,PPS_HAB_EU27_2020,DEB3,2012,122.0
A,PPS_HAB_EU27_2020,DEB3,2013,122.0
A,PPS_HAB_EU27_2020,DEB3,2014,123.0
A,PPS_HAB_EU27_2020,DEB3,2015,122.0
A,PPS_HAB_EU27_2020,DEB3,2016,121.0
A,PPS_HAB_EU27_2020,DEB3,2017,118.0
A,PPS_HAB_EU27_2020,DEB3,2018,116.0
A,PPS_HAB_EU27_2020,DEB3,2019,113.0
A,PPS_HAB_EU27_2020,DEB3,2020,113.0
A,PPS_HAB_EU27_2020,DEB3,2021,127.0
A,PPS_HAB_EU27_2020,DEB3,2022,120.0
A,PPS_HAB_EU27_2020,DEB3,2023,110.0
A,PPS_HAB_EU27_2020,DEB3,2024,107.0
A,PPS_HAB_EU27_2020,DEC,2010,115.0
A,PPS_HAB_EU27_2020,DEC,2011,119.0
A,PPS_HAB_EU27_2020,DEC,2012,118.0
A,PPS_HAB_EU27_2020,DEC,2013,115.0
A,PPS_HAB_EU27_2020,DEC,2014,118.0
A,PPS_HAB_EU27_2020,DEC,2015,115.0
A,PPS_HAB_EU27_2020,DEC,2016,113.0
A,PPS_HAB_EU27_2020,DEC,2017,112.0
A,PPS_HAB_EU27_2020,DEC,2018,110.0
A,PPS_HAB_EU27_2020,DEC,2019,105.0
A,PPS_HAB_EU27_2020,DEC,2020,105.0
A,PPS_HAB_EU27_2020,DEC,2021,100.0
A,PPS_HAB_EU27_2020,DEC,2022,102.0
A,PPS_HAB_EU27_2020,DEC,2023,97.0
A,PPS_HAB_EU27_2020,DEC,2024,95.0
A,PPS_HAB_EU27_2020,DEC0,2010,115.0
A,PPS_HAB_EU27_2020,DEC0,2011,119.0
A,PPS_HAB_EU27_2020,DEC0,2012,118.0
A,PPS_HAB_EU27_2020,DEC0,2013,115.0
A,PPS_HAB_EU27_2020,DEC0,2014,118.0
A,PPS_HAB_EU27_2020,DEC0,2015,115.0
A,PPS_HAB_EU27_2020,DEC0,2016,113.0
A,PPS_HAB_EU27_2020,DEC0,2017,112.0
A,PPS_HAB_EU27_2020,DEC0,2018,110.0
A,PPS_HAB_EU27_2020,DEC0,2019,105.0
A,PPS_HAB_EU27_2020,DEC0,2020,105.0
A,PPS_HAB_EU27_2020,DEC0,2021,100.0
A,PPS_HAB_EU27_2020,DEC0,2022,102.0
A,PPS_HAB_EU27_2020,DEC0,2023,97.0
A,PPS_HAB_EU27_2020,DEC0,2024,95.0
A,PPS_HAB_EU27_2020,DED,2010,89.0
A,PPS_HAB_EU27_2020,DED,2011,91.0
A,PPS_HAB_EU27_2020,DED,2012,92.0
A,PPS_HAB_EU27_2020,DED,2013,93.0
A,PPS_HAB_EU27_2020,DED,2014,95.0
A,PPS_HAB_EU27_2020,DED,2015,95.0
A,PPS_HAB_EU27_2020,DED,2016,95.0
A,PPS_HAB_EU27_2020,DED,2017,95.0
A,PPS_HAB_EU27_2020,DED,2018,95.0
A,PPS_HAB_EU27_2020,DED,2019,94.0
A,PPS_HAB_EU27_2020,DED,2020,95.0
A,PPS_HAB_EU27_2020,DED,2021,92.0
A,PPS_HAB_EU27_2020,DED,2022,91.0
A,PPS_HAB_EU27_2020,DED,2023,91.0
A,PPS_HAB_EU27_2020,DED,2024,90.0
A,PPS_HAB_EU27_2020,DED2,2010,90.0
A,PPS_HAB_EU27_2020,DED2,2011,91.0
A,PPS_HAB_EU27_2020,DED2,2012,92.0
A,PPS_HAB_EU27_2020,DED2,2013,93.0
A,PPS_HAB_EU27_2020,DED2,2014,95.0
A,PPS_HAB_EU27_2020,DED2,2015,96.0
A,PPS_HAB_EU27_2020,DED2,2016,96.0
A,PPS_HAB_EU27_2020,DED2,2017,96.0
A,PPS_HAB_EU27_2020,DED2,2018,97.0
A,PPS_HAB_EU27_2020,DED2,2019,96.0
A,PPS_HAB_EU27_2020,DED2,2020,98.0
A,PPS_HAB_EU27_2020,DED2,2021,94.0
A,PPS_HAB_EU27_2020,DED2,2022,94.0
A,PPS_HAB_EU27_2020,DED2,2023,93.0
A,PPS_HAB_EU27_2020,DED2,2024,92.0
A,PPS_HAB_EU27_2020,DED4,2010,83.0
A,PPS_HAB_EU27_2020,DED4,2011,85.0
A,PPS_HAB_EU27_2020,DED4,2012,85.0
A,PPS_HAB_EU27_2020,DED4,2013,85.0
A,PPS_HAB_EU27_2020,DED4,2014,88.0
A,PPS_HAB_EU27_2020,DED4,2015,87.0
A,PPS_HAB_EU27_2020,DED4,2016,88.0
A,PPS_HAB_EU27_2020,DED4,2017,88.0
A,PPS_HAB_EU27_2020,DED4,2018,87.0
A,PPS_HAB_EU27_2020,DED4,2019,86.0
A,PPS_HAB_EU27_2020,DED4,2020,87.0
A,PPS_HAB_EU27_2020,DED4,2021,84.0
A,PPS_HAB_EU27_2020,DED4,2022,82.0
A,PPS_HAB_EU27_2020,DED4,2023,82.0
A,PPS_HAB_EU27_2020,DED4,2024,82.0
A,PPS_HAB_EU27_2020,DED5,2010,96.0
A,PPS_HAB_EU27_2020,DED5,2011,99.0
A,PPS_HAB_EU27_2020,DED5,2012,101.0
A,PPS_HAB_EU27_2020,DED5,2013,103.0
A,PPS_HAB_EU27_2020,DED5,2014,105.0
A,PPS_HAB_EU27_2020,DED5,2015,103.0
A,PPS_HAB_EU27_2020,DED5,2016,103.0
A,PPS_HAB_EU27_2020,DED5,2017,103.0
A,PPS_HAB_EU27_2020,DED5,2018,102.0
A,PPS_HAB_EU27_2020,DED5,2019,101.0
A,PPS_HAB_EU27_2020,DED5,2020,102.0
A,PPS_HAB_EU27_2020,DED5,2021,101.0
A,PPS_HAB_EU27_2020,DED5,2022,100.0
A,PPS_HAB_EU27_2020,DED5,2023,98.0
A,PPS_HAB_EU27_2020,DED5,2024,97.0
A,PPS_HAB_EU27_2020,DEE,2010,84.0
A,PPS_HAB_EU27_2020,DEE,2011,85.0
A,PPS_HAB_EU27_2020,DEE,2012,88.0
A,PPS_HAB_EU27_2020,DEE,2013,88.0
A,PPS_HAB_EU27_2020,DEE,2014,88.0
A,PPS_HAB_EU27_2020,DEE,2015,86.0
A,PPS_HAB_EU27_2020,DEE,2016,86.0
A,PPS_HAB_EU27_2020,DEE,2017,86.0
A,PPS_HAB_EU27_2020,DEE,2018,86.0
A,PPS_HAB_EU27_2020,DEE,2019,86.0
A,PPS_HAB_EU27_2020,DEE,2020,88.0
A,PPS_HAB_EU27_2020,DEE,2021,86.0
A,PPS_HAB_EU27_2020,DEE,2022,87.0
A,PPS_HAB_EU27_2020,DEE,2023,85.0
A,PPS_HAB_EU27_2020,DEE,2024,83.0
A,PPS_HAB_EU27_2020,DEE0,2010,84.0
A,PPS_HAB_EU27_2020,DEE0,2011,85.0
A,PPS_HAB_EU27_2020,DEE0,2012,88.0
A,PPS_HAB_EU27_2020,DEE0,2013,88.0
A,PPS_HAB_EU27_2020,DEE0,2014,88.0
A,PPS_HAB_EU27_2020,DEE0,2015,86.0
A,PPS_HAB_EU27_2020,DEE0,2016,86.0
A,PPS_HAB_EU27_2020,DEE0,2017,86.0
A,PPS_HAB_EU27_2020,DEE0,2018,86.0
A,PPS_HAB_EU27_2020,DEE0,2019,86.0
A,PPS_HAB_EU27_2020,DEE0,2020,88.0
A,PPS_HAB_EU27_2020,DEE0,2021,86.0
A,PPS_HAB_EU27_2020,DEE0,2022,87.0
A,PPS_HAB_EU27_2020,DEE0,2023,85.0
A,PPS_HAB_EU27_2020,DEE0,2024,83.0
A,PPS_HAB_EU27_2020,DEF,2010,99.0
A,PPS_HAB_EU27_2020,DEF,2011,100.0
A,PPS_HAB_EU27_2020,DEF,2012,102.0
A,PPS_HAB_EU27_2020,DEF,2013,101.0
A,PPS_HAB_EU27_2020,DEF,2014,102.0
A,PPS_HAB_EU27_2020,DEF,2015,100.0
A,PPS_HAB_EU27_2020,DEF,2016,99.0
A,PPS_HAB_EU27_2020,DEF,2017,101.0
A,PPS_HAB_EU27_2020,DEF,2018,100.0
A,PPS_HAB_EU27_2020,DEF,2019,99.0
A,PPS_HAB_EU27_2020,DEF,2020,102.0
A,PPS_HAB_EU27_2020,DEF,2021,99.0
A,PPS_HAB_EU27_2020,DEF,2022,100.0
A,PPS_HAB_EU27_2020,DEF,2023,96.0
A,PPS_HAB_EU27_2020,DEF,2024,97.0
A,PPS_HAB_EU27_2020,DEF0,2010,99.0
A,PPS_HAB_EU27_2020,DEF0,2011,100.0
A,PPS_HAB_EU27_2020,DEF0,2012,102.0
A,PPS_HAB_EU27_2020,DEF0,2013,101.0
A,PPS_HAB_EU27_2020,DEF0,2014,102.0
A,PPS_HAB_EU27_2020,DEF0,2015,100.0
A,PPS_HAB_EU27_2020,DEF0,2016,99.0
A,PPS_HAB_EU27_2020,DEF0,2017,101.0
A,PPS_HAB_EU27_2020,DEF0,2018,100.0
A,PPS_HAB_EU27_2020,DEF0,2019,99.0
A,PPS_HAB_EU27_2020,DEF0,2020,102.0
A,PPS_HAB_EU27_2020,DEF0,2021,99.0
A,PPS_HAB_EU27_2020,DEF0,2022,100.0
A,PPS_HAB_EU27_2020,DEF0,2023,96.0
A,PPS_HAB_EU27_2020,DEF0,2024,97.0
A,PPS_HAB_EU27_2020,DEG,2010,83.0
A,PPS_HAB_EU27_2020,DEG,2011,86.0
A,PPS_HAB_EU27_2020,DEG,2012,87.0
A,PPS_HAB_EU27_2020,DEG,2013,89.0
A,PPS_HAB_EU27_2020,DEG,2014,92.0
A,PPS_HAB_EU27_2020,DEG,2015,90.0
A,PPS_HAB_EU27_2020,DEG,2016,90.0
A,PPS_HAB_EU27_2020,DEG,2017,90.0
A,PPS_HAB_EU27_2020,DEG,2018,89.0
A,PPS_HAB_EU27_2020,DEG,2019,87.0
A,PPS_HAB_EU27_2020,DEG,2020,89.0
A,PPS_HAB_EU27_2020,DEG,2021,86.0
A,PPS_HAB_EU27_2020,DEG,2022,85.0
A,PPS_HAB_EU27_2020,DEG,2023,84.0
A,PPS_HAB_EU27_2020,DEG,2024,83.0
A,PPS_HAB_EU27_2020,DEG0,2010,83.0
A,PPS_HAB_EU27_2020,DEG0,2011,86.0
A,PPS_HAB_EU27_2020,DEG0,2012,87.0
A,PPS_HAB_EU27_2020,DEG0,2013,89.0
A,PPS_HAB_EU27_2020,DEG0,2014,92.0
A,PPS_HAB_EU27_2020,DEG0,2015,90.0
A,PPS_HAB_EU27_2020,DEG0,2016,90.0
A,PPS_HAB_EU27_2020,DEG0,2017,90.0
A,PPS_HAB_EU27_2020,DEG0,2018,89.0
A,PPS_HAB_EU27_2020,DEG0,2019,87.0
A,PPS_HAB_EU27_2020,DEG0,2020,89.0
A,PPS_HAB_EU27_2020,DEG0,2021,86.0
A,PPS_HAB_EU27_2020,DEG0,2022,85.0
A,PPS_HAB_EU27_2020,DEG0,2023,84.0
A,PPS_HAB_EU27_2020,DEG0,2024,83.0
A,PPS_HAB_EU27_2020,DK,2010,130.0
A,PPS_HAB_EU27_2020,DK,2011,128.0
A,PPS_HAB_EU27_2020,DK,2012,127.0
A,PPS_HAB_EU27_2020,DK,2013,129.0
A,PPS_HAB_EU27_2020,DK,2014,128.0
A,PPS_HAB_EU27_2020,DK,2015,127.0
A,PPS_HAB_EU27_2020,DK,2016,126.0
A,PPS_HAB_EU27_2020,DK,2017,128.0
A,PPS_HAB_EU27_2020,DK,2018,127.0
A,PPS_HAB_EU27_2020,DK,2019,124.0
A,PPS_HAB_EU27_2020,DK,2020,131.0
A,PPS_HAB_EU27_2020,DK,2021,133.0
A,PPS_HAB_EU27_2020,DK,2022,134.0
A,PPS_HAB_EU27_2020,DK,2023,126.0
A,PPS_HAB_EU27_2020,DK,2024,127.0
A,PPS_HAB_EU27_2020,DK0,2010,126.0
A,PPS_HAB_EU27_2020,DK0,2011,124.0
A,PPS_HAB_EU27_2020,DK0,2012,123.0
A,PPS_HAB_EU27_2020,DK0,2013,125.0
A,PPS_HAB_EU27_2020,DK0,2014,125.0
A,PPS_HAB_EU27_2020,DK0,2015,125.0
A,PPS_HAB_EU27_2020,DK0,2016,125.0
A,PPS_HAB_EU27_2020,DK0,2017,127.0
A,PPS_HAB_EU27_2020,DK0,2018,125.0
A,PPS_HAB_EU27_2020,DK0,2019,123.0
A,PPS_HAB_EU27_2020,DK0,2020,131.0
A,PPS_HAB_EU27_2020,DK0,2021,132.0
A,PPS_HAB_EU27_2020,DK0,2022,132.0
A,PPS_HAB_EU27_2020,DK0,2023,125.0
A,PPS_HAB_EU27_2020,DK0,2024,126.0
A,PPS_HAB_EU27_2020,DK01,2010,164.0
A,PPS_HAB_EU27_2020,DK01,2011,158.0
A,PPS_HAB_EU27_2020,DK01,2012,158.0
A,PPS_HAB_EU27_2020,DK01,2013,162.0
A,PPS_HAB_EU27_2020,DK01,2014,164.0
A,PPS_HAB_EU27_2020,DK01,2015,165.0
A,PPS_HAB_EU27_2020,DK01,2016,163.0
A,PPS_HAB_EU27_2020,DK01,2017,166.0
A,PPS_HAB_EU27_2020,DK01,2018,165.0
A,PPS_HAB_EU27_2020,DK01,2019,160.0
A,PPS_HAB_EU27_2020,DK01,2020,169.0
A,PPS_HAB_EU27_2020,DK01,2021,179.0
A,PPS_HAB_EU27_2020,DK01,2022,192.0
A,PPS_HAB_EU27_2020,DK01,2023,170.0
A,PPS_HAB_EU27_2020,DK01,2024,175.0
A,PPS_HAB_EU27_2020,DK02,2010,89.0
A,PPS_HAB_EU27_2020,DK02,2011,87.0
A,PPS_HAB_EU27_2020,DK02,2012,86.0
A,PPS_HAB_EU27_2020,DK02,2013,88.0
A,PPS_HAB_EU27_2020,DK02,2014,87.0
A,PPS_HAB_EU27_2020,DK02,2015,90.0
A,PPS_HAB_EU27_2020,DK02,2016,87.0
A,PPS_HAB_EU27_2020,DK02,2017,89.0
A,PPS_HAB_EU27_2020,DK02,2018,88.0
A,PPS_HAB_EU27_2020,DK02,2019,87.0
A,PPS_HAB_EU27_2020,DK02,2020,92.0
A,PPS_HAB_EU27_2020,DK02,2021,90.0
A,PPS_HAB_EU27_2020,DK02,2022,87.0
A,PPS_HAB_EU27_2020,DK02,2023,89.0
A,PPS_HAB_EU27_2020,DK02,2024,90.0
A,PPS_HAB_EU27_2020,DK03,2010,116.0
A,PPS_HAB_EU27_2020,DK03,2011,116.0
A,PPS_HAB_EU27_2020,DK03,2012,114.0
A,PPS_HAB_EU27_2020,DK03,2013,117.0
A,PPS_HAB_EU27_2020,DK03,2014,115.0
A,PPS_HAB_EU27_2020,DK03,2015,114.0
A,PPS_HAB_EU27_2020,DK03,2016,113.0
A,PPS_HAB_EU27_2020,DK03,2017,114.0
A,PPS_HAB_EU27_2020,DK03,2018,112.0
A,PPS_HAB_EU27_2020,DK03,2019,111.0
A,PPS_HAB_EU27_2020,DK03,2020,117.0
A,PPS_HAB_EU27_2020,DK03,2021,115.0
A,PPS_HAB_EU27_2020,DK03,2022,110.0
A,PPS_HAB_EU27_2020,DK03,2023,109.0
A,PPS_HAB_EU27_2020,DK03,2024,107.0
A,PPS_HAB_EU27_2020,DK04,2010,116.0
A,PPS_HAB_EU27_2020,DK04,2011,116.0
A,PPS_HAB_EU27_2020,DK04,2012,114.0
A,PPS_HAB_EU27_2020,DK04,2013,115.0
A,PPS_HAB_EU27_2020,DK04,2014,114.0
A,PPS_HAB_EU27_2020,DK04,2015,111.0
A,PPS_HAB_EU27_2020,DK04,2016,116.0
A,PPS_HAB_EU27_2020,DK04,2017,116.0
A,PPS_HAB_EU27_2020,DK04,2018,115.0
A,PPS_HAB_EU27_2020,DK04,2019,114.0
A,PPS_HAB_EU27_2020,DK04,2020,123.0
A,PPS_HAB_EU27_2020,DK04,2021,121.0
A,PPS_HAB_EU27_2020,DK04,2022,112.0
A,PPS_HAB_EU27_2020,DK04,2023,109.0
A,PPS_HAB_EU27_2020,DK04,2024,108.0
A,PPS_HAB_EU27_2020,DK05,2010,110.0
A,PPS_HAB_EU27_2020,DK05,2011,108.0
A,PPS_HAB_EU27_2020,DK05,2012,108.0
A,PPS_HAB_EU27_2020,DK05,2013,108.0
A,PPS_HAB_EU27_2020,DK05,2014,106.0
A,PPS_HAB_EU27_2020,DK05,2015,106.0
A,PPS_HAB_EU27_2020,DK05,2016,106.0
A,PPS_HAB_EU27_2020,DK05,2017,108.0
A,PPS_HAB_EU27_2020,DK05,2018,106.0
A,PPS_HAB_EU27_2020,DK05,2019,104.0
A,PPS_HAB_EU27_2020,DK05,2020,110.0
A,PPS_HAB_EU27_2020,DK05,2021,106.0
A,PPS_HAB_EU27_2020,DK05,2022,100.0
A,PPS_HAB_EU27_2020,DK05,2023,100.0
A,PPS_HAB_EU27_2020,DK05,2024,100.0
A,PPS_HAB_EU27_2020,EE,2010,65.0
A,PPS_HAB_EU27_2020,EE,2011,71.0
A,PPS_HAB_EU27_2020,EE,2012,74.0
A,PPS_HAB_EU27_2020,EE,2013,76.0
A,PPS_HAB_EU27_2020,EE,2014,78.0
A,PPS_HAB_EU27_2020,EE,2015,77.0
A,PPS_HAB_EU27_2020,EE,2016,78.0
A,PPS_HAB_EU27_2020,EE,2017,80.0
A,PPS_HAB_EU27_2020,EE,2018,82.0
A,PPS_HAB_EU27_2020,EE,2019,83.0
A,PPS_HAB_EU27_2020,EE,2020,85.0
A,PPS_HAB_EU27_2020,EE,2021,85.0
A,PPS_HAB_EU27_2020,EE,2022,83.0
A,PPS_HAB_EU27_2020,EE,2023,80.0
A,PPS_HAB_EU27_2020,EE,2024,79.0
A,PPS_HAB_EU27_2020,EE0,2010,65.0
A,PPS_HAB_EU27_2020,EE0,2011,71.0
A,PPS_HAB_EU27_2020,EE0,2012,74.0
A,PPS_HAB_EU27_2020,EE0,2013,76.0
A,PPS_HAB_EU27_2020,EE0,2014,78.0
A,PPS_HAB_EU27_2020,EE0,2015,77.0
A,PPS_HAB_EU27_2020,EE0,2016,78.0
A,PPS_HAB_EU27_2020,EE0,2017,80.0
A,PPS_HAB_EU27_2020,EE0,2018,82.0
A,PPS_HAB_EU27_2020,EE0,2019,83.0
A,PPS_HAB_EU27_2020,EE0,2020,85.0
A,PPS_HAB_EU27_2020,EE0,2021,85.0
A,PPS_HAB_EU27_2020,EE0,2022,83.0
A,PPS_HAB_EU27_2020,EE0,2023,80.0
A,PPS_HAB_EU27_2020,EE0,2024,79.0
A,PPS_HAB_EU27_2020,EE00,2010,65.0
A,PPS_HAB_EU27_2020,EE00,2011,71.0
A,PPS_HAB_EU27_2020,EE00,2012,74.0
A,PPS_HAB_EU27_2020,EE00,2013,76.0
A,PPS_HAB_EU27_2020,EE00,2014,78.0
A,PPS_HAB_EU27_2020,EE00,2015,77.0
A,PPS_HAB_EU27_2020,EE00,2016,78.0
A,PPS_HAB_EU27_2020,EE00,2017,80.0
A,PPS_HAB_EU27_2020,EE00,2018,82.0
A,PPS_HAB_EU27_2020,EE00,2019,83.0
A,PPS_HAB_EU27_2020,EE00,2020,85.0
A,PPS_HAB_EU27_2020,EE00,2021,85.0
A,PPS_HAB_EU27_2020,EE00,2022,83.0
A,PPS_HAB_EU27_2020,EE00,2023,80.0
A,PPS_HAB_EU27_2020,EE00,2024,79.0
A,PPS_HAB_EU27_2020,EL,2010,84.0
A,PPS_HAB_EU27_2020,EL,2011,74.0
A,PPS_HAB_EU27_2020,EL,2012,70.0
A,PPS_HAB_EU27_2020,EL,2013,71.0
A,PPS_HAB_EU27_2020,EL,2014,71.0
A,PPS_HAB_EU27_2020,EL,2015,69.0
A,PPS_HAB_EU27_2020,EL,2016,67.0
A,PPS_HAB_EU27_2020,EL,2017,66.0
A,PPS_HAB_EU27_2020,EL,2018,66.0
A,PPS_HAB_EU27_2020,EL,2019,66.0
A,PPS_HAB_EU27_2020,EL,2020,62.0
A,PPS_HAB_EU27_2020,EL,2021,64.0
A,PPS_HAB_EU27_2020,EL,2022,66.0
A,PPS_HAB_EU27_2020,EL,2023,68.0
A,PPS_HAB_EU27_2020,EL,2024,69.0
A,PPS_HAB_EU27_2020,EL3,2010,113.0
A,PPS_HAB_EU27_2020,EL3,2011,100.0
A,PPS_HAB_EU27_2020,EL3,2012,94.0
A,PPS_HAB_EU27_2020,EL3,2013,95.0
A,PPS_HAB_EU27_2020,EL3,2014,95.0
A,PPS_HAB_EU27_2020,EL3,2015,93.0
A,PPS_HAB_EU27_2020,EL3,2016,91.0
A,PPS_HAB_EU27_2020,EL3,2017,91.0
A,PPS_HAB_EU27_2020,EL3,2018,90.0
A,PPS_HAB_EU27_2020,EL3,2019,90.0
A,PPS_HAB_EU27_2020,EL3,2020,86.0
A,PPS_HAB_EU27_2020,EL3,2021,89.0
A,PPS_HAB_EU27_2020,EL3,2022,91.0
A,PPS_HAB_EU27_2020,EL3,2023,96.0
A,PPS_HAB_EU27_2020,EL3,2024,96.0
A,PPS_HAB_EU27_2020,EL30,2010,113.0
A,PPS_HAB_EU27_2020,EL30,2011,100.0
A,PPS_HAB_EU27_2020,EL30,2012,94.0
A,PPS_HAB_EU27_2020,EL30,2013,95.0
A,PPS_HAB_EU27_2020,EL30,2014,95.0
A,PPS_HAB_EU27_2020,EL30,2015,93.0
A,PPS_HAB_EU27_2020,EL30,2016,91.0
A,PPS_HAB_EU27_2020,EL30,2017,91.0
A,PPS_HAB_EU27_2020,EL30,2018,90.0
A,PPS_HAB_EU27_2020,EL30,2019,90.0
A,PPS_HAB_EU27_2020,EL30,2020,86.0
A,PPS_HAB_EU27_2020,EL30,2021,89.0
A,PPS_HAB_EU27_2020,EL30,2022,91.0
A,PPS_HAB_EU27_2020,EL30,2023,96.0
A,PPS_HAB_EU27_2020,EL30,2024,96.0
A,PPS_HAB_EU27_2020,EL4,2010,76.0
A,PPS_HAB_EU27_2020,EL4,2011,66.0
A,PPS_HAB_EU27_2020,EL4,2012,62.0
A,PPS_HAB_EU27_2020,EL4,2013,65.0
A,PPS_HAB_EU27_2020,EL4,2014,66.0
A,PPS_HAB_EU27_2020,EL4,2015,63.0
A,PPS_HAB_EU27_2020,EL4,2016,60.0
A,PPS_HAB_EU27_2020,EL4,2017,59.0
A,PPS_HAB_EU27_2020,EL4,2018,58.0
A,PPS_HAB_EU27_2020,EL4,2019,57.0
A,PPS_HAB_EU27_2020,EL4,2020,49.0
A,PPS_HAB_EU27_2020,EL4,2021,52.0
A,PPS_HAB_EU27_2020,EL4,2022,56.0
A,PPS_HAB_EU27_2020,EL4,2023,59.0
A,PPS_HAB_EU27_2020,EL4,2024,59.0
A,PPS_HAB_EU27_2020,EL41,2010,66.0
A,PPS_HAB_EU27_2020,EL41,2011,58.0
A,PPS_HAB_EU27_2020,EL41,2012,55.0
A,PPS_HAB_EU27_2020,EL41,2013,56.0
A,PPS_HAB_EU27_2020,EL41,2014,56.0
A,PPS_HAB_EU27_2020,EL41,2015,53.0
A,PPS_HAB_EU27_2020,EL41,2016,50.0
A,PPS_HAB_EU27_2020,EL41,2017,47.0
A,PPS_HAB_EU27_2020,EL41,2018,45.0
A,PPS_HAB_EU27_2020,EL41,2019,43.0
A,PPS_HAB_EU27_2020,EL41,2020,39.0
A,PPS_HAB_EU27_2020,EL41,2021,39.0
A,PPS_HAB_EU27_2020,EL41,2022,41.0
A,PPS_HAB_EU27_2020,EL41,2023,42.0
A,PPS_HAB_EU27_2020,EL41,2024,42.0
A,PPS_HAB_EU27_2020,EL42,2010,90.0
A,PPS_HAB_EU27_2020,EL42,2011,79.0
A,PPS_HAB_EU27_2020,EL42,2012,74.0
A,PPS_HAB_EU27_2020,EL42,2013,80.0
A,PPS_HAB_EU27_2020,EL42,2014,80.0
A,PPS_HAB_EU27_2020,EL42,2015,77.0
A,PPS_HAB_EU27_2020,EL42,2016,72.0
A,PPS_HAB_EU27_2020,EL42,2017,70.0
A,PPS_HAB_EU27_2020,EL42,2018,70.0
A,PPS_HAB_EU27_2020,EL42,2019,70.0
A,PPS_HAB_EU27_2020,EL42,2020,57.0
A,PPS_HAB_EU27_2020,EL42,2021,60.0
A,PPS_HAB_EU27_2020,EL42,2022,65.0
A,PPS_HAB_EU27_2020,EL42,2023,69.0
A,PPS_HAB_EU27_2020,EL42,2024,70.0
A,PPS_HAB_EU27_2020,EL43,2010,73.0
A,PPS_HAB_EU27_2020,EL43,2011,62.0
A,PPS_HAB_EU27_2020,EL43,2012,57.0
A,PPS_HAB_EU27_2020,EL43,2013,60.0
A,PPS_HAB_EU27_2020,EL43,2014,61.0
A,PPS_HAB_EU27_2020,EL43,2015,59.0
A,PPS_HAB_EU27_2020,EL43,2016,56.0
A,PPS_HAB_EU27_2020,EL43,2017,57.0
A,PPS_HAB_EU27_2020,EL43,2018,56.0
A,PPS_HAB_EU27_2020,EL43,2019,56.0
A,PPS_HAB_EU27_2020,EL43,2020,49.0
A,PPS_HAB_EU27_2020,EL43,2021,52.0
A,PPS_HAB_EU27_2020,EL43,2022,56.0
A,PPS_HAB_EU27_2020,EL43,2023,59.0
A,PPS_HAB_EU27_2020,EL43,2024,60.0
A,PPS_HAB_EU27_2020,EL5,2010,65.0
A,PPS_HAB_EU27_2020,EL5,2011,58.0
A,PPS_HAB_EU27_2020,EL5,2012,55.0
A,PPS_HAB_EU27_2020,EL5,2013,55.0
A,PPS_HAB_EU27_2020,EL5,2014,55.0
A,PPS_HAB_EU27_2020,EL5,2015,53.0
A,PPS_HAB_EU27_2020,EL5,2016,52.0
A,PPS_HAB_EU27_2020,EL5,2017,51.0
A,PPS_HAB_EU27_2020,EL5,2018,51.0
A,PPS_HAB_EU27_2020,EL5,2019,50.0
A,PPS_HAB_EU27_2020,EL5,2020,47.0
A,PPS_HAB_EU27_2020,EL5,2021,48.0
A,PPS_HAB_EU27_2020,EL5,2022,51.0
A,PPS_HAB_EU27_2020,EL5,2023,51.0
A,PPS_HAB_EU27_2020,EL5,2024,51.0
A,PPS_HAB_EU27_2020,EL51,2010,62.0
A,PPS_HAB_EU27_2020,EL51,2011,52.0
A,PPS_HAB_EU27_2020,EL51,2012,50.0
A,PPS_HAB_EU27_2020,EL51,2013,49.0
A,PPS_HAB_EU27_2020,EL51,2014,48.0
A,PPS_HAB_EU27_2020,EL51,2015,46.0
A,PPS_HAB_EU27_2020,EL51,2016,46.0
A,PPS_HAB_EU27_2020,EL51,2017,45.0
A,PPS_HAB_EU27_2020,EL51,2018,44.0
A,PPS_HAB_EU27_2020,EL51,2019,43.0
A,PPS_HAB_EU27_2020,EL51,2020,41.0
A,PPS_HAB_EU27_2020,EL51,2021,43.0
A,PPS_HAB_EU27_2020,EL51,2022,44.0
A,PPS_HAB_EU27_2020,EL51,2023,44.0
A,PPS_HAB_EU27_2020,EL51,2024,45.0
A,PPS_HAB_EU27_2020,EL52,2010,66.0
A,PPS_HAB_EU27_2020,EL52,2011,58.0
A,PPS_HAB_EU27_2020,EL52,2012,55.0
A,PPS_HAB_EU27_2020,EL52,2013,55.0
A,PPS_HAB_EU27_2020,EL52,2014,54.0
A,PPS_HAB_EU27_2020,EL52,2015,54.0
A,PPS_HAB_EU27_2020,EL52,2016,53.0
A,PPS_HAB_EU27_2020,EL52,2017,52.0
A,PPS_HAB_EU27_2020,EL52,2018,52.0
A,PPS_HAB_EU27_2020,EL52,2019,52.0
A,PPS_HAB_EU27_2020,EL52,2020,49.0
A,PPS_HAB_EU27_2020,EL52,2021,50.0
A,PPS_HAB_EU27_2020,EL52,2022,54.0
A,PPS_HAB_EU27_2020,EL52,2023,55.0
A,PPS_HAB_EU27_2020,EL52,2024,55.0
A,PPS_HAB_EU27_2020,EL53,2010,75.0
A,PPS_HAB_EU27_2020,EL53,2011,71.0
A,PPS_HAB_EU27_2020,EL53,2012,79.0
A,PPS_HAB_EU27_2020,EL53,2013,79.0
A,PPS_HAB_EU27_2020,EL53,2014,80.0
A,PPS_HAB_EU27_2020,EL53,2015,73.0
A,PPS_HAB_EU27_2020,EL53,2016,66.0
A,PPS_HAB_EU27_2020,EL53,2017,65.0
A,PPS_HAB_EU27_2020,EL53,2018,62.0
A,PPS_HAB_EU27_2020,EL53,2019,58.0
A,PPS_HAB_EU27_2020,EL53,2020,53.0
A,PPS_HAB_EU27_2020,EL53,2021,54.0
A,PPS_HAB_EU27_2020,EL53,2022,53.0
A,PPS_HAB_EU27_2020,EL53,2023,50.0
A,PPS_HAB_EU27_2020,EL53,2024,48.0
A,PPS_HAB_EU27_2020,EL54,2010,58.0
A,PPS_HAB_EU27_2020,EL54,2011,51.0
A,PPS_HAB_EU27_2020,EL54,2012,47.0
A,PPS_HAB_EU27_2020,EL54,2013,48.0
A,PPS_HAB_EU27_2020,EL54,2014,48.0
A,PPS_HAB_EU27_2020,EL54,2015,47.0
A,PPS_HAB_EU27_2020,EL54,2016,46.0
A,PPS_HAB_EU27_2020,EL54,2017,44.0
A,PPS_HAB_EU27_2020,EL54,2018,44.0
A,PPS_HAB_EU27_2020,EL54,2019,43.0
A,PPS_HAB_EU27_2020,EL54,2020,41.0
A,PPS_HAB_EU27_2020,EL54,2021,42.0
A,PPS_HAB_EU27_2020,EL54,2022,43.0
A,PPS_HAB_EU27_2020,EL54,2023,44.0
A,PPS_HAB_EU27_2020,EL54,2024,45.0
A,PPS_HAB_EU27_2020,EL6,2010,67.0
A,PPS_HAB_EU27_2020,EL6,2011,59.0
A,PPS_HAB_EU27_2020,EL6,2012,56.0
A,PPS_HAB_EU27_2020,EL6,2013,57.0
A,PPS_HAB_EU27_2020,EL6,2014,56.0
A,PPS_HAB_EU27_2020,EL6,2015,56.0
A,PPS_HAB_EU27_2020,EL6,2016,54.0
A,PPS_HAB_EU27_2020,EL6,2017,54.0
A,PPS_HAB_EU27_2020,EL6,2018,53.0
A,PPS_HAB_EU27_2020,EL6,2019,53.0
A,PPS_HAB_EU27_2020,EL6,2020,51.0
A,PPS_HAB_EU27_2020,EL6,2021,52.0
A,PPS_HAB_EU27_2020,EL6,2022,55.0
A,PPS_HAB_EU27_2020,EL6,2023,55.0
A,PPS_HAB_EU27_2020,EL6,2024,55.0
A,PPS_HAB_EU27_2020,EL61,2010,60.0
A,PPS_HAB_EU27_2020,EL61,2011,52.0
A,PPS_HAB_EU27_2020,EL61,2012,51.0
A,PPS_HAB_EU27_2020,EL61,2013,52.0
A,PPS_HAB_EU27_2020,EL61,2014,52.0
A,PPS_HAB_EU27_2020,EL61,2015,52.0
A,PPS_HAB_EU27_2020,EL61,2016,50.0
A,PPS_HAB_EU27_2020,EL61,2017,49.0
A,PPS_HAB_EU27_2020,EL61,2018,50.0
A,PPS_HAB_EU27_2020,EL61,2019,50.0
A,PPS_HAB_EU27_2020,EL61,2020,48.0
A,PPS_HAB_EU27_2020,EL61,2021,51.0
A,PPS_HAB_EU27_2020,EL61,2022,51.0
A,PPS_HAB_EU27_2020,EL61,2023,52.0
A,PPS_HAB_EU27_2020,EL61,2024,53.0
A,PPS_HAB_EU27_2020,EL62,2010,79.0
A,PPS_HAB_EU27_2020,EL62,2011,66.0
A,PPS_HAB_EU27_2020,EL62,2012,63.0
A,PPS_HAB_EU27_2020,EL62,2013,65.0
A,PPS_HAB_EU27_2020,EL62,2014,66.0
A,PPS_HAB_EU27_2020,EL62,2015,63.0
A,PPS_HAB_EU27_2020,EL62,2016,61.0
A,PPS_HAB_EU27_2020,EL62,2017,61.0
A,PPS_HAB_EU27_2020,EL62,2018,61.0
A,PPS_HAB_EU27_2020,EL62,2019,61.0
A,PPS_HAB_EU27_2020,EL62,2020,50.0
A,PPS_HAB_EU27_2020,EL62,2021,54.0
A,PPS_HAB_EU27_2020,EL62,2022,58.0
A,PPS_HAB_EU27_2020,EL62,2023,63.0
A,PPS_HAB_EU27_2020,EL62,2024,63.0
A,PPS_HAB_EU27_2020,EL63,2010,63.0
A,PPS_HAB_EU27_2020,EL63,2011,55.0
A,PPS_HAB_EU27_2020,EL63,2012,52.0
A,PPS_HAB_EU27_2020,EL63,2013,52.0
A,PPS_HAB_EU27_2020,EL63,2014,52.0
A,PPS_HAB_EU27_2020,EL63,2015,51.0
A,PPS_HAB_EU27_2020,EL63,2016,49.0
A,PPS_HAB_EU27_2020,EL63,2017,49.0
A,PPS_HAB_EU27_2020,EL63,2018,47.0
A,PPS_HAB_EU27_2020,EL63,2019,47.0
A,PPS_HAB_EU27_2020,EL63,2020,45.0
A,PPS_HAB_EU27_2020,EL63,2021,46.0
A,PPS_HAB_EU27_2020,EL63,2022,48.0
A,PPS_HAB_EU27_2020,EL63,2023,49.0
A,PPS_HAB_EU27_2020,EL63,2024,49.0
A,PPS_HAB_EU27_2020,EL64,2010,74.0
A,PPS_HAB_EU27_2020,EL64,2011,66.0
A,PPS_HAB_EU27_2020,EL64,2012,63.0
A,PPS_HAB_EU27_2020,EL64,2013,62.0
A,PPS_HAB_EU27_2020,EL64,2014,60.0
A,PPS_HAB_EU27_2020,EL64,2015,59.0
A,PPS_HAB_EU27_2020,EL64,2016,59.0
A,PPS_HAB_EU27_2020,EL64,2017,59.0
A,PPS_HAB_EU27_2020,EL64,2018,59.0
A,PPS_HAB_EU27_2020,EL64,2019,58.0
A,PPS_HAB_EU27_2020,EL64,2020,58.0
A,PPS_HAB_EU27_2020,EL64,2021,59.0
A,PPS_HAB_EU27_2020,EL64,2022,62.0
A,PPS_HAB_EU27_2020,EL64,2023,59.0
A,PPS_HAB_EU27_2020,EL64,2024,60.0
A,PPS_HAB_EU27_2020,EL65,2010,68.0
A,PPS_HAB_EU27_2020,EL65,2011,61.0
A,PPS_HAB_EU27_2020,EL65,2012,59.0
A,PPS_HAB_EU27_2020,EL65,2013,60.0
A,PPS_HAB_EU27_2020,EL65,2014,59.0
A,PPS_HAB_EU27_2020,EL65,2015,59.0
A,PPS_HAB_EU27_2020,EL65,2016,58.0
A,PPS_HAB_EU27_2020,EL65,2017,58.0
A,PPS_HAB_EU27_2020,EL65,2018,56.0
A,PPS_HAB_EU27_2020,EL65,2019,56.0
A,PPS_HAB_EU27_2020,EL65,2020,53.0
A,PPS_HAB_EU27_2020,EL65,2021,54.0
A,PPS_HAB_EU27_2020,EL65,2022,57.0
A,PPS_HAB_EU27_2020,EL65,2023,57.0
A,PPS_HAB_EU27_2020,EL65,2024,57.0
A,PPS_HAB_EU27_2020,ES,2010,96.0
A,PPS_HAB_EU27_2020,ES,2011,92.0
A,PPS_HAB_EU27_2020,ES,2012,91.0
A,PPS_HAB_EU27_2020,ES,2013,90.0
A,PPS_HAB_EU27_2020,ES,2014,90.0
A,PPS_HAB_EU27_2020,ES,2015,91.0
A,PPS_HAB_EU27_2020,ES,2016,92.0
A,PPS_HAB_EU27_2020,ES,2017,92.0
A,PPS_HAB_EU27_2020,ES,2018,91.0
A,PPS_HAB_EU27_2020,ES,2019,90.0
A,PPS_HAB_EU27_2020,ES,2020,82.0
A,PPS_HAB_EU27_2020,ES,2021,85.0
A,PPS_HAB_EU27_2020,ES,2022,88.0
A,PPS_HAB_EU27_2020,ES,2023,91.0
A,PPS_HAB_EU27_2020,ES,2024,91.0
A,PPS_HAB_EU27_2020,ES1,2010,86.0
A,PPS_HAB_EU27_2020,ES1,2011,82.0
A,PPS_HAB_EU27_2020,ES1,2012,81.0
A,PPS_HAB_EU27_2020,ES1,2013,80.0
A,PPS_HAB_EU27_2020,ES1,2014,80.0
A,PPS_HAB_EU27_2020,ES1,2015,81.0
A,PPS_HAB_EU27_2020,ES1,2016,82.0
A,PPS_HAB_EU27_2020,ES1,2017,82.0
A,PPS_HAB_EU27_2020,ES1,2018,81.0
A,PPS_HAB_EU27_2020,ES1,2019,81.0
A,PPS_HAB_EU27_2020,ES1,2020,75.0
A,PPS_HAB_EU27_2020,ES1,2021,78.0
A,PPS_HAB_EU27_2020,ES1,2022,81.0
A,PPS_HAB_EU27_2020,ES1,2023,83.0
A,PPS_HAB_EU27_2020,ES1,2024,84.0
A,PPS_HAB_EU27_2020,ES11,2010,85.0
A,PPS_HAB_EU27_2020,ES11,2011,81.0
A,PPS_HAB_EU27_2020,ES11,2012,80.0
A,PPS_HAB_EU27_2020,ES11,2013,80.0
A,PPS_HAB_EU27_2020,ES11,2014,80.0
A,PPS_HAB_EU27_2020,ES11,2015,81.0
A,PPS_HAB_EU27_2020,ES11,2016,82.0
A,PPS_HAB_EU27_2020,ES11,2017,82.0
A,PPS_HAB_EU27_2020,ES11,2018,81.0
A,PPS_HAB_EU27_2020,ES11,2019,81.0
A,PPS_HAB_EU27_2020,ES11,2020,76.0
A,PPS_HAB_EU27_2020,ES11,2021,78.0
A,PPS_HAB_EU27_2020,ES11,2022,81.0
A,PPS_HAB_EU27_2020,ES11,2023,84.0
A,PPS_HAB_EU27_2020,ES11,2024,84.0
A,PPS_HAB_EU27_2020,ES12,2010,87.0
A,PPS_HAB_EU27_2020,ES12,2011,84.0
A,PPS_HAB_EU27_2020,ES12,2012,81.0
A,PPS_HAB_EU27_2020,ES12,2013,79.0
A,PPS_HAB_EU27_2020,ES12,2014,79.0
A,PPS_HAB_EU27_2020,ES12,2015,80.0
A,PPS_HAB_EU27_2020,ES12,2016,79.0
A,PPS_HAB_EU27_2020,ES12,2017,80.0
A,PPS_HAB_EU27_2020,ES12,2018,79.0
A,PPS_HAB_EU27_2020,ES12,2019,79.0
A,PPS_HAB_EU27_2020,ES12,2020,73.0
A,PPS_HAB_EU27_2020,ES12,2021,76.0
A,PPS_HAB_EU27_2020,ES12,2022,81.0
A,PPS_HAB_EU27_2020,ES12,2023,82.0
A,PPS_HAB_EU27_2020,ES12,2024,83.0
A,PPS_HAB_EU27_2020,ES13,2010,91.0
A,PPS_HAB_EU27_2020,ES13,2011,86.0
A,PPS_HAB_EU27_2020,ES13,2012,85.0
A,PPS_HAB_EU27_2020,ES13,2013,83.0
A,PPS_HAB_EU27_2020,ES13,2014,84.0
A,PPS_HAB_EU27_2020,ES13,2015,83.0
A,PPS_HAB_EU27_2020,ES13,2016,84.0
A,PPS_HAB_EU27_2020,ES13,2017,84.0
A,PPS_HAB_EU27_2020,ES13,2018,83.0
A,PPS_HAB_EU27_2020,ES13,2019,83.0
A,PPS_HAB_EU27_2020,ES13,2020,77.0
A,PPS_HAB_EU27_2020,ES13,2021,79.0
A,PPS_HAB_EU27_2020,ES13,2022,81.0
A,PPS_HAB_EU27_2020,ES13,2023,83.0
A,PPS_HAB_EU27_2020,ES13,2024,84.0
A,PPS_HAB_EU27_2020,ES2,2010,115.0
A,PPS_HAB_EU27_2020,ES2,2011,111.0
A,PPS_HAB_EU27_2020,ES2,2012,109.0
A,PPS_HAB_EU27_2020,ES2,2013,108.0
A,PPS_HAB_EU27_2020,ES2,2014,109.0
A,PPS_HAB_EU27_2020,ES2,2015,109.0
A,PPS_HAB_EU27_2020,ES2,2016,110.0
A,PPS_HAB_EU27_2020,ES2,2017,110.0
A,PPS_HAB_EU27_2020,ES2,2018,108.0
A,PPS_HAB_EU27_2020,ES2,2019,107.0
A,PPS_HAB_EU27_2020,ES2,2020,99.0
A,PPS_HAB_EU27_2020,ES2,2021,102.0
A,PPS_HAB_EU27_2020,ES2,2022,106.0
A,PPS_HAB_EU27_2020,ES2,2023,108.0
A,PPS_HAB_EU27_2020,ES2,2024,109.0
A,PPS_HAB_EU27_2020,ES21,2010,123.0
A,PPS_HAB_EU27_2020,ES21,2011,118.0
A,PPS_HAB_EU27_2020,ES21,2012,117.0
A,PPS_HAB_EU27_2020,ES21,2013,115.0
A,PPS_HAB_EU27_2020,ES21,2014,116.0
A,PPS_HAB_EU27_2020,ES21,2015,117.0
A,PPS_HAB_EU27_2020,ES21,2016,117.0
A,PPS_HAB_EU27_2020,ES21,2017,117.0
A,PPS_HAB_EU27_2020,ES21,2018,115.0
A,PPS_HAB_EU27_2020,ES21,2019,114.0
A,PPS_HAB_EU27_2020,ES21,2020,104.0
A,PPS_HAB_EU27_2020,ES21,2021,107.0
A,PPS_HAB_EU27_2020,ES21,2022,111.0
A,PPS_HAB_EU27_2020,ES21,2023,114.0
A,PPS_HAB_EU27_2020,ES21,2024,115.0
A,PPS_HAB_EU27_2020,ES22,2010,118.0
A,PPS_HAB_EU27_2020,ES22,2011,114.0
A,PPS_HAB_EU27_2020,ES22,2012,111.0
A,PPS_HAB_EU27_2020,ES22,2013,111.0
A,PPS_HAB_EU27_2020,ES22,2014,112.0
A,PPS_HAB_EU27_2020,ES22,2015,112.0
A,PPS_HAB_EU27_2020,ES22,2016,112.0
A,PPS_HAB_EU27_2020,ES22,2017,112.0
A,PPS_HAB_EU27_2020,ES22,2018,109.0
A,PPS_HAB_EU27_2020,ES22,2019,109.0
A,PPS_HAB_EU27_2020,ES22,2020,100.0
A,PPS_HAB_EU27_2020,ES22,2021,103.0
A,PPS_HAB_EU27_2020,ES22,2022,106.0
A,PPS_HAB_EU27_2020,ES22,2023,108.0
A,PPS_HAB_EU27_2020,ES22,2024,109.0
A,PPS_HAB_EU27_2020,ES23,2010,104.0
A,PPS_HAB_EU27_2020,ES23,2011,100.0
A,PPS_HAB_EU27_2020,ES23,2012,98.0
A,PPS_HAB_EU27_2020,ES23,2013,97.0
A,PPS_HAB_EU27_2020,ES23,2014,99.0
A,PPS_HAB_EU27_2020,ES23,2015,100.0
A,PPS_HAB_EU27_2020,ES23,2016,98.0
A,PPS_HAB_EU27_2020,ES23,2017,98.0
A,PPS_HAB_EU27_2020,ES23,2018,96.0
A,PPS_HAB_EU27_2020,ES23,2019,95.0
A,PPS_HAB_EU27_2020,ES23,2020,89.0
A,PPS_HAB_EU27_2020,ES23,2021,89.0
A,PPS_HAB_EU27_2020,ES23,2022,93.0
A,PPS_HAB_EU27_2020,ES23,2023,95.0
A,PPS_HAB_EU27_2020,ES23,2024,95.0
A,PPS_HAB_EU27_2020,ES24,2010,105.0
A,PPS_HAB_EU27_2020,ES24,2011,101.0
A,PPS_HAB_EU27_2020,ES24,2012,98.0
A,PPS_HAB_EU27_2020,ES24,2013,99.0
A,PPS_HAB_EU27_2020,ES24,2014,99.0
A,PPS_HAB_EU27_2020,ES24,2015,98.0
A,PPS_HAB_EU27_2020,ES24,2016,100.0
A,PPS_HAB_EU27_2020,ES24,2017,100.0
A,PPS_HAB_EU27_2020,ES24,2018,99.0
A,PPS_HAB_EU27_2020,ES24,2019,99.0
A,PPS_HAB_EU27_2020,ES24,2020,93.0
A,PPS_HAB_EU27_2020,ES24,2021,95.0
A,PPS_HAB_EU27_2020,ES24,2022,100.0
A,PPS_HAB_EU27_2020,ES24,2023,102.0
A,PPS_HAB_EU27_2020,ES24,2024,103.0
A,PPS_HAB_EU27_2020,ES3,2010,129.0
A,PPS_HAB_EU27_2020,ES3,2011,126.0
A,PPS_HAB_EU27_2020,ES3,2012,125.0
A,PPS_HAB_EU27_2020,ES3,2013,123.0
A,PPS_HAB_EU27_2020,ES3,2014,124.0
A,PPS_HAB_EU27_2020,ES3,2015,126.0
A,PPS_HAB_EU27_2020,ES3,2016,127.0
A,PPS_HAB_EU27_2020,ES3,2017,127.0
A,PPS_HAB_EU27_2020,ES3,2018,125.0
A,PPS_HAB_EU27_2020,ES3,2019,124.0
A,PPS_HAB_EU27_2020,ES3,2020,113.0
A,PPS_HAB_EU27_2020,ES3,2021,116.0
A,PPS_HAB_EU27_2020,ES3,2022,120.0
A,PPS_HAB_EU27_2020,ES3,2023,125.0
A,PPS_HAB_EU27_2020,ES3,2024,125.0
A,PPS_HAB_EU27_2020,ES30,2010,129.0
A,PPS_HAB_EU27_2020,ES30,2011,126.0
A,PPS_HAB_EU27_2020,ES30,2012,125.0
A,PPS_HAB_EU27_2020,ES30,2013,123.0
A,PPS_HAB_EU27_2020,ES30,2014,124.0
A,PPS_HAB_EU27_2020,ES30,2015,126.0
A,PPS_HAB_EU27_2020,ES30,2016,127.0
A,PPS_HAB_EU27_2020,ES30,2017,127.0
A,PPS_HAB_EU27_2020,ES30,2018,125.0
A,PPS_HAB_EU27_2020,ES30,2019,124.0
A,PPS_HAB_EU27_2020,ES30,2020,113.0
A,PPS_HAB_EU27_2020,ES30,2021,116.0
A,PPS_HAB_EU27_2020,ES30,2022,120.0
A,PPS_HAB_EU27_2020,ES30,2023,125.0
A,PPS_HAB_EU27_2020,ES30,2024,125.0
A,PPS_HAB_EU27_2020,ES4,2010,82.0
A,PPS_HAB_EU27_2020,ES4,2011,78.0
A,PPS_HAB_EU27_2020,ES4,2012,77.0
A,PPS_HAB_EU27_2020,ES4,2013,76.0
A,PPS_HAB_EU27_2020,ES4,2014,75.0
A,PPS_HAB_EU27_2020,ES4,2015,76.0
A,PPS_HAB_EU27_2020,ES4,2016,77.0
A,PPS_HAB_EU27_2020,ES4,2017,78.0
A,PPS_HAB_EU27_2020,ES4,2018,77.0
A,PPS_HAB_EU27_2020,ES4,2019,77.0
A,PPS_HAB_EU27_2020,ES4,2020,72.0
A,PPS_HAB_EU27_2020,ES4,2021,74.0
A,PPS_HAB_EU27_2020,ES4,2022,77.0
A,PPS_HAB_EU27_2020,ES4,2023,78.0
A,PPS_HAB_EU27_2020,ES4,2024,78.0
A,PPS_HAB_EU27_2020,ES41,2010,89.0
A,PPS_HAB_EU27_2020,ES41,2011,86.0
A,PPS_HAB_EU27_2020,ES41,2012,85.0
A,PPS_HAB_EU27_2020,ES41,2013,83.0
A,PPS_HAB_EU27_2020,ES41,2014,83.0
A,PPS_HAB_EU27_2020,ES41,2015,84.0
A,PPS_HAB_EU27_2020,ES41,2016,85.0
A,PPS_HAB_EU27_2020,ES41,2017,85.0
A,PPS_HAB_EU27_2020,ES41,2018,85.0
A,PPS_HAB_EU27_2020,ES41,2019,84.0
A,PPS_HAB_EU27_2020,ES41,2020,79.0
A,PPS_HAB_EU27_2020,ES41,2021,82.0
A,PPS_HAB_EU27_2020,ES41,2022,84.0
A,PPS_HAB_EU27_2020,ES41,2023,86.0
A,PPS_HAB_EU27_2020,ES41,2024,86.0
A,PPS_HAB_EU27_2020,ES42,2010,78.0
A,PPS_HAB_EU27_2020,ES42,2011,75.0
A,PPS_HAB_EU27_2020,ES42,2012,73.0
A,PPS_HAB_EU27_2020,ES42,2013,72.0
A,PPS_HAB_EU27_2020,ES42,2014,70.0
A,PPS_HAB_EU27_2020,ES42,2015,72.0
A,PPS_HAB_EU27_2020,ES42,2016,73.0
A,PPS_HAB_EU27_2020,ES42,2017,74.0
A,PPS_HAB_EU27_2020,ES42,2018,73.0
A,PPS_HAB_EU27_2020,ES42,2019,72.0
A,PPS_HAB_EU27_2020,ES42,2020,68.0
A,PPS_HAB_EU27_2020,ES42,2021,70.0
A,PPS_HAB_EU27_2020,ES42,2022,74.0
A,PPS_HAB_EU27_2020,ES42,2023,73.0
A,PPS_HAB_EU27_2020,ES42,2024,73.0
A,PPS_HAB_EU27_2020,ES43,2010,70.0
A,PPS_HAB_EU27_2020,ES43,2011,67.0
A,PPS_HAB_EU27_2020,ES43,2012,65.0
A,PPS_HAB_EU27_2020,ES43,2013,65.0
A,PPS_HAB_EU27_2020,ES43,2014,65.0
A,PPS_HAB_EU27_2020,ES43,2015,66.0
A,PPS_HAB_EU27_2020,ES43,2016,67.0
A,PPS_HAB_EU27_2020,ES43,2017,69.0
A,PPS_HAB_EU27_2020,ES43,2018,68.0
A,PPS_HAB_EU27_2020,ES43,2019,67.0
A,PPS_HAB_EU27_2020,ES43,2020,63.0
A,PPS_HAB_EU27_2020,ES43,2021,66.0
A,PPS_HAB_EU27_2020,ES43,2022,68.0
A,PPS_HAB_EU27_2020,ES43,2023,70.0
A,PPS_HAB_EU27_2020,ES43,2024,70.0
A,PPS_HAB_EU27_2020,ES5,2010,101.0
A,PPS_HAB_EU27_2020,ES5,2011,97.0
A,PPS_HAB_EU27_2020,ES5,2012,95.0
A,PPS_HAB_EU27_2020,ES5,2013,95.0
A,PPS_HAB_EU27_2020,ES5,2014,96.0
A,PPS_HAB_EU27_2020,ES5,2015,97.0
A,PPS_HAB_EU27_2020,ES5,2016,98.0
A,PPS_HAB_EU27_2020,ES5,2017,98.0
A,PPS_HAB_EU27_2020,ES5,2018,97.0
A,PPS_HAB_EU27_2020,ES5,2019,96.0
A,PPS_HAB_EU27_2020,ES5,2020,86.0
A,PPS_HAB_EU27_2020,ES5,2021,89.0
A,PPS_HAB_EU27_2020,ES5,2022,91.0
A,PPS_HAB_EU27_2020,ES5,2023,94.0
A,PPS_HAB_EU27_2020,ES5,2024,94.0
A,PPS_HAB_EU27_2020,ES51,2010,112.0
A,PPS_HAB_EU27_2020,ES51,2011,107.0
A,PPS_HAB_EU27_2020,ES51,2012,106.0
A,PPS_HAB_EU27_2020,ES51,2013,106.0
A,PPS_HAB_EU27_2020,ES51,2014,107.0
A,PPS_HAB_EU27_2020,ES51,2015,108.0
A,PPS_HAB_EU27_2020,ES51,2016,109.0
A,PPS_HAB_EU27_2020,ES51,2017,109.0
A,PPS_HAB_EU27_2020,ES51,2018,107.0
A,PPS_HAB_EU27_2020,ES51,2019,106.0
A,PPS_HAB_EU27_2020,ES51,2020,96.0
A,PPS_HAB_EU27_2020,ES51,2021,99.0
A,PPS_HAB_EU27_2020,ES51,2022,101.0
A,PPS_HAB_EU27_2020,ES51,2023,104.0
A,PPS_HAB_EU27_2020,ES51,2024,105.0
A,PPS_HAB_EU27_2020,ES52,2010,85.0
A,PPS_HAB_EU27_2020,ES52,2011,81.0
A,PPS_HAB_EU27_2020,ES52,2012,78.0
A,PPS_HAB_EU27_2020,ES52,2013,78.0
A,PPS_HAB_EU27_2020,ES52,2014,79.0
A,PPS_HAB_EU27_2020,ES52,2015,80.0
A,PPS_HAB_EU27_2020,ES52,2016,80.0
A,PPS_HAB_EU27_2020,ES52,2017,81.0
A,PPS_HAB_EU27_2020,ES52,2018,80.0
A,PPS_HAB_EU27_2020,ES52,2019,79.0
A,PPS_HAB_EU27_2020,ES52,2020,72.0
A,PPS_HAB_EU27_2020,ES52,2021,75.0
A,PPS_HAB_EU27_2020,ES52,2022,75.0
A,PPS_HAB_EU27_2020,ES52,2023,78.0
A,PPS_HAB_EU27_2020,ES52,2024,77.0
A,PPS_HAB_EU27_2020,ES53,2010,102.0
A,PPS_HAB_EU27_2020,ES53,2011,98.0
A,PPS_HAB_EU27_2020,ES53,2012,97.0
A,PPS_HAB_EU27_2020,ES53,2013,97.0
A,PPS_HAB_EU27_2020,ES53,2014,99.0
A,PPS_HAB_EU27_2020,ES53,2015,100.0
A,PPS_HAB_EU27_2020,ES53,2016,102.0
A,PPS_HAB_EU27_2020,ES53,2017,103.0
A,PPS_HAB_EU27_2020,ES53,2018,101.0
A,PPS_HAB_EU27_2020,ES53,2019,100.0
A,PPS_HAB_EU27_2020,ES53,2020,78.0
A,PPS_HAB_EU27_2020,ES53,2021,84.0
A,PPS_HAB_EU27_2020,ES53,2022,95.0
A,PPS_HAB_EU27_2020,ES53,2023,99.0
A,PPS_HAB_EU27_2020,ES53,2024,101.0
A,PPS_HAB_EU27_2020,ES6,2010,74.0
A,PPS_HAB_EU27_2020,ES6,2011,71.0
A,PPS_HAB_EU27_2020,ES6,2012,69.0
A,PPS_HAB_EU27_2020,ES6,2013,68.0
A,PPS_HAB_EU27_2020,ES6,2014,68.0
A,PPS_HAB_EU27_2020,ES6,2015,69.0
A,PPS_HAB_EU27_2020,ES6,2016,69.0
A,PPS_HAB_EU27_2020,ES6,2017,70.0
A,PPS_HAB_EU27_2020,ES6,2018,69.0
A,PPS_HAB_EU27_2020,ES6,2019,68.0
A,PPS_HAB_EU27_2020,ES6,2020,63.0
A,PPS_HAB_EU27_2020,ES6,2021,65.0
A,PPS_HAB_EU27_2020,ES6,2022,67.0
A,PPS_HAB_EU27_2020,ES6,2023,69.0
A,PPS_HAB_EU27_2020,ES6,2024,69.0
A,PPS_HAB_EU27_2020,ES61,2010,73.0
A,PPS_HAB_EU27_2020,ES61,2011,70.0
A,PPS_HAB_EU27_2020,ES61,2012,68.0
A,PPS_HAB_EU27_2020,ES61,2013,67.0
A,PPS_HAB_EU27_2020,ES61,2014,67.0
A,PPS_HAB_EU27_2020,ES61,2015,68.0
A,PPS_HAB_EU27_2020,ES61,2016,68.0
A,PPS_HAB_EU27_2020,ES61,2017,69.0
A,PPS_HAB_EU27_2020,ES61,2018,68.0
A,PPS_HAB_EU27_2020,ES61,2019,67.0
A,PPS_HAB_EU27_2020,ES61,2020,61.0
A,PPS_HAB_EU27_2020,ES61,2021,64.0
A,PPS_HAB_EU27_2020,ES61,2022,66.0
A,PPS_HAB_EU27_2020,ES61,2023,68.0
A,PPS_HAB_EU27_2020,ES61,2024,69.0
A,PPS_HAB_EU27_2020,ES62,2010,81.0
A,PPS_HAB_EU27_2020,ES62,2011,76.0
A,PPS_HAB_EU27_2020,ES62,2012,75.0
A,PPS_HAB_EU27_2020,ES62,2013,75.0
A,PPS_HAB_EU27_2020,ES62,2014,75.0
A,PPS_HAB_EU27_2020,ES62,2015,77.0
A,PPS_HAB_EU27_2020,ES62,2016,77.0
A,PPS_HAB_EU27_2020,ES62,2017,78.0
A,PPS_HAB_EU27_2020,ES62,2018,75.0
A,PPS_HAB_EU27_2020,ES62,2019,75.0
A,PPS_HAB_EU27_2020,ES62,2020,69.0
A,PPS_HAB_EU27_2020,ES62,2021,72.0
A,PPS_HAB_EU27_2020,ES62,2022,74.0
A,PPS_HAB_EU27_2020,ES62,2023,75.0
A,PPS_HAB_EU27_2020,ES62,2024,75.0
A,PPS_HAB_EU27_2020,ES63,2010,77.0
A,PPS_HAB_EU27_2020,ES63,2011,73.0
A,PPS_HAB_EU27_2020,ES63,2012,70.0
A,PPS_HAB_EU27_2020,ES63,2013,70.0
A,PPS_HAB_EU27_2020,ES63,2014,69.0
A,PPS_HAB_EU27_2020,ES63,2015,69.0
A,PPS_HAB_EU27_2020,ES63,2016,69.0
A,PPS_HAB_EU27_2020,ES63,2017,67.0
A,PPS_HAB_EU27_2020,ES63,2018,66.0
A,PPS_HAB_EU27_2020,ES63,2019,66.0
A,PPS_HAB_EU27_2020,ES63,2020,63.0
A,PPS_HAB_EU27_2020,ES63,2021,64.0
A,PPS_HAB_EU27_2020,ES63,2022,65.0
A,PPS_HAB_EU27_2020,ES63,2023,66.0
A,PPS_HAB_EU27_2020,ES63,2024,64.0
A,PPS_HAB_EU27_2020,ES64,2010,73.0
A,PPS_HAB_EU27_2020,ES64,2011,69.0
A,PPS_HAB_EU27_2020,ES64,2012,66.0
A,PPS_HAB_EU27_2020,ES64,2013,65.0
A,PPS_HAB_EU27_2020,ES64,2014,65.0
A,PPS_HAB_EU27_2020,ES64,2015,64.0
A,PPS_HAB_EU27_2020,ES64,2016,64.0
A,PPS_HAB_EU27_2020,ES64,2017,63.0
A,PPS_HAB_EU27_2020,ES64,2018,61.0
A,PPS_HAB_EU27_2020,ES64,2019,61.0
A,PPS_HAB_EU27_2020,ES64,2020,58.0
A,PPS_HAB_EU27_2020,ES64,2021,58.0
A,PPS_HAB_EU27_2020,ES64,2022,59.0
A,PPS_HAB_EU27_2020,ES64,2023,60.0
A,PPS_HAB_EU27_2020,ES64,2024,59.0
A,PPS_HAB_EU27_2020,ES7,2010,80.0
A,PPS_HAB_EU27_2020,ES7,2011,77.0
A,PPS_HAB_EU27_2020,ES7,2012,75.0
A,PPS_HAB_EU27_2020,ES7,2013,74.0
A,PPS_HAB_EU27_2020,ES7,2014,74.0
A,PPS_HAB_EU27_2020,ES7,2015,73.0
A,PPS_HAB_EU27_2020,ES7,2016,74.0
A,PPS_HAB_EU27_2020,ES7,2017,75.0
A,PPS_HAB_EU27_2020,ES7,2018,73.0
A,PPS_HAB_EU27_2020,ES7,2019,72.0
A,PPS_HAB_EU27_2020,ES7,2020,60.0
A,PPS_HAB_EU27_2020,ES7,2021,62.0
A,PPS_HAB_EU27_2020,ES7,2022,68.0
A,PPS_HAB_EU27_2020,ES7,2023,71.0
A,PPS_HAB_EU27_2020,ES7,2024,72.0
A,PPS_HAB_EU27_2020,ES70,2010,80.0
A,PPS_HAB_EU27_2020,ES70,2011,77.0
A,PPS_HAB_EU27_2020,ES70,2012,75.0
A,PPS_HAB_EU27_2020,ES70,2013,74.0
A,PPS_HAB_EU27_2020,ES70,2014,74.0
A,PPS_HAB_EU27_2020,ES70,2015,73.0
A,PPS_HAB_EU27_2020,ES70,2016,74.0
A,PPS_HAB_EU27_2020,ES70,2017,75.0
A,PPS_HAB_EU27_2020,ES70,2018,73.0
A,PPS_HAB_EU27_2020,ES70,2019,72.0
A,PPS_HAB_EU27_2020,ES70,2020,60.0
A,PPS_HAB_EU27_2020,ES70,2021,62.0
A,PPS_HAB_EU27_2020,ES70,2022,68.0
A,PPS_HAB_EU27_2020,ES70,2023,71.0
A,PPS_HAB_EU27_2020,ES70,2024,72.0
A,PPS_HAB_EU27_2020,EU27_2020,2010,100.0
A,PPS_HAB_EU27_2020,EU27_2020,2011,100.0
A,PPS_HAB_EU27_2020,EU27_2020,2012,100.0
A,PPS_HAB_EU27_2020,EU27_2020,2013,100.0
A,PPS_HAB_EU27_2020,EU27_2020,2014,100.0
A,PPS_HAB_EU27_2020,EU27_2020,2015,100.0
A,PPS_HAB_EU27_2020,EU27_2020,2016,100.0
A,PPS_HAB_EU27_2020,EU27_2020,2017,100.0
A,PPS_HAB_EU27_2020,EU27_2020,2018,100.0
A,PPS_HAB_EU27_2020,EU27_2020,2019,100.0
A,PPS_HAB_EU27_2020,EU27_2020,2020,100.0
A,PPS_HAB_EU27_2020,EU27_2020,2021,100.0
A,PPS_HAB_EU27_2020,EU27_2020,2022,100.0
A,PPS_HAB_EU27_2020,EU27_2020,2023,100.0
A,PPS_HAB_EU27_2020,EU27_2020,2024,100.0
A,PPS_HAB_EU27_2020,FI,2010,117.0
A,PPS_HAB_EU27_2020,FI,2011,118.0
A,PPS_HAB_EU27_2020,FI,2012,116.0
A,PPS_HAB_EU27_2020,FI,2013,114.0
A,PPS_HAB_EU27_2020,FI,2014,111.0
A,PPS_HAB_EU27_2020,FI,2015,109.0
A,PPS_HAB_EU27_2020,FI,2016,109.0
A,PPS_HAB_EU27_2020,FI,2017,109.0
A,PPS_HAB_EU27_2020,FI,2018,109.0
A,PPS_HAB_EU27_2020,FI,2019,107.0
A,PPS_HAB_EU27_2020,FI,2020,112.0
A,PPS_HAB_EU27_2020,FI,2021,109.0
A,PPS_HAB_EU27_2020,FI,2022,106.0
A,PPS_HAB_EU27_2020,FI,2023,103.0
A,PPS_HAB_EU27_2020,FI,2024,102.0
A,PPS_HAB_EU27_2020,FI1,2010,117.0
A,PPS_HAB_EU27_2020,FI1,2011,117.0
A,PPS_HAB_EU27_2020,FI1,2012,116.0
A,PPS_HAB_EU27_2020,FI1,2013,113.0
A,PPS_HAB_EU27_2020,FI1,2014,111.0
A,PPS_HAB_EU27_2020,FI1,2015,109.0
A,PPS_HAB_EU27_2020,FI1,2016,109.0
A,PPS_HAB_EU27_2020,FI1,2017,109.0
A,PPS_HAB_EU27_2020,FI1,2018,109.0
A,PPS_HAB_EU27_2020,FI1,2019,107.0
A,PPS_HAB_EU27_2020,FI1,2020,112.0
A,PPS_HAB_EU27_2020,FI1,2021,109.0
A,PPS_HAB_EU27_2020,FI1,2022,106.0
A,PPS_HAB_EU27_2020,FI1,2023,103.0
A,PPS_HAB_EU27_2020,FI1,2024,102.0
A,PPS_HAB_EU27_2020,FI19,2010,105.0
A,PPS_HAB_EU27_2020,FI19,2011,107.0
A,PPS_HAB_EU27_2020,FI19,2012,106.0
A,PPS_HAB_EU27_2020,FI19,2013,102.0
A,PPS_HAB_EU27_2020,FI19,2014,99.0
A,PPS_HAB_EU27_2020,FI19,2015,97.0
A,PPS_HAB_EU27_2020,FI19,2016,96.0
A,PPS_HAB_EU27_2020,FI19,2017,96.0
A,PPS_HAB_EU27_2020,FI19,2018,96.0
A,PPS_HAB_EU27_2020,FI19,2019,94.0
A,PPS_HAB_EU27_2020,FI19,2020,99.0
A,PPS_HAB_EU27_2020,FI19,2021,97.0
A,PPS_HAB_EU27_2020,FI19,2022,95.0
A,PPS_HAB_EU27_2020,FI19,2023,94.0
A,PPS_HAB_EU27_2020,FI19,2024,93.0
A,PPS_HAB_EU27_2020,FI1B,2010,161.0
A,PPS_HAB_EU27_2020,FI1B,2011,156.0
A,PPS_HAB_EU27_2020,FI1B,2012,152.0
A,PPS_HAB_EU27_2020,FI1B,2013,151.0
A,PPS_HAB_EU27_2020,FI1B,2014,146.0
A,PPS_HAB_EU27_2020,FI1B,2015,145.0
A,PPS_HAB_EU27_2020,FI1B,2016,144.0
A,PPS_HAB_EU27_2020,FI1B,2017,144.0
A,PPS_HAB_EU27_2020,FI1B,2018,143.0
A,PPS_HAB_EU27_2020,FI1B,2019,141.0
A,PPS_HAB_EU27_2020,FI1B,2020,145.0
A,PPS_HAB_EU27_2020,FI1B,2021,140.0
A,PPS_HAB_EU27_2020,FI1B,2022,134.0
A,PPS_HAB_EU27_2020,FI1B,2023,131.0
A,PPS_HAB_EU27_2020,FI1B,2024,128.0
A,PPS_HAB_EU27_2020,FI1C,2010,100.0
A,PPS_HAB_EU27_2020,FI1C,2011,103.0
A,PPS_HAB_EU27_2020,FI1C,2012,103.0
A,PPS_HAB_EU27_2020,FI1C,2013,99.0
A,PPS_HAB_EU27_2020,FI1C,2014,98.0
A,PPS_HAB_EU27_2020,FI1C,2015,96.0
A,PPS_HAB_EU27_2020,FI1C,2016,96.0
A,PPS_HAB_EU27_2020,FI1C,2017,98.0
A,PPS_HAB_EU27_2020,FI1C,2018,97.0
A,PPS_HAB_EU27_2020,FI1C,2019,95.0
A,PPS_HAB_EU27_2020,FI1C,2020,99.0
A,PPS_HAB_EU27_2020,FI1C,2021,97.0
A,PPS_HAB_EU27_2020,FI1C,2022,94.0
A,PPS_HAB_EU27_2020,FI1C,2023,89.0
A,PPS_HAB_EU27_2020,FI1C,2024,89.0
A,PPS_HAB_EU27_2020,FI1D,2010,94.0
A,PPS_HAB_EU27_2020,FI1D,2011,95.0
A,PPS_HAB_EU27_2020,FI1D,2012,94.0
A,PPS_HAB_EU27_2020,FI1D,2013,93.0
A,PPS_HAB_EU27_2020,FI1D,2014,91.0
A,PPS_HAB_EU27_2020,FI1D,2015,88.0
A,PPS_HAB_EU27_2020,FI1D,2016,89.0
A,PPS_HAB_EU27_2020,FI1D,2017,90.0
A,PPS_HAB_EU27_2020,FI1D,2018,90.0
A,PPS_HAB_EU27_2020,FI1D,2019,88.0
A,PPS_HAB_EU27_2020,FI1D,2020,93.0
A,PPS_HAB_EU27_2020,FI1D,2021,91.0
A,PPS_HAB_EU27_2020,FI1D,2022,92.0
A,PPS_HAB_EU27_2020,FI1D,2023,88.0
A,PPS_HAB_EU27_2020,FI1D,2024,89.0
A,PPS_HAB_EU27_2020,FI2,2010,139.0
A,PPS_HAB_EU27_2020,FI2,2011,136.0
A,PPS_HAB_EU27_2020,FI2,2012,144.0
A,PPS_HAB_EU27_2020,FI2,2013,143.0
A,PPS_HAB_EU27_2020,FI2,2014,140.0
A,PPS_HAB_EU27_2020,FI2,2015,135.0
A,PPS_HAB_EU27_2020,FI2,2016,128.0
A,PPS_HAB_EU27_2020,FI2,2017,126.0
A,PPS_HAB_EU27_2020,FI2,2018,112.0
A,PPS_HAB_EU27_2020,FI2,2019,112.0
A,PPS_HAB_EU27_2020,FI2,2020,103.0
A,PPS_HAB_EU27_2020,FI2,2021,107.0
A,PPS_HAB_EU27_2020,FI2,2022,108.0
A,PPS_HAB_EU27_2020,FI2,2023,114.0
A,PPS_HAB_EU27_2020,FI2,2024,111.0
A,PPS_HAB_EU27_2020,FI20,2010,139.0
A,PPS_HAB_EU27_2020,FI20,2011,136.0
A,PPS_HAB_EU27_2020,FI20,2012,144.0
A,PPS_HAB_EU27_2020,FI20,2013,143.0
A,PPS_HAB_EU27_2020,FI20,2014,140.0
A,PPS_HAB_EU27_2020,FI20,2015,135.0
A,PPS_HAB_EU27_2020,FI20,2016,128.0
A,PPS_HAB_EU27_2020,FI20,2017,126.0
A,PPS_HAB_EU27_2020,FI20,2018,112.0
A,PPS_HAB_EU27_2020,FI20,2019,112.0
A,PPS_HAB_EU27_2020,FI20,2020,103.0
A,PPS_HAB_EU27_2020,FI20,2021,107.0
A,PPS_HAB_EU27_2020,FI20,2022,108.0
A,PPS_HAB_EU27_2020,FI20,2023,114.0
A,PPS_HAB_EU27_2020,FI20,2024,111.0
A,PPS_HAB_EU27_2020,FR,2010,109.0
A,PPS_HAB_EU27_2020,FR,2011,108.0
A,PPS_HAB_EU27_2020,FR,2012,108.0
A,PPS_HAB_EU27_2020,FR,2013,109.0
A,PPS_HAB_EU27_2020,FR,2014,108.0
A,PPS_HAB_EU27_2020,FR,2015,106.0
A,PPS_HAB_EU27_2020,FR,2016,105.0
A,PPS_HAB_EU27_2020,FR,2017,103.0
A,PPS_HAB_EU27_2020,FR,2018,103.0
A,PPS_HAB_EU27_2020,FR,2019,105.0
A,PPS_HAB_EU27_2020,FR,2020,104.0
A,PPS_HAB_EU27_2020,FR,2021,101.0
A,PPS_HAB_EU27_2020,FR,2022,97.0
A,PPS_HAB_EU27_2020,FR,2023,99.0
A,PPS_HAB_EU27_2020,FR,2024,98.0
A,PPS_HAB_EU27_2020,FR1,2010,177.0
A,PPS_HAB_EU27_2020,FR1,2011,174.0
A,PPS_HAB_EU27_2020,FR1,2012,174.0
A,PPS_HAB_EU27_2020,FR1,2013,178.0
A,PPS_HAB_EU27_2020,FR1,2014,176.0
A,PPS_HAB_EU27_2020,FR1,2015,173.0
A,PPS_HAB_EU27_2020,FR1,2016,172.0
A,PPS_HAB_EU27_2020,FR1,2017,168.0
A,PPS_HAB_EU27_2020,FR1,2018,168.0
A,PPS_HAB_EU27_2020,FR1,2019,174.0
A,PPS_HAB_EU27_2020,FR1,2020,166.0
A,PPS_HAB_EU27_2020,FR1,2021,162.0
A,PPS_HAB_EU27_2020,FR1,2022,158.0
A,PPS_HAB_EU27_2020,FR1,2023,160.0
A,PPS_HAB_EU27_2020,FR1,2024,160.0
A,PPS_HAB_EU27_2020,FR10,2010,177.0
A,PPS_HAB_EU27_2020,FR10,2011,174.0
A,PPS_HAB_EU27_2020,FR10,2012,174.0
A,PPS_HAB_EU27_2020,FR10,2013,178.0
A,PPS_HAB_EU27_2020,FR10,2014,176.0
A,PPS_HAB_EU27_2020,FR10,2015,173.0
A,PPS_HAB_EU27_2020,FR10,2016,172.0
A,PPS_HAB_EU27_2020,FR10,2017,168.0
A,PPS_HAB_EU27_2020,FR10,2018,168.0
A,PPS_HAB_EU27_2020,FR10,2019,174.0
A,PPS_HAB_EU27_2020,FR10,2020,166.0
A,PPS_HAB_EU27_2020,FR10,2021,162.0
A,PPS_HAB_EU27_2020,FR10,2022,158.0
A,PPS_HAB_EU27_2020,FR10,2023,160.0
A,PPS_HAB_EU27_2020,FR10,2024,160.0
A,PPS_HAB_EU27_2020,FRB,2010,92.0
A,PPS_HAB_EU27_2020,FRB,2011,92.0
A,PPS_HAB_EU27_2020,FRB,2012,91.0
A,PPS_HAB_EU27_2020,FRB,2013,92.0
A,PPS_HAB_EU27_2020,FRB,2014,90.0
A,PPS_HAB_EU27_2020,FRB,2015,89.0
A,PPS_HAB_EU27_2020,FRB,2016,87.0
A,PPS_HAB_EU27_2020,FRB,2017,86.0
A,PPS_HAB_EU27_2020,FRB,2018,85.0
A,PPS_HAB_EU27_2020,FRB,2019,86.0
A,PPS_HAB_EU27_2020,FRB,2020,87.0
A,PPS_HAB_EU27_2020,FRB,2021,83.0
A,PPS_HAB_EU27_2020,FRB,2022,79.0
A,PPS_HAB_EU27_2020,FRB,2023,83.0
A,PPS_HAB_EU27_2020,FRB,2024,82.0
A,PPS_HAB_EU27_2020,FRB0,2010,92.0
A,PPS_HAB_EU27_2020,FRB0,2011,92.0
A,PPS_HAB_EU27_2020,FRB0,2012,91.0
A,PPS_HAB_EU27_2020,FRB0,2013,92.0
A,PPS_HAB_EU27_2020,FRB0,2014,90.0
A,PPS_HAB_EU27_2020,FRB0,2015,89.0
A,PPS_HAB_EU27_2020,FRB0,2016,87.0
A,PPS_HAB_EU27_2020,FRB0,2017,86.0
A,PPS_HAB_EU27_2020,FRB0,2018,85.0
A,PPS_HAB_EU27_2020,FRB0,2019,86.0
A,PPS_HAB_EU27_2020,FRB0,2020,87.0
A,PPS_HAB_EU27_2020,FRB0,2021,83.0
A,PPS_HAB_EU27_2020,FRB0,2022,79.0
A,PPS_HAB_EU27_2020,FRB0,2023,83.0
A,PPS_HAB_EU27_2020,FRB0,2024,82.0
A,PPS_HAB_EU27_2020,FRC,2010,90.0
A,PPS_HAB_EU27_2020,FRC,2011,90.0
A,PPS_HAB_EU27_2020,FRC,2012,88.0
A,PPS_HAB_EU27_2020,FRC,2013,89.0
A,PPS_HAB_EU27_2020,FRC,2014,89.0
A,PPS_HAB_EU27_2020,FRC,2015,87.0
A,PPS_HAB_EU27_2020,FRC,2016,85.0
A,PPS_HAB_EU27_2020,FRC,2017,84.0
A,PPS_HAB_EU27_2020,FRC,2018,83.0
A,PPS_HAB_EU27_2020,FRC,2019,85.0
A,PPS_HAB_EU27_2020,FRC,2020,86.0
A,PPS_HAB_EU27_2020,FRC,2021,82.0
A,PPS_HAB_EU27_2020,FRC,2022,78.0
A,PPS_HAB_EU27_2020,FRC,2023,80.0
A,PPS_HAB_EU27_2020,FRC,2024,79.0
A,PPS_HAB_EU27_2020,FRC1,2010,91.0
A,PPS_HAB_EU27_2020,FRC1,2011,92.0
A,PPS_HAB_EU27_2020,FRC1,2012,91.0
A,PPS_HAB_EU27_2020,FRC1,2013,92.0
A,PPS_HAB_EU27_2020,FRC1,2014,92.0
A,PPS_HAB_EU27_2020,FRC1,2015,89.0
A,PPS_HAB_EU27_2020,FRC1,2016,87.0
A,PPS_HAB_EU27_2020,FRC1,2017,87.0
A,PPS_HAB_EU27_2020,FRC1,2018,87.0
A,PPS_HAB_EU27_2020,FRC1,2019,87.0
A,PPS_HAB_EU27_2020,FRC1,2020,88.0
A,PPS_HAB_EU27_2020,FRC1,2021,85.0
A,PPS_HAB_EU27_2020,FRC1,2022,82.0
A,PPS_HAB_EU27_2020,FRC1,2023,83.0
A,PPS_HAB_EU27_2020,FRC1,2024,83.0
A,PPS_HAB_EU27_2020,FRC2,2010,89.0
A,PPS_HAB_EU27_2020,FRC2,2011,88.0
A,PPS_HAB_EU27_2020,FRC2,2012,83.0
A,PPS_HAB_EU27_2020,FRC2,2013,84.0
A,PPS_HAB_EU27_2020,FRC2,2014,84.0
A,PPS_HAB_EU27_2020,FRC2,2015,83.0
A,PPS_HAB_EU27_2020,FRC2,2016,82.0
A,PPS_HAB_EU27_2020,FRC2,2017,81.0
A,PPS_HAB_EU27_2020,FRC2,2018,79.0
A,PPS_HAB_EU27_2020,FRC2,2019,81.0
A,PPS_HAB_EU27_2020,FRC2,2020,82.0
A,PPS_HAB_EU27_2020,FRC2,2021,77.0
A,PPS_HAB_EU27_2020,FRC2,2022,73.0
A,PPS_HAB_EU27_2020,FRC2,2023,75.0
A,PPS_HAB_EU27_2020,FRC2,2024,74.0
A,PPS_HAB_EU27_2020,FRD,2010,94.0
A,PPS_HAB_EU27_2020,FRD,2011,94.0
A,PPS_HAB_EU27_2020,FRD,2012,92.0
A,PPS_HAB_EU27_2020,FRD,2013,94.0
A,PPS_HAB_EU27_2020,FRD,2014,92.0
A,PPS_HAB_EU27_2020,FRD,2015,91.0
A,PPS_HAB_EU27_2020,FRD,2016,88.0
A,PPS_HAB_EU27_2020,FRD,2017,86.0
A,PPS_HAB_EU27_2020,FRD,2018,85.0
A,PPS_HAB_EU27_2020,FRD,2019,86.0
A,PPS_HAB_EU27_2020,FRD,2020,86.0
A,PPS_HAB_EU27_2020,FRD,2021,83.0
A,PPS_HAB_EU27_2020,FRD,2022,80.0
A,PPS_HAB_EU27_2020,FRD,2023,83.0
A,PPS_HAB_EU27_2020,FRD,2024,81.0
A,PPS_HAB_EU27_2020,FRD1,2010,91.0
A,PPS_HAB_EU27_2020,FRD1,2011,91.0
A,PPS_HAB_EU27_2020,FRD1,2012,89.0
A,PPS_HAB_EU27_2020,FRD1,2013,91.0
A,PPS_HAB_EU27_2020,FRD1,2014,89.0
A,PPS_HAB_EU27_2020,FRD1,2015,87.0
A,PPS_HAB_EU27_2020,FRD1,2016,86.0
A,PPS_HAB_EU27_2020,FRD1,2017,82.0
A,PPS_HAB_EU27_2020,FRD1,2018,82.0
A,PPS_HAB_EU27_2020,FRD1,2019,84.0
A,PPS_HAB_EU27_2020,FRD1,2020,84.0
A,PPS_HAB_EU27_2020,FRD1,2021,80.0
A,PPS_HAB_EU27_2020,FRD1,2022,78.0
A,PPS_HAB_EU27_2020,FRD1,2023,81.0
A,PPS_HAB_EU27_2020,FRD1,2024,80.0
A,PPS_HAB_EU27_2020,FRD2,2010,97.0
A,PPS_HAB_EU27_2020,FRD2,2011,96.0
A,PPS_HAB_EU27_2020,FRD2,2012,96.0
A,PPS_HAB_EU27_2020,FRD2,2013,97.0
A,PPS_HAB_EU27_2020,FRD2,2014,95.0
A,PPS_HAB_EU27_2020,FRD2,2015,94.0
A,PPS_HAB_EU27_2020,FRD2,2016,90.0
A,PPS_HAB_EU27_2020,FRD2,2017,88.0
A,PPS_HAB_EU27_2020,FRD2,2018,86.0
A,PPS_HAB_EU27_2020,FRD2,2019,88.0
A,PPS_HAB_EU27_2020,FRD2,2020,87.0
A,PPS_HAB_EU27_2020,FRD2,2021,84.0
A,PPS_HAB_EU27_2020,FRD2,2022,82.0
A,PPS_HAB_EU27_2020,FRD2,2023,84.0
A,PPS_HAB_EU27_2020,FRD2,2024,83.0
A,PPS_HAB_EU27_2020,FRE,2010,85.0
A,PPS_HAB_EU27_2020,FRE,2011,85.0
A,PPS_HAB_EU27_2020,FRE,2012,84.0
A,PPS_HAB_EU27_2020,FRE,2013,85.0
A,PPS_HAB_EU27_2020,FRE,2014,84.0
A,PPS_HAB_EU27_2020,FRE,2015,83.0
A,PPS_HAB_EU27_2020,FRE,2016,81.0
A,PPS_HAB_EU27_2020,FRE,2017,80.0
A,PPS_HAB_EU27_2020,FRE,2018,79.0
A,PPS_HAB_EU27_2020,FRE,2019,80.0
A,PPS_HAB_EU27_2020,FRE,2020,81.0
A,PPS_HAB_EU27_2020,FRE,2021,77.0
A,PPS_HAB_EU27_2020,FRE,2022,75.0
A,PPS_HAB_EU27_2020,FRE,2023,77.0
A,PPS_HAB_EU27_2020,FRE,2024,76.0
A,PPS_HAB_EU27_2020,FRE1,2010,86.0
A,PPS_HAB_EU27_2020,FRE1,2011,86.0
A,PPS_HAB_EU27_2020,FRE1,2012,85.0
A,PPS_HAB_EU27_2020,FRE1,2013,86.0
A,PPS_HAB_EU27_2020,FRE1,2014,85.0
A,PPS_HAB_EU27_2020,FRE1,2015,84.0
A,PPS_HAB_EU27_2020,FRE1,2016,83.0
A,PPS_HAB_EU27_2020,FRE1,2017,82.0
A,PPS_HAB_EU27_2020,FRE1,2018,81.0
A,PPS_HAB_EU27_2020,FRE1,2019,82.0
A,PPS_HAB_EU27_2020,FRE1,2020,83.0
A,PPS_HAB_EU27_2020,FRE1,2021,79.0
A,PPS_HAB_EU27_2020,FRE1,2022,76.0
A,PPS_HAB_EU27_2020,FRE1,2023,78.0
A,PPS_HAB_EU27_2020,FRE1,2024,77.0
A,PPS_HAB_EU27_2020,FRE2,2010,82.0
A,PPS_HAB_EU27_2020,FRE2,2011,82.0
A,PPS_HAB_EU27_2020,FRE2,2012,82.0
A,PPS_HAB_EU27_2020,FRE2,2013,82.0
A,PPS_HAB_EU27_2020,FRE2,2014,80.0
A,PPS_HAB_EU27_2020,FRE2,2015,80.0
A,PPS_HAB_EU27_2020,FRE2,2016,77.0
A,PPS_HAB_EU27_2020,FRE2,2017,77.0
A,PPS_HAB_EU27_2020,FRE2,2018,75.0
A,PPS_HAB_EU27_2020,FRE2,2019,76.0
A,PPS_HAB_EU27_2020,FRE2,2020,76.0
A,PPS_HAB_EU27_2020,FRE2,2021,73.0
A,PPS_HAB_EU27_2020,FRE2,2022,72.0
A,PPS_HAB_EU27_2020,FRE2,2023,74.0
A,PPS_HAB_EU27_2020,FRE2,2024,73.0
A,PPS_HAB_EU27_2020,FRF,2010,92.0
A,PPS_HAB_EU27_2020,FRF,2011,93.0
A,PPS_HAB_EU27_2020,FRF,2012,90.0
A,PPS_HAB_EU27_2020,FRF,2013,92.0
A,PPS_HAB_EU27_2020,FRF,2014,91.0
A,PPS_HAB_EU27_2020,FRF,2015,89.0
A,PPS_HAB_EU27_2020,FRF,2016,87.0
A,PPS_HAB_EU27_2020,FRF,2017,86.0
A,PPS_HAB_EU27_2020,FRF,2018,85.0
A,PPS_HAB_EU27_2020,FRF,2019,86.0
A,PPS_HAB_EU27_2020,FRF,2020,86.0
A,PPS_HAB_EU27_2020,FRF,2021,82.0
A,PPS_HAB_EU27_2020,FRF,2022,80.0
A,PPS_HAB_EU27_2020,FRF,2023,83.0
A,PPS_HAB_EU27_2020,FRF,2024,82.0
A,PPS_HAB_EU27_2020,FRF1,2010,102.0
A,PPS_HAB_EU27_2020,FRF1,2011,102.0
A,PPS_HAB_EU27_2020,FRF1,2012,100.0
A,PPS_HAB_EU27_2020,FRF1,2013,102.0
A,PPS_HAB_EU27_2020,FRF1,2014,101.0
A,PPS_HAB_EU27_2020,FRF1,2015,98.0
A,PPS_HAB_EU27_2020,FRF1,2016,98.0
A,PPS_HAB_EU27_2020,FRF1,2017,96.0
A,PPS_HAB_EU27_2020,FRF1,2018,96.0
A,PPS_HAB_EU27_2020,FRF1,2019,97.0
A,PPS_HAB_EU27_2020,FRF1,2020,96.0
A,PPS_HAB_EU27_2020,FRF1,2021,92.0
A,PPS_HAB_EU27_2020,FRF1,2022,88.0
A,PPS_HAB_EU27_2020,FRF1,2023,91.0
A,PPS_HAB_EU27_2020,FRF1,2024,89.0
A,PPS_HAB_EU27_2020,FRF2,2010,95.0
A,PPS_HAB_EU27_2020,FRF2,2011,97.0
A,PPS_HAB_EU27_2020,FRF2,2012,94.0
A,PPS_HAB_EU27_2020,FRF2,2013,95.0
A,PPS_HAB_EU27_2020,FRF2,2014,93.0
A,PPS_HAB_EU27_2020,FRF2,2015,91.0
A,PPS_HAB_EU27_2020,FRF2,2016,88.0
A,PPS_HAB_EU27_2020,FRF2,2017,87.0
A,PPS_HAB_EU27_2020,FRF2,2018,87.0
A,PPS_HAB_EU27_2020,FRF2,2019,88.0
A,PPS_HAB_EU27_2020,FRF2,2020,87.0
A,PPS_HAB_EU27_2020,FRF2,2021,84.0
A,PPS_HAB_EU27_2020,FRF2,2022,85.0
A,PPS_HAB_EU27_2020,FRF2,2023,89.0
A,PPS_HAB_EU27_2020,FRF2,2024,87.0
A,PPS_HAB_EU27_2020,FRF3,2010,83.0
A,PPS_HAB_EU27_2020,FRF3,2011,82.0
A,PPS_HAB_EU27_2020,FRF3,2012,80.0
A,PPS_HAB_EU27_2020,FRF3,2013,82.0
A,PPS_HAB_EU27_2020,FRF3,2014,81.0
A,PPS_HAB_EU27_2020,FRF3,2015,80.0
A,PPS_HAB_EU27_2020,FRF3,2016,78.0
A,PPS_HAB_EU27_2020,FRF3,2017,77.0
A,PPS_HAB_EU27_2020,FRF3,2018,76.0
A,PPS_HAB_EU27_2020,FRF3,2019,76.0
A,PPS_HAB_EU27_2020,FRF3,2020,77.0
A,PPS_HAB_EU27_2020,FRF3,2021,73.0
A,PPS_HAB_EU27_2020,FRF3,2022,70.0
A,PPS_HAB_EU27_2020,FRF3,2023,73.0
A,PPS_HAB_EU27_2020,FRF3,2024,72.0
A,PPS_HAB_EU27_2020,FRG,2010,94.0
A,PPS_HAB_EU27_2020,FRG,2011,96.0
A,PPS_HAB_EU27_2020,FRG,2012,94.0
A,PPS_HAB_EU27_2020,FRG,2013,96.0
A,PPS_HAB_EU27_2020,FRG,2014,95.0
A,PPS_HAB_EU27_2020,FRG,2015,95.0
A,PPS_HAB_EU27_2020,FRG,2016,93.0
A,PPS_HAB_EU27_2020,FRG,2017,92.0
A,PPS_HAB_EU27_2020,FRG,2018,91.0
A,PPS_HAB_EU27_2020,FRG,2019,94.0
A,PPS_HAB_EU27_2020,FRG,2020,95.0
A,PPS_HAB_EU27_2020,FRG,2021,91.0
A,PPS_HAB_EU27_2020,FRG,2022,86.0
A,PPS_HAB_EU27_2020,FRG,2023,88.0
A,PPS_HAB_EU27_2020,FRG,2024,87.0
A,PPS_HAB_EU27_2020,FRG0,2010,94.0
A,PPS_HAB_EU27_2020,FRG0,2011,96.0
A,PPS_HAB_EU27_2020,FRG0,2012,94.0
A,PPS_HAB_EU27_2020,FRG0,2013,96.0
A,PPS_HAB_EU27_2020,FRG0,2014,95.0
A,PPS_HAB_EU27_2020,FRG0,2015,95.0
A,PPS_HAB_EU27_2020,FRG0,2016,93.0
A,PPS_HAB_EU27_2020,FRG0,2017,92.0
A,PPS_HAB_EU27_2020,FRG0,2018,91.0
A,PPS_HAB_EU27_2020,FRG0,2019,94.0
A,PPS_HAB_EU27_2020,FRG0,2020,95.0
A,PPS_HAB_EU27_2020,FRG0,2021,91.0
A,PPS_HAB_EU27_2020,FRG0,2022,86.0
A,PPS_HAB_EU27_2020,FRG0,2023,88.0
A,PPS_HAB_EU27_2020,FRG0,2024,87.0
A,PPS_HAB_EU27_2020,FRH,2010,89.0
A,PPS_HAB_EU27_2020,FRH,2011,90.0
A,PPS_HAB_EU27_2020,FRH,2012,89.0
A,PPS_HAB_EU27_2020,FRH,2013,91.0
A,PPS_HAB_EU27_2020,FRH,2014,91.0
A,PPS_HAB_EU27_2020,FRH,2015,90.0
A,PPS_HAB_EU27_2020,FRH,2016,89.0
A,PPS_HAB_EU27_2020,FRH,2017,88.0
A,PPS_HAB_EU27_2020,FRH,2018,87.0
A,PPS_HAB_EU27_2020,FRH,2019,89.0
A,PPS_HAB_EU27_2020,FRH,2020,90.0
A,PPS_HAB_EU27_2020,FRH,2021,86.0
A,PPS_HAB_EU27_2020,FRH,2022,83.0
A,PPS_HAB_EU27_2020,FRH,2023,85.0
A,PPS_HAB_EU27_2020,FRH,2024,84.0
A,PPS_HAB_EU27_2020,FRH0,2010,89.0
A,PPS_HAB_EU27_2020,FRH0,2011,90.0
A,PPS_HAB_EU27_2020,FRH0,2012,89.0
A,PPS_HAB_EU27_2020,FRH0,2013,91.0
A,PPS_HAB_EU27_2020,FRH0,2014,91.0
A,PPS_HAB_EU27_2020,FRH0,2015,90.0
A,PPS_HAB_EU27_2020,FRH0,2016,89.0
A,PPS_HAB_EU27_2020,FRH0,2017,88.0
A,PPS_HAB_EU27_2020,FRH0,2018,87.0
A,PPS_HAB_EU27_2020,FRH0,2019,89.0
A,PPS_HAB_EU27_2020,FRH0,2020,90.0
A,PPS_HAB_EU27_2020,FRH0,2021,86.0
A,PPS_HAB_EU27_2020,FRH0,2022,83.0
A,PPS_HAB_EU27_2020,FRH0,2023,85.0
A,PPS_HAB_EU27_2020,FRH0,2024,84.0
A,PPS_HAB_EU27_2020,FRI,2010,91.0
A,PPS_HAB_EU27_2020,FRI,2011,92.0
A,PPS_HAB_EU27_2020,FRI,2012,91.0
A,PPS_HAB_EU27_2020,FRI,2013,92.0
A,PPS_HAB_EU27_2020,FRI,2014,92.0
A,PPS_HAB_EU27_2020,FRI,2015,90.0
A,PPS_HAB_EU27_2020,FRI,2016,89.0
A,PPS_HAB_EU27_2020,FRI,2017,88.0
A,PPS_HAB_EU27_2020,FRI,2018,87.0
A,PPS_HAB_EU27_2020,FRI,2019,89.0
A,PPS_HAB_EU27_2020,FRI,2020,89.0
A,PPS_HAB_EU27_2020,FRI,2021,86.0
A,PPS_HAB_EU27_2020,FRI,2022,82.0
A,PPS_HAB_EU27_2020,FRI,2023,85.0
A,PPS_HAB_EU27_2020,FRI,2024,83.0
A,PPS_HAB_EU27_2020,FRI1,2010,96.0
A,PPS_HAB_EU27_2020,FRI1,2011,97.0
A,PPS_HAB_EU27_2020,FRI1,2012,96.0
A,PPS_HAB_EU27_2020,FRI1,2013,96.0
A,PPS_HAB_EU27_2020,FRI1,2014,96.0
A,PPS_HAB_EU27_2020,FRI1,2015,94.0
A,PPS_HAB_EU27_2020,FRI1,2016,93.0
A,PPS_HAB_EU27_2020,FRI1,2017,91.0
A,PPS_HAB_EU27_2020,FRI1,2018,91.0
A,PPS_HAB_EU27_2020,FRI1,2019,93.0
A,PPS_HAB_EU27_2020,FRI1,2020,93.0
A,PPS_HAB_EU27_2020,FRI1,2021,90.0
A,PPS_HAB_EU27_2020,FRI1,2022,86.0
A,PPS_HAB_EU27_2020,FRI1,2023,88.0
A,PPS_HAB_EU27_2020,FRI1,2024,87.0
A,PPS_HAB_EU27_2020,FRI2,2010,81.0
A,PPS_HAB_EU27_2020,FRI2,2011,81.0
A,PPS_HAB_EU27_2020,FRI2,2012,80.0
A,PPS_HAB_EU27_2020,FRI2,2013,83.0
A,PPS_HAB_EU27_2020,FRI2,2014,83.0
A,PPS_HAB_EU27_2020,FRI2,2015,81.0
A,PPS_HAB_EU27_2020,FRI2,2016,79.0
A,PPS_HAB_EU27_2020,FRI2,2017,78.0
A,PPS_HAB_EU27_2020,FRI2,2018,77.0
A,PPS_HAB_EU27_2020,FRI2,2019,81.0
A,PPS_HAB_EU27_2020,FRI2,2020,82.0
A,PPS_HAB_EU27_2020,FRI2,2021,78.0
A,PPS_HAB_EU27_2020,FRI2,2022,73.0
A,PPS_HAB_EU27_2020,FRI2,2023,76.0
A,PPS_HAB_EU27_2020,FRI2,2024,74.0
A,PPS_HAB_EU27_2020,FRI3,2010,87.0
A,PPS_HAB_EU27_2020,FRI3,2011,88.0
A,PPS_HAB_EU27_2020,FRI3,2012,88.0
A,PPS_HAB_EU27_2020,FRI3,2013,89.0
A,PPS_HAB_EU27_2020,FRI3,2014,89.0
A,PPS_HAB_EU27_2020,FRI3,2015,87.0
A,PPS_HAB_EU27_2020,FRI3,2016,85.0
A,PPS_HAB_EU27_2020,FRI3,2017,84.0
A,PPS_HAB_EU27_2020,FRI3,2018,84.0
A,PPS_HAB_EU27_2020,FRI3,2019,86.0
A,PPS_HAB_EU27_2020,FRI3,2020,86.0
A,PPS_HAB_EU27_2020,FRI3,2021,83.0
A,PPS_HAB_EU27_2020,FRI3,2022,79.0
A,PPS_HAB_EU27_2020,FRI3,2023,83.0
A,PPS_HAB_EU27_2020,FRI3,2024,81.0
A,PPS_HAB_EU27_2020,FRJ,2010,91.0
A,PPS_HAB_EU27_2020,FRJ,2011,92.0
A,PPS_HAB_EU27_2020,FRJ,2012,91.0
A,PPS_HAB_EU27_2020,FRJ,2013,92.0
A,PPS_HAB_EU27_2020,FRJ,2014,92.0
A,PPS_HAB_EU27_2020,FRJ,2015,91.0
A,PPS_HAB_EU27_2020,FRJ,2016,90.0
A,PPS_HAB_EU27_2020,FRJ,2017,88.0
A,PPS_HAB_EU27_2020,FRJ,2018,88.0
A,PPS_HAB_EU27_2020,FRJ,2019,89.0
A,PPS_HAB_EU27_2020,FRJ,2020,88.0
A,PPS_HAB_EU27_2020,FRJ,2021,85.0
A,PPS_HAB_EU27_2020,FRJ,2022,81.0
A,PPS_HAB_EU27_2020,FRJ,2023,84.0
A,PPS_HAB_EU27_2020,FRJ,2024,83.0
A,PPS_HAB_EU27_2020,FRJ1,2010,88.0
A,PPS_HAB_EU27_2020,FRJ1,2011,88.0
A,PPS_HAB_EU27_2020,FRJ1,2012,86.0
A,PPS_HAB_EU27_2020,FRJ1,2013,86.0
A,PPS_HAB_EU27_2020,FRJ1,2014,84.0
A,PPS_HAB_EU27_2020,FRJ1,2015,82.0
A,PPS_HAB_EU27_2020,FRJ1,2016,82.0
A,PPS_HAB_EU27_2020,FRJ1,2017,80.0
A,PPS_HAB_EU27_2020,FRJ1,2018,79.0
A,PPS_HAB_EU27_2020,FRJ1,2019,81.0
A,PPS_HAB_EU27_2020,FRJ1,2020,82.0
A,PPS_HAB_EU27_2020,FRJ1,2021,80.0
A,PPS_HAB_EU27_2020,FRJ1,2022,76.0
A,PPS_HAB_EU27_2020,FRJ1,2023,78.0
A,PPS_HAB_EU27_2020,FRJ1,2024,76.0
A,PPS_HAB_EU27_2020,FRJ2,2010,94.0
A,PPS_HAB_EU27_2020,FRJ2,2011,95.0
A,PPS_HAB_EU27_2020,FRJ2,2012,96.0
A,PPS_HAB_EU27_2020,FRJ2,2013,99.0
A,PPS_HAB_EU27_2020,FRJ2,2014,99.0
A,PPS_HAB_EU27_2020,FRJ2,2015,98.0
A,PPS_HAB_EU27_2020,FRJ2,2016,97.0
A,PPS_HAB_EU27_2020,FRJ2,2017,95.0
A,PPS_HAB_EU27_2020,FRJ2,2018,95.0
A,PPS_HAB_EU27_2020,FRJ2,2019,97.0
A,PPS_HAB_EU27_2020,FRJ2,2020,94.0
A,PPS_HAB_EU27_2020,FRJ2,2021,91.0
A,PPS_HAB_EU27_2020,FRJ2,2022,86.0
A,PPS_HAB_EU27_2020,FRJ2,2023,90.0
A,PPS_HAB_EU27_2020,FRJ2,2024,89.0
A,PPS_HAB_EU27_2020,FRK,2010,105.0
A,PPS_HAB_EU27_2020,FRK,2011,106.0
A,PPS_HAB_EU27_2020,FRK,2012,104.0
A,PPS_HAB_EU27_2020,FRK,2013,106.0
A,PPS_HAB_EU27_2020,FRK,2014,105.0
A,PPS_HAB_EU27_2020,FRK,2015,103.0
A,PPS_HAB_EU27_2020,FRK,2016,102.0
A,PPS_HAB_EU27_2020,FRK,2017,101.0
A,PPS_HAB_EU27_2020,FRK,2018,101.0
A,PPS_HAB_EU27_2020,FRK,2019,103.0
A,PPS_HAB_EU27_2020,FRK,2020,102.0
A,PPS_HAB_EU27_2020,FRK,2021,98.0
A,PPS_HAB_EU27_2020,FRK,2022,94.0
A,PPS_HAB_EU27_2020,FRK,2023,98.0
A,PPS_HAB_EU27_2020,FRK,2024,97.0
A,PPS_HAB_EU27_2020,FRK1,2010,84.0
A,PPS_HAB_EU27_2020,FRK1,2011,86.0
A,PPS_HAB_EU27_2020,FRK1,2012,84.0
A,PPS_HAB_EU27_2020,FRK1,2013,86.0
A,PPS_HAB_EU27_2020,FRK1,2014,86.0
A,PPS_HAB_EU27_2020,FRK1,2015,85.0
A,PPS_HAB_EU27_2020,FRK1,2016,83.0
A,PPS_HAB_EU27_2020,FRK1,2017,84.0
A,PPS_HAB_EU27_2020,FRK1,2018,83.0
A,PPS_HAB_EU27_2020,FRK1,2019,85.0
A,PPS_HAB_EU27_2020,FRK1,2020,85.0
A,PPS_HAB_EU27_2020,FRK1,2021,82.0
A,PPS_HAB_EU27_2020,FRK1,2022,78.0
A,PPS_HAB_EU27_2020,FRK1,2023,81.0
A,PPS_HAB_EU27_2020,FRK1,2024,79.0
A,PPS_HAB_EU27_2020,FRK2,2010,110.0
A,PPS_HAB_EU27_2020,FRK2,2011,111.0
A,PPS_HAB_EU27_2020,FRK2,2012,109.0
A,PPS_HAB_EU27_2020,FRK2,2013,110.0
A,PPS_HAB_EU27_2020,FRK2,2014,108.0
A,PPS_HAB_EU27_2020,FRK2,2015,107.0
A,PPS_HAB_EU27_2020,FRK2,2016,106.0
A,PPS_HAB_EU27_2020,FRK2,2017,104.0
A,PPS_HAB_EU27_2020,FRK2,2018,105.0
A,PPS_HAB_EU27_2020,FRK2,2019,106.0
A,PPS_HAB_EU27_2020,FRK2,2020,106.0
A,PPS_HAB_EU27_2020,FRK2,2021,101.0
A,PPS_HAB_EU27_2020,FRK2,2022,97.0
A,PPS_HAB_EU27_2020,FRK2,2023,102.0
A,PPS_HAB_EU27_2020,FRK2,2024,100.0
A,PPS_HAB_EU27_2020,FRL,2010,106.0
A,PPS_HAB_EU27_2020,FRL,2011,105.0
A,PPS_HAB_EU27_2020,FRL,2012,105.0
A,PPS_HAB_EU27_2020,FRL,2013,105.0
A,PPS_HAB_EU27_2020,FRL,2014,104.0
A,PPS_HAB_EU27_2020,FRL,2015,102.0
A,PPS_HAB_EU27_2020,FRL,2016,101.0
A,PPS_HAB_EU27_2020,FRL,2017,99.0
A,PPS_HAB_EU27_2020,FRL,2018,98.0
A,PPS_HAB_EU27_2020,FRL,2019,100.0
A,PPS_HAB_EU27_2020,FRL,2020,99.0
A,PPS_HAB_EU27_2020,FRL,2021,105.0
A,PPS_HAB_EU27_2020,FRL,2022,105.0
A,PPS_HAB_EU27_2020,FRL,2023,97.0
A,PPS_HAB_EU27_2020,FRL,2024,96.0
A,PPS_HAB_EU27_2020,FRL0,2010,106.0
A,PPS_HAB_EU27_2020,FRL0,2011,105.0
A,PPS_HAB_EU27_2020,FRL0,2012,105.0
A,PPS_HAB_EU27_2020,FRL0,2013,105.0
A,PPS_HAB_EU27_2020,FRL0,2014,104.0
A,PPS_HAB_EU27_2020,FRL0,2015,102.0
A,PPS_HAB_EU27_2020,FRL0,2016,101.0
A,PPS_HAB_EU27_2020,FRL0,2017,99.0
A,PPS_HAB_EU27_2020,FRL0,2018,98.0
A,PPS_HAB_EU27_2020,FRL0,2019,100.0
A,PPS_HAB_EU27_2020,FRL0,2020,99.0
A,PPS_HAB_EU27_2020,FRL0,2021,105.0
A,PPS_HAB_EU27_2020,FRL0,2022,105.0
A,PPS_HAB_EU27_2020,FRL0,2023,97.0
A,PPS_HAB_EU27_2020,FRL0,2024,96.0
A,PPS_HAB_EU27_2020,FRM,2010,91.0
A,PPS_HAB_EU27_2020,FRM,2011,92.0
A,PPS_HAB_EU27_2020,FRM,2012,91.0
A,PPS_HAB_EU27_2020,FRM,2013,92.0
A,PPS_HAB_EU27_2020,FRM,2014,91.0
A,PPS_HAB_EU27_2020,FRM,2015,90.0
A,PPS_HAB_EU27_2020,FRM,2016,88.0
A,PPS_HAB_EU27_2020,FRM,2017,87.0
A,PPS_HAB_EU27_2020,FRM,2018,87.0
A,PPS_HAB_EU27_2020,FRM,2019,88.0
A,PPS_HAB_EU27_2020,FRM,2020,87.0
A,PPS_HAB_EU27_2020,FRM,2021,86.0
A,PPS_HAB_EU27_2020,FRM,2022,82.0
A,PPS_HAB_EU27_2020,FRM,2023,86.0
A,PPS_HAB_EU27_2020,FRM,2024,86.0
A,PPS_HAB_EU27_2020,FRM0,2010,91.0
A,PPS_HAB_EU27_2020,FRM0,2011,92.0
A,PPS_HAB_EU27_2020,FRM0,2012,91.0
A,PPS_HAB_EU27_2020,FRM0,2013,92.0
A,PPS_HAB_EU27_2020,FRM0,2014,91.0
A,PPS_HAB_EU27_2020,FRM0,2015,90.0
A,PPS_HAB_EU27_2020,FRM0,2016,88.0
A,PPS_HAB_EU27_2020,FRM0,2017,87.0
A,PPS_HAB_EU27_2020,FRM0,2018,87.0
A,PPS_HAB_EU27_2020,FRM0,2019,88.0
A,PPS_HAB_EU27_2020,FRM0,2020,87.0
A,PPS_HAB_EU27_2020,FRM0,2021,86.0
A,PPS_HAB_EU27_2020,FRM0,2022,82.0
A,PPS_HAB_EU27_2020,FRM0,2023,86.0
A,PPS_HAB_EU27_2020,FRM0,2024,86.0
A,PPS_HAB_EU27_2020,FRY,2010,71.0
A,PPS_HAB_EU27_2020,FRY,2011,71.0
A,PPS_HAB_EU27_2020,FRY,2012,71.0
A,PPS_HAB_EU27_2020,FRY,2013,73.0
A,PPS_HAB_EU27_2020,FRY,2014,65.0
A,PPS_HAB_EU27_2020,FRY,2015,64.0
A,PPS_HAB_EU27_2020,FRY,2016,63.0
A,PPS_HAB_EU27_2020,FRY,2017,61.0
A,PPS_HAB_EU27_2020,FRY,2018,60.0
A,PPS_HAB_EU27_2020,FRY,2019,61.0
A,PPS_HAB_EU27_2020,FRY,2020,62.0
A,PPS_HAB_EU27_2020,FRY,2021,59.0
A,PPS_HAB_EU27_2020,FRY,2022,58.0
A,PPS_HAB_EU27_2020,FRY,2023,58.0
A,PPS_HAB_EU27_2020,FRY,2024,58.0
A,PPS_HAB_EU27_2020,FRY1,2010,75.0
A,PPS_HAB_EU27_2020,FRY1,2011,75.0
A,PPS_HAB_EU27_2020,FRY1,2012,76.0
A,PPS_HAB_EU27_2020,FRY1,2013,77.0
A,PPS_HAB_EU27_2020,FRY1,2014,77.0
A,PPS_HAB_EU27_2020,FRY1,2015,76.0
A,PPS_HAB_EU27_2020,FRY1,2016,77.0
A,PPS_HAB_EU27_2020,FRY1,2017,69.0
A,PPS_HAB_EU27_2020,FRY1,2018,69.0
A,PPS_HAB_EU27_2020,FRY1,2019,71.0
A,PPS_HAB_EU27_2020,FRY1,2020,71.0
A,PPS_HAB_EU27_2020,FRY1,2021,68.0
A,PPS_HAB_EU27_2020,FRY1,2022,66.0
A,PPS_HAB_EU27_2020,FRY1,2023,66.0
A,PPS_HAB_EU27_2020,FRY1,2024,67.0
A,PPS_HAB_EU27_2020,FRY2,2010,72.0
A,PPS_HAB_EU27_2020,FRY2,2011,73.0
A,PPS_HAB_EU27_2020,FRY2,2012,73.0
A,PPS_HAB_EU27_2020,FRY2,2013,74.0
A,PPS_HAB_EU27_2020,FRY2,2014,75.0
A,PPS_HAB_EU27_2020,FRY2,2015,75.0
A,PPS_HAB_EU27_2020,FRY2,2016,74.0
A,PPS_HAB_EU27_2020,FRY2,2017,73.0
A,PPS_HAB_EU27_2020,FRY2,2018,72.0
A,PPS_HAB_EU27_2020,FRY2,2019,72.0
A,PPS_HAB_EU27_2020,FRY2,2020,72.0
A,PPS_HAB_EU27_2020,FRY2,2021,68.0
A,PPS_HAB_EU27_2020,FRY2,2022,68.0
A,PPS_HAB_EU27_2020,FRY2,2023,68.0
A,PPS_HAB_EU27_2020,FRY2,2024,69.0
A,PPS_HAB_EU27_2020,FRY3,2010,55.0
A,PPS_HAB_EU27_2020,FRY3,2011,55.0
A,PPS_HAB_EU27_2020,FRY3,2012,57.0
A,PPS_HAB_EU27_2020,FRY3,2013,57.0
A,PPS_HAB_EU27_2020,FRY3,2014,55.0
A,PPS_HAB_EU27_2020,FRY3,2015,52.0
A,PPS_HAB_EU27_2020,FRY3,2016,52.0
A,PPS_HAB_EU27_2020,FRY3,2017,49.0
A,PPS_HAB_EU27_2020,FRY3,2018,49.0
A,PPS_HAB_EU27_2020,FRY3,2019,51.0
A,PPS_HAB_EU27_2020,FRY3,2020,52.0
A,PPS_HAB_EU27_2020,FRY3,2021,48.0
A,PPS_HAB_EU27_2020,FRY3,2022,45.0
A,PPS_HAB_EU27_2020,FRY3,2023,42.0
A,PPS_HAB_EU27_2020,FRY3,2024,41.0
A,PPS_HAB_EU27_2020,FRY4,2010,67.0
A,PPS_HAB_EU27_2020,FRY4,2011,67.0
A,PPS_HAB_EU27_2020,FRY4,2012,67.0
A,PPS_HAB_EU27_2020,FRY4,2013,68.0
A,PPS_HAB_EU27_2020,FRY4,2014,68.0
A,PPS_HAB_EU27_2020,FRY4,2015,67.0
A,PPS_HAB_EU27_2020,FRY4,2016,67.0
A,PPS_HAB_EU27_2020,FRY4,2017,66.0
A,PPS_HAB_EU27_2020,FRY4,2018,65.0
A,PPS_HAB_EU27_2020,FRY4,2019,66.0
A,PPS_HAB_EU27_2020,FRY4,2020,67.0
A,PPS_HAB_EU27_2020,FRY4,2021,66.0
A,PPS_HAB_EU27_2020,FRY4,2022,64.0
A,PPS_HAB_EU27_2020,FRY4,2023,64.0
A,PPS_HAB_EU27_2020,FRY4,2024,63.0
A,PPS_HAB_EU27_2020,FRY5,2014,25.0
A,PPS_HAB_EU27_2020,FRY5,2015,26.0
A,PPS_HAB_EU27_2020,FRY5,2016,26.0
A,PPS_HAB_EU27_2020,FRY5,2017,27.0
A,PPS_HAB_EU27_2020,FRY5,2018,25.0
A,PPS_HAB_EU27_2020,FRY5,2019,26.0
A,PPS_HAB_EU27_2020,FRY5,2020,28.0
A,PPS_HAB_EU27_2020,FRY5,2021,28.0
A,PPS_HAB_EU27_2020,FRY5,2022,27.0
A,PPS_HAB_EU27_2020,FRY5,2023,29.0
A,PPS_HAB_EU27_2020,FRY5,2024,30.0
A,PPS_HAB_EU27_2020,HR,2010,61.0
A,PPS_HAB_EU27_2020,HR,2011,61.0
A,PPS_HAB_EU27_2020,HR,2012,61.0
A,PPS_HAB_EU27_2020,HR,2013,62.0
A,PPS_HAB_EU27_2020,HR,2014,61.0
A,PPS_HAB_EU27_2020,HR,2015,61.0
A,PPS_HAB_EU27_2020,HR,2016,63.0
A,PPS_HAB_EU27_2020,HR,2017,65.0
A,PPS_HAB_EU27_2020,HR,2018,66.0
A,PPS_HAB_EU27_2020,HR,2019,68.0
A,PPS_HAB_EU27_2020,HR,2020,66.0
A,PPS_HAB_EU27_2020,HR,2021,71.0
A,PPS_HAB_EU27_2020,HR,2022,72.0
A,PPS_HAB_EU27_2020,HR,2023,78.0
A,PPS_HAB_EU27_2020,HR,2024,78.0
A,PPS_HAB_EU27_2020,HR0,2010,61.0
A,PPS_HAB_EU27_2020,HR0,2011,61.0
A,PPS_HAB_EU27_2020,HR0,2012,61.0
A,PPS_HAB_EU27_2020,HR0,2013,62.0
A,PPS_HAB_EU27_2020,HR0,2014,61.0
A,PPS_HAB_EU27_2020,HR0,2015,61.0
A,PPS_HAB_EU27_2020,HR0,2016,63.0
A,PPS_HAB_EU27_2020,HR0,2017,65.0
A,PPS_HAB_EU27_2020,HR0,2018,66.0
A,PPS_HAB_EU27_2020,HR0,2019,68.0
A,PPS_HAB_EU27_2020,HR0,2020,66.0
A,PPS_HAB_EU27_2020,HR0,2021,71.0
A,PPS_HAB_EU27_2020,HR0,2022,72.0
A,PPS_HAB_EU27_2020,HR0,2023,78.0
A,PPS_HAB_EU27_2020,HR0,2024,78.0
A,PPS_HAB_EU27_2020,HR02,2010,41.0
A,PPS_HAB_EU27_2020,HR02,2011,42.0
A,PPS_HAB_EU27_2020,HR02,2012,42.0
A,PPS_HAB_EU27_2020,HR02,2013,42.0
A,PPS_HAB_EU27_2020,HR02,2014,41.0
A,PPS_HAB_EU27_2020,HR02,2015,41.0
A,PPS_HAB_EU27_2020,HR02,2016,43.0
A,PPS_HAB_EU27_2020,HR02,2017,43.0
A,PPS_HAB_EU27_2020,HR02,2018,44.0
A,PPS_HAB_EU27_2020,HR02,2019,45.0
A,PPS_HAB_EU27_2020,HR02,2020,46.0
A,PPS_HAB_EU27_2020,HR02,2021,50.0
A,PPS_HAB_EU27_2020,HR02,2022,50.0
A,PPS_HAB_EU27_2020,HR02,2023,53.0
A,PPS_HAB_EU27_2020,HR02,2024,53.0
A,PPS_HAB_EU27_2020,HR03,2010,58.0
A,PPS_HAB_EU27_2020,HR03,2011,58.0
A,PPS_HAB_EU27_2020,HR03,2012,59.0
A,PPS_HAB_EU27_2020,HR03,2013,59.0
A,PPS_HAB_EU27_2020,HR03,2014,59.0
A,PPS_HAB_EU27_2020,HR03,2015,60.0
A,PPS_HAB_EU27_2020,HR03,2016,61.0
A,PPS_HAB_EU27_2020,HR03,2017,63.0
A,PPS_HAB_EU27_2020,HR03,2018,64.0
A,PPS_HAB_EU27_2020,HR03,2019,65.0
A,PPS_HAB_EU27_2020,HR03,2020,59.0
A,PPS_HAB_EU27_2020,HR03,2021,66.0
A,PPS_HAB_EU27_2020,HR03,2022,69.0
A,PPS_HAB_EU27_2020,HR03,2023,73.0
A,PPS_HAB_EU27_2020,HR03,2024,73.0
A,PPS_HAB_EU27_2020,HR05,2010,114.0
A,PPS_HAB_EU27_2020,HR05,2011,113.0
A,PPS_HAB_EU27_2020,HR05,2012,113.0
A,PPS_HAB_EU27_2020,HR05,2013,111.0
A,PPS_HAB_EU27_2020,HR05,2014,109.0
A,PPS_HAB_EU27_2020,HR05,2015,109.0
A,PPS_HAB_EU27_2020,HR05,2016,110.0
A,PPS_HAB_EU27_2020,HR05,2017,112.0
A,PPS_HAB_EU27_2020,HR05,2018,115.0
A,PPS_HAB_EU27_2020,HR05,2019,118.0
A,PPS_HAB_EU27_2020,HR05,2020,116.0
A,PPS_HAB_EU27_2020,HR05,2021,121.0
A,PPS_HAB_EU27_2020,HR05,2022,119.0
A,PPS_HAB_EU27_2020,HR05,2023,131.0
A,PPS_HAB_EU27_2020,HR05,2024,131.0
A,PPS_HAB_EU27_2020,HR06,2010,44.0
A,PPS_HAB_EU27_2020,HR06,2011,45.0
A,PPS_HAB_EU27_2020,HR06,2012,45.0
A,PPS_HAB_EU27_2020,HR06,2013,47.0
A,PPS_HAB_EU27_2020,HR06,2014,46.0
A,PPS_HAB_EU27_2020,HR06,2015,47.0
A,PPS_HAB_EU27_2020,HR06,2016,48.0
A,PPS_HAB_EU27_2020,HR06,2017,50.0
A,PPS_HAB_EU27_2020,HR06,2018,51.0
A,PPS_HAB_EU27_2020,HR06,2019,53.0
A,PPS_HAB_EU27_2020,HR06,2020,54.0
A,PPS_HAB_EU27_2020,HR06,2021,57.0
A,PPS_HAB_EU27_2020,HR06,2022,59.0
A,PPS_HAB_EU27_2020,HR06,2023,66.0
A,PPS_HAB_EU27_2020,HR06,2024,64.0
A,PPS_HAB_EU27_2020,HU,2010,65.0
A,PPS_HAB_EU27_2020,HU,2011,66.0
A,PPS_HAB_EU27_2020,HU,2012,66.0
A,PPS_HAB_EU27_2020,HU,2013,68.0
A,PPS_HAB_EU27_2020,HU,2014,69.0
A,PPS_HAB_EU27_2020,HU,2015,70.0
A,PPS_HAB_EU27_2020,HU,2016,69.0
A,PPS_HAB_EU27_2020,HU,2017,69.0
A,PPS_HAB_EU27_2020,HU,2018,71.0
A,PPS_HAB_EU27_2020,HU,2019,73.0
A,PPS_HAB_EU27_2020,HU,2020,74.0
A,PPS_HAB_EU27_2020,HU,2021,75.0
A,PPS_HAB_EU27_2020,HU,2022,76.0
A,PPS_HAB_EU27_2020,HU,2023,76.0
A,PPS_HAB_EU27_2020,HU,2024,76.0
A,PPS_HAB_EU27_2020,HU1,2010,107.0
A,PPS_HAB_EU27_2020,HU1,2011,107.0
A,PPS_HAB_EU27_2020,HU1,2012,107.0
A,PPS_HAB_EU27_2020,HU1,2013,106.0
A,PPS_HAB_EU27_2020,HU1,2014,108.0
A,PPS_HAB_EU27_2020,HU1,2015,107.0
A,PPS_HAB_EU27_2020,HU1,2016,104.0
A,PPS_HAB_EU27_2020,HU1,2017,105.0
A,PPS_HAB_EU27_2020,HU1,2018,108.0
A,PPS_HAB_EU27_2020,HU1,2019,114.0
A,PPS_HAB_EU27_2020,HU1,2020,115.0
A,PPS_HAB_EU27_2020,HU1,2021,116.0
A,PPS_HAB_EU27_2020,HU1,2022,118.0
A,PPS_HAB_EU27_2020,HU1,2023,120.0
A,PPS_HAB_EU27_2020,HU1,2024,122.0
A,PPS_HAB_EU27_2020,HU11,2010,142.0
A,PPS_HAB_EU27_2020,HU11,2011,143.0
A,PPS_HAB_EU27_2020,HU11,2012,144.0
A,PPS_HAB_EU27_2020,HU11,2013,141.0
A,PPS_HAB_EU27_2020,HU11,2014,144.0
A,PPS_HAB_EU27_2020,HU11,2015,142.0
A,PPS_HAB_EU27_2020,HU11,2016,139.0
A,PPS_HAB_EU27_2020,HU11,2017,141.0
A,PPS_HAB_EU27_2020,HU11,2018,146.0
A,PPS_HAB_EU27_2020,HU11,2019,155.0
A,PPS_HAB_EU27_2020,HU11,2020,157.0
A,PPS_HAB_EU27_2020,HU11,2021,158.0
A,PPS_HAB_EU27_2020,HU11,2022,160.0
A,PPS_HAB_EU27_2020,HU11,2023,164.0
A,PPS_HAB_EU27_2020,HU11,2024,168.0
A,PPS_HAB_EU27_2020,HU12,2010,58.0
A,PPS_HAB_EU27_2020,HU12,2011,56.0
A,PPS_HAB_EU27_2020,HU12,2012,55.0
A,PPS_HAB_EU27_2020,HU12,2013,56.0
A,PPS_HAB_EU27_2020,HU12,2014,57.0
A,PPS_HAB_EU27_2020,HU12,2015,58.0
A,PPS_HAB_EU27_2020,HU12,2016,55.0
A,PPS_HAB_EU27_2020,HU12,2017,54.0
A,PPS_HAB_EU27_2020,HU12,2018,56.0
A,PPS_HAB_EU27_2020,HU12,2019,58.0
A,PPS_HAB_EU27_2020,HU12,2020,60.0
A,PPS_HAB_EU27_2020,HU12,2021,61.0
A,PPS_HAB_EU27_2020,HU12,2022,65.0
A,PPS_HAB_EU27_2020,HU12,2023,65.0
A,PPS_HAB_EU27_2020,HU12,2024,64.0
A,PPS_HAB_EU27_2020,HU2,2010,57.0
A,PPS_HAB_EU27_2020,HU2,2011,57.0
A,PPS_HAB_EU27_2020,HU2,2012,57.0
A,PPS_HAB_EU27_2020,HU2,2013,60.0
A,PPS_HAB_EU27_2020,HU2,2014,61.0
A,PPS_HAB_EU27_2020,HU2,2015,63.0
A,PPS_HAB_EU27_2020,HU2,2016,63.0
A,PPS_HAB_EU27_2020,HU2,2017,62.0
A,PPS_HAB_EU27_2020,HU2,2018,63.0
A,PPS_HAB_EU27_2020,HU2,2019,63.0
A,PPS_HAB_EU27_2020,HU2,2020,63.0
A,PPS_HAB_EU27_2020,HU2,2021,62.0
A,PPS_HAB_EU27_2020,HU2,2022,63.0
A,PPS_HAB_EU27_2020,HU2,2023,61.0
A,PPS_HAB_EU27_2020,HU2,2024,61.0
A,PPS_HAB_EU27_2020,HU21,2010,57.0
A,PPS_HAB_EU27_2020,HU21,2011,59.0
A,PPS_HAB_EU27_2020,HU21,2012,58.0
A,PPS_HAB_EU27_2020,HU21,2013,61.0
A,PPS_HAB_EU27_2020,HU21,2014,62.0
A,PPS_HAB_EU27_2020,HU21,2015,65.0
A,PPS_HAB_EU27_2020,HU21,2016,66.0
A,PPS_HAB_EU27_2020,HU21,2017,64.0
A,PPS_HAB_EU27_2020,HU21,2018,66.0
A,PPS_HAB_EU27_2020,HU21,2019,66.0
A,PPS_HAB_EU27_2020,HU21,2020,66.0
A,PPS_HAB_EU27_2020,HU21,2021,66.0
A,PPS_HAB_EU27_2020,HU21,2022,67.0
A,PPS_HAB_EU27_2020,HU21,2023,66.0
A,PPS_HAB_EU27_2020,HU21,2024,66.0
A,PPS_HAB_EU27_2020,HU22,2010,67.0
A,PPS_HAB_EU27_2020,HU22,2011,67.0
A,PPS_HAB_EU27_2020,HU22,2012,67.0
A,PPS_HAB_EU27_2020,HU22,2013,71.0
A,PPS_HAB_EU27_2020,HU22,2014,74.0
A,PPS_HAB_EU27_2020,HU22,2015,76.0
A,PPS_HAB_EU27_2020,HU22,2016,75.0
A,PPS_HAB_EU27_2020,HU22,2017,72.0
A,PPS_HAB_EU27_2020,HU22,2018,73.0
A,PPS_HAB_EU27_2020,HU22,2019,72.0
A,PPS_HAB_EU27_2020,HU22,2020,71.0
A,PPS_HAB_EU27_2020,HU22,2021,68.0
A,PPS_HAB_EU27_2020,HU22,2022,69.0
A,PPS_HAB_EU27_2020,HU22,2023,67.0
A,PPS_HAB_EU27_2020,HU22,2024,66.0
A,PPS_HAB_EU27_2020,HU23,2010,45.0
A,PPS_HAB_EU27_2020,HU23,2011,45.0
A,PPS_HAB_EU27_2020,HU23,2012,45.0
A,PPS_HAB_EU27_2020,HU23,2013,47.0
A,PPS_HAB_EU27_2020,HU23,2014,46.0
A,PPS_HAB_EU27_2020,HU23,2015,46.0
A,PPS_HAB_EU27_2020,HU23,2016,46.0
A,PPS_HAB_EU27_2020,HU23,2017,47.0
A,PPS_HAB_EU27_2020,HU23,2018,49.0
A,PPS_HAB_EU27_2020,HU23,2019,49.0
A,PPS_HAB_EU27_2020,HU23,2020,50.0
A,PPS_HAB_EU27_2020,HU23,2021,51.0
A,PPS_HAB_EU27_2020,HU23,2022,52.0
A,PPS_HAB_EU27_2020,HU23,2023,50.0
A,PPS_HAB_EU27_2020,HU23,2024,50.0
A,PPS_HAB_EU27_2020,HU3,2010,42.0
A,PPS_HAB_EU27_2020,HU3,2011,42.0
A,PPS_HAB_EU27_2020,HU3,2012,43.0
A,PPS_HAB_EU27_2020,HU3,2013,45.0
A,PPS_HAB_EU27_2020,HU3,2014,45.0
A,PPS_HAB_EU27_2020,HU3,2015,46.0
A,PPS_HAB_EU27_2020,HU3,2016,46.0
A,PPS_HAB_EU27_2020,HU3,2017,47.0
A,PPS_HAB_EU27_2020,HU3,2018,49.0
A,PPS_HAB_EU27_2020,HU3,2019,49.0
A,PPS_HAB_EU27_2020,HU3,2020,51.0
A,PPS_HAB_EU27_2020,HU3,2021,51.0
A,PPS_HAB_EU27_2020,HU3,2022,51.0
A,PPS_HAB_EU27_2020,HU3,2023,50.0
A,PPS_HAB_EU27_2020,HU3,2024,50.0
A,PPS_HAB_EU27_2020,HU31,2010,39.0
A,PPS_HAB_EU27_2020,HU31,2011,39.0
A,PPS_HAB_EU27_2020,HU31,2012,39.0
A,PPS_HAB_EU27_2020,HU31,2013,42.0
A,PPS_HAB_EU27_2020,HU31,2014,43.0
A,PPS_HAB_EU27_2020,HU31,2015,46.0
A,PPS_HAB_EU27_2020,HU31,2016,45.0
A,PPS_HAB_EU27_2020,HU31,2017,47.0
A,PPS_HAB_EU27_2020,HU31,2018,49.0
A,PPS_HAB_EU27_2020,HU31,2019,48.0
A,PPS_HAB_EU27_2020,HU31,2020,50.0
A,PPS_HAB_EU27_2020,HU31,2021,51.0
A,PPS_HAB_EU27_2020,HU31,2022,49.0
A,PPS_HAB_EU27_2020,HU31,2023,48.0
A,PPS_HAB_EU27_2020,HU31,2024,47.0
A,PPS_HAB_EU27_2020,HU32,2010,42.0
A,PPS_HAB_EU27_2020,HU32,2011,43.0
A,PPS_HAB_EU27_2020,HU32,2012,43.0
A,PPS_HAB_EU27_2020,HU32,2013,44.0
A,PPS_HAB_EU27_2020,HU32,2014,44.0
A,PPS_HAB_EU27_2020,HU32,2015,44.0
A,PPS_HAB_EU27_2020,HU32,2016,43.0
A,PPS_HAB_EU27_2020,HU32,2017,44.0
A,PPS_HAB_EU27_2020,HU32,2018,46.0
A,PPS_HAB_EU27_2020,HU32,2019,47.0
A,PPS_HAB_EU27_2020,HU32,2020,49.0
A,PPS_HAB_EU27_2020,HU32,2021,49.0
A,PPS_HAB_EU27_2020,HU32,2022,49.0
A,PPS_HAB_EU27_2020,HU32,2023,49.0
A,PPS_HAB_EU27_2020,HU32,2024,50.0
A,PPS_HAB_EU27_2020,HU33,2010,44.0
A,PPS_HAB_EU27_2020,HU33,2011,45.0
A,PPS_HAB_EU27_2020,HU33,2012,46.0
A,PPS_HAB_EU27_2020,HU33,2013,49.0
A,PPS_HAB_EU27_2020,HU33,2014,49.0
A,PPS_HAB_EU27_2020,HU33,2015,50.0
A,PPS_HAB_EU27_2020,HU33,2016,49.0
A,PPS_HAB_EU27_2020,HU33,2017,49.0
A,PPS_HAB_EU27_2020,HU33,2018,52.0
A,PPS_HAB_EU27_2020,HU33,2019,52.0
A,PPS_HAB_EU27_2020,HU33,2020,55.0
A,PPS_HAB_EU27_2020,HU33,2021,54.0
A,PPS_HAB_EU27_2020,HU33,2022,55.0
A,PPS_HAB_EU27_2020,HU33,2023,54.0
A,PPS_HAB_EU27_2020,HU33,2024,52.0
A,PPS_HAB_EU27_2020,IE,2010,130.0
A,PPS_HAB_EU27_2020,IE,2011,131.0
A,PPS_HAB_EU27_2020,IE,2012,133.0
A,PPS_HAB_EU27_2020,IE,2013,134.0
A,PPS_HAB_EU27_2020,IE,2014,141.0
A,PPS_HAB_EU27_2020,IE,2015,185.0
A,PPS_HAB_EU27_2020,IE,2016,178.0
A,PPS_HAB_EU27_2020,IE,2017,187.0
A,PPS_HAB_EU27_2020,IE,2018,191.0
A,PPS_HAB_EU27_2020,IE,2019,189.0
A,PPS_HAB_EU27_2020,IE,2020,205.0
A,PPS_HAB_EU27_2020,IE,2021,225.0
A,PPS_HAB_EU27_2020,IE,2022,237.0
A,PPS_HAB_EU27_2020,IE,2023,218.0
A,PPS_HAB_EU27_2020,IE,2024,221.0
A,PPS_HAB_EU27_2020,IE0,2010,130.0
A,PPS_HAB_EU27_2020,IE0,2011,131.0
A,PPS_HAB_EU27_2020,IE0,2012,133.0
A,PPS_HAB_EU27_2020,IE0,2013,134.0
A,PPS_HAB_EU27_2020,IE0,2014,141.0
A,PPS_HAB_EU27_2020,IE0,2015,185.0
A,PPS_HAB_EU27_2020,IE0,2016,178.0
A,PPS_HAB_EU27_2020,IE0,2017,187.0
A,PPS_HAB_EU27_2020,IE0,2018,191.0
A,PPS_HAB_EU27_2020,IE0,2019,189.0
A,PPS_HAB_EU27_2020,IE0,2020,205.0
A,PPS_HAB_EU27_2020,IE0,2021,225.0
A,PPS_HAB_EU27_2020,IE0,2022,237.0
A,PPS_HAB_EU27_2020,IE0,2023,218.0
A,PPS_HAB_EU27_2020,IE0,2024,221.0
A,PPS_HAB_EU27_2020,IE04,2010,86.0
A,PPS_HAB_EU27_2020,IE04,2011,81.0
A,PPS_HAB_EU27_2020,IE04,2012,77.0
A,PPS_HAB_EU27_2020,IE04,2013,78.0
A,PPS_HAB_EU27_2020,IE04,2014,82.0
A,PPS_HAB_EU27_2020,IE04,2015,86.0
A,PPS_HAB_EU27_2020,IE04,2016,84.0
A,PPS_HAB_EU27_2020,IE04,2017,83.0
A,PPS_HAB_EU27_2020,IE04,2018,82.0
A,PPS_HAB_EU27_2020,IE04,2019,82.0
A,PPS_HAB_EU27_2020,IE04,2020,94.0
A,PPS_HAB_EU27_2020,IE04,2021,102.0
A,PPS_HAB_EU27_2020,IE04,2022,105.0
A,PPS_HAB_EU27_2020,IE04,2023,104.0
A,PPS_HAB_EU27_2020,IE04,2024,100.0
A,PPS_HAB_EU27_2020,IE05,2010,112.0
A,PPS_HAB_EU27_2020,IE05,2011,115.0
A,PPS_HAB_EU27_2020,IE05,2012,114.0
A,PPS_HAB_EU27_2020,IE05,2013,107.0
A,PPS_HAB_EU27_2020,IE05,2014,112.0
A,PPS_HAB_EU27_2020,IE05,2015,218.0
A,PPS_HAB_EU27_2020,IE05,2016,195.0
A,PPS_HAB_EU27_2020,IE05,2017,210.0
A,PPS_HAB_EU27_2020,IE05,2018,207.0
A,PPS_HAB_EU27_2020,IE05,2019,206.0
A,PPS_HAB_EU27_2020,IE05,2020,225.0
A,PPS_HAB_EU27_2020,IE05,2021,250.0
A,PPS_HAB_EU27_2020,IE05,2022,270.0
A,PPS_HAB_EU27_2020,IE05,2023,229.0
A,PPS_HAB_EU27_2020,IE05,2024,217.0
A,PPS_HAB_EU27_2020,IE06,2010,159.0
A,PPS_HAB_EU27_2020,IE06,2011,161.0
A,PPS_HAB_EU27_2020,IE06,2012,167.0
A,PPS_HAB_EU27_2020,IE06,2013,174.0
A,PPS_HAB_EU27_2020,IE06,2014,182.0
A,PPS_HAB_EU27_2020,IE06,2015,199.0
A,PPS_HAB_EU27_2020,IE06,2016,201.0
A,PPS_HAB_EU27_2020,IE06,2017,208.0
A,PPS_HAB_EU27_2020,IE06,2018,220.0
A,PPS_HAB_EU27_2020,IE06,2019,216.0
A,PPS_HAB_EU27_2020,IE06,2020,231.0
A,PPS_HAB_EU27_2020,IE06,2021,251.0
A,PPS_HAB_EU27_2020,IE06,2022,262.0
A,PPS_HAB_EU27_2020,IE06,2023,251.0
A,PPS_HAB_EU27_2020,IE06,2024,268.0
A,PPS_HAB_EU27_2020,IT,2010,106.0
A,PPS_HAB_EU27_2020,IT,2011,105.0
A,PPS_HAB_EU27_2020,IT,2012,103.0
A,PPS_HAB_EU27_2020,IT,2013,100.0
A,PPS_HAB_EU27_2020,IT,2014,98.0
A,PPS_HAB_EU27_2020,IT,2015,97.0
A,PPS_HAB_EU27_2020,IT,2016,99.0
A,PPS_HAB_EU27_2020,IT,2017,98.0
A,PPS_HAB_EU27_2020,IT,2018,96.0
A,PPS_HAB_EU27_2020,IT,2019,96.0
A,PPS_HAB_EU27_2020,IT,2020,93.0
A,PPS_HAB_EU27_2020,IT,2021,96.0
A,PPS_HAB_EU27_2020,IT,2022,98.0
A,PPS_HAB_EU27_2020,IT,2023,98.0
A,PPS_HAB_EU27_2020,IT,2024,98.0
A,PPS_HAB_EU27_2020,ITC,2010,130.0
A,PPS_HAB_EU27_2020,ITC,2011,129.0
A,PPS_HAB_EU27_2020,ITC,2012,126.0
A,PPS_HAB_EU27_2020,ITC,2013,123.0
A,PPS_HAB_EU27_2020,ITC,2014,120.0
A,PPS_HAB_EU27_2020,ITC,2015,119.0
A,PPS_HAB_EU27_2020,ITC,2016,122.0
A,PPS_HAB_EU27_2020,ITC,2017,121.0
A,PPS_HAB_EU27_2020,ITC,2018,120.0
A,PPS_HAB_EU27_2020,ITC,2019,118.0
A,PPS_HAB_EU27_2020,ITC,2020,115.0
A,PPS_HAB_EU27_2020,ITC,2021,119.0
A,PPS_HAB_EU27_2020,ITC,2022,121.0
A,PPS_HAB_EU27_2020,ITC,2023,122.0
A,PPS_HAB_EU27_2020,ITC,2024,121.0
A,PPS_HAB_EU27_2020,ITC1,2010,109.0
A,PPS_HAB_EU27_2020,ITC1,2011,108.0
A,PPS_HAB_EU27_2020,ITC1,2012,105.0
A,PPS_HAB_EU27_2020,ITC1,2013,104.0
A,PPS_HAB_EU27_2020,ITC1,2014,100.0
A,PPS_HAB_EU27_2020,ITC1,2015,100.0
A,PPS_HAB_EU27_2020,ITC1,2016,102.0
A,PPS_HAB_EU27_2020,ITC1,2017,102.0
A,PPS_HAB_EU27_2020,ITC1,2018,101.0
A,PPS_HAB_EU27_2020,ITC1,2019,100.0
A,PPS_HAB_EU27_2020,ITC1,2020,96.0
A,PPS_HAB_EU27_2020,ITC1,2021,99.0
A,PPS_HAB_EU27_2020,ITC1,2022,100.0
A,PPS_HAB_EU27_2020,ITC1,2023,101.0
A,PPS_HAB_EU27_2020,ITC1,2024,101.0
A,PPS_HAB_EU27_2020,ITC2,2010,145.0
A,PPS_HAB_EU27_2020,ITC2,2011,144.0
A,PPS_HAB_EU27_2020,ITC2,2012,145.0
A,PPS_HAB_EU27_2020,ITC2,2013,137.0
A,PPS_HAB_EU27_2020,ITC2,2014,131.0
A,PPS_HAB_EU27_2020,ITC2,2015,128.0
A,PPS_HAB_EU27_2020,ITC2,2016,126.0
A,PPS_HAB_EU27_2020,ITC2,2017,127.0
A,PPS_HAB_EU27_2020,ITC2,2018,124.0
A,PPS_HAB_EU27_2020,ITC2,2019,123.0
A,PPS_HAB_EU27_2020,ITC2,2020,118.0
A,PPS_HAB_EU27_2020,ITC2,2021,119.0
A,PPS_HAB_EU27_2020,ITC2,2022,127.0
A,PPS_HAB_EU27_2020,ITC2,2023,128.0
A,PPS_HAB_EU27_2020,ITC2,2024,125.0
A,PPS_HAB_EU27_2020,ITC3,2010,112.0
A,PPS_HAB_EU27_2020,ITC3,2011,112.0
A,PPS_HAB_EU27_2020,ITC3,2012,110.0
A,PPS_HAB_EU27_2020,ITC3,2013,107.0
A,PPS_HAB_EU27_2020,ITC3,2014,106.0
A,PPS_HAB_EU27_2020,ITC3,2015,105.0
A,PPS_HAB_EU27_2020,ITC3,2016,107.0
A,PPS_HAB_EU27_2020,ITC3,2017,106.0
A,PPS_HAB_EU27_2020,ITC3,2018,103.0
A,PPS_HAB_EU27_2020,ITC3,2019,103.0
A,PPS_HAB_EU27_2020,ITC3,2020,98.0
A,PPS_HAB_EU27_2020,ITC3,2021,100.0
A,PPS_HAB_EU27_2020,ITC3,2022,102.0
A,PPS_HAB_EU27_2020,ITC3,2023,105.0
A,PPS_HAB_EU27_2020,ITC3,2024,102.0
A,PPS_HAB_EU27_2020,ITC4,2010,143.0
A,PPS_HAB_EU27_2020,ITC4,2011,142.0
A,PPS_HAB_EU27_2020,ITC4,2012,138.0
A,PPS_HAB_EU27_2020,ITC4,2013,134.0
A,PPS_HAB_EU27_2020,ITC4,2014,131.0
A,PPS_HAB_EU27_2020,ITC4,2015,130.0
A,PPS_HAB_EU27_2020,ITC4,2016,133.0
A,PPS_HAB_EU27_2020,ITC4,2017,131.0
A,PPS_HAB_EU27_2020,ITC4,2018,130.0
A,PPS_HAB_EU27_2020,ITC4,2019,128.0
A,PPS_HAB_EU27_2020,ITC4,2020,126.0
A,PPS_HAB_EU27_2020,ITC4,2021,130.0
A,PPS_HAB_EU27_2020,ITC4,2022,133.0
A,PPS_HAB_EU27_2020,ITC4,2023,133.0
A,PPS_HAB_EU27_2020,ITC4,2024,132.0
A,PPS_HAB_EU27_2020,ITF,2010,70.0
A,PPS_HAB_EU27_2020,ITF,2011,69.0
A,PPS_HAB_EU27_2020,ITF,2012,69.0
A,PPS_HAB_EU27_2020,ITF,2013,67.0
A,PPS_HAB_EU27_2020,ITF,2014,65.0
A,PPS_HAB_EU27_2020,ITF,2015,65.0
A,PPS_HAB_EU27_2020,ITF,2016,65.0
A,PPS_HAB_EU27_2020,ITF,2017,64.0
A,PPS_HAB_EU27_2020,ITF,2018,63.0
A,PPS_HAB_EU27_2020,ITF,2019,63.0
A,PPS_HAB_EU27_2020,ITF,2020,62.0
A,PPS_HAB_EU27_2020,ITF,2021,63.0
A,PPS_HAB_EU27_2020,ITF,2022,65.0
A,PPS_HAB_EU27_2020,ITF,2023,66.0
A,PPS_HAB_EU27_2020,ITF,2024,66.0
A,PPS_HAB_EU27_2020,ITF1,2010,90.0
A,PPS_HAB_EU27_2020,ITF1,2011,92.0
A,PPS_HAB_EU27_2020,ITF1,2012,91.0
A,PPS_HAB_EU27_2020,ITF1,2013,88.0
A,PPS_HAB_EU27_2020,ITF1,2014,86.0
A,PPS_HAB_EU27_2020,ITF1,2015,84.0
A,PPS_HAB_EU27_2020,ITF1,2016,84.0
A,PPS_HAB_EU27_2020,ITF1,2017,84.0
A,PPS_HAB_EU27_2020,ITF1,2018,82.0
A,PPS_HAB_EU27_2020,ITF1,2019,81.0
A,PPS_HAB_EU27_2020,ITF1,2020,79.0
A,PPS_HAB_EU27_2020,ITF1,2021,81.0
A,PPS_HAB_EU27_2020,ITF1,2022,83.0
A,PPS_HAB_EU27_2020,ITF1,2023,84.0
A,PPS_HAB_EU27_2020,ITF1,2024,84.0
A,PPS_HAB_EU27_2020,ITF2,2010,84.0
A,PPS_HAB_EU27_2020,ITF2,2011,82.0
A,PPS_HAB_EU27_2020,ITF2,2012,80.0
A,PPS_HAB_EU27_2020,ITF2,2013,74.0
A,PPS_HAB_EU27_2020,ITF2,2014,71.0
A,PPS_HAB_EU27_2020,ITF2,2015,70.0
A,PPS_HAB_EU27_2020,ITF2,2016,71.0
A,PPS_HAB_EU27_2020,ITF2,2017,71.0
A,PPS_HAB_EU27_2020,ITF2,2018,70.0
A,PPS_HAB_EU27_2020,ITF2,2019,71.0
A,PPS_HAB_EU27_2020,ITF2,2020,70.0
A,PPS_HAB_EU27_2020,ITF2,2021,72.0
A,PPS_HAB_EU27_2020,ITF2,2022,72.0
A,PPS_HAB_EU27_2020,ITF2,2023,73.0
A,PPS_HAB_EU27_2020,ITF2,2024,72.0
A,PPS_HAB_EU27_2020,ITF3,2010,69.0
A,PPS_HAB_EU27_2020,ITF3,2011,67.0
A,PPS_HAB_EU27_2020,ITF3,2012,67.0
A,PPS_HAB_EU27_2020,ITF3,2013,65.0
A,PPS_HAB_EU27_2020,ITF3,2014,63.0
A,PPS_HAB_EU27_2020,ITF3,2015,63.0
A,PPS_HAB_EU27_2020,ITF3,2016,63.0
A,PPS_HAB_EU27_2020,ITF3,2017,63.0
A,PPS_HAB_EU27_2020,ITF3,2018,61.0
A,PPS_HAB_EU27_2020,ITF3,2019,61.0
A,PPS_HAB_EU27_2020,ITF3,2020,60.0
A,PPS_HAB_EU27_2020,ITF3,2021,61.0
A,PPS_HAB_EU27_2020,ITF3,2022,63.0
A,PPS_HAB_EU27_2020,ITF3,2023,64.0
A,PPS_HAB_EU27_2020,ITF3,2024,64.0
A,PPS_HAB_EU27_2020,ITF4,2010,67.0
A,PPS_HAB_EU27_2020,ITF4,2011,66.0
A,PPS_HAB_EU27_2020,ITF4,2012,67.0
A,PPS_HAB_EU27_2020,ITF4,2013,64.0
A,PPS_HAB_EU27_2020,ITF4,2014,63.0
A,PPS_HAB_EU27_2020,ITF4,2015,62.0
A,PPS_HAB_EU27_2020,ITF4,2016,63.0
A,PPS_HAB_EU27_2020,ITF4,2017,62.0
A,PPS_HAB_EU27_2020,ITF4,2018,62.0
A,PPS_HAB_EU27_2020,ITF4,2019,61.0
A,PPS_HAB_EU27_2020,ITF4,2020,60.0
A,PPS_HAB_EU27_2020,ITF4,2021,62.0
A,PPS_HAB_EU27_2020,ITF4,2022,64.0
A,PPS_HAB_EU27_2020,ITF4,2023,64.0
A,PPS_HAB_EU27_2020,ITF4,2024,64.0
A,PPS_HAB_EU27_2020,ITF5,2010,73.0
A,PPS_HAB_EU27_2020,ITF5,2011,74.0
A,PPS_HAB_EU27_2020,ITF5,2012,74.0
A,PPS_HAB_EU27_2020,ITF5,2013,75.0
A,PPS_HAB_EU27_2020,ITF5,2014,70.0
A,PPS_HAB_EU27_2020,ITF5,2015,74.0
A,PPS_HAB_EU27_2020,ITF5,2016,74.0
A,PPS_HAB_EU27_2020,ITF5,2017,72.0
A,PPS_HAB_EU27_2020,ITF5,2018,73.0
A,PPS_HAB_EU27_2020,ITF5,2019,71.0
A,PPS_HAB_EU27_2020,ITF5,2020,68.0
A,PPS_HAB_EU27_2020,ITF5,2021,73.0
A,PPS_HAB_EU27_2020,ITF5,2022,75.0
A,PPS_HAB_EU27_2020,ITF5,2023,75.0
A,PPS_HAB_EU27_2020,ITF5,2024,74.0
A,PPS_HAB_EU27_2020,ITF6,2010,66.0
A,PPS_HAB_EU27_2020,ITF6,2011,65.0
A,PPS_HAB_EU27_2020,ITF6,2012,64.0
A,PPS_HAB_EU27_2020,ITF6,2013,62.0
A,PPS_HAB_EU27_2020,ITF6,2014,59.0
A,PPS_HAB_EU27_2020,ITF6,2015,58.0
A,PPS_HAB_EU27_2020,ITF6,2016,59.0
A,PPS_HAB_EU27_2020,ITF6,2017,58.0
A,PPS_HAB_EU27_2020,ITF6,2018,57.0
A,PPS_HAB_EU27_2020,ITF6,2019,56.0
A,PPS_HAB_EU27_2020,ITF6,2020,55.0
A,PPS_HAB_EU27_2020,ITF6,2021,56.0
A,PPS_HAB_EU27_2020,ITF6,2022,57.0
A,PPS_HAB_EU27_2020,ITF6,2023,57.0
A,PPS_HAB_EU27_2020,ITF6,2024,57.0
A,PPS_HAB_EU27_2020,ITG,2010,70.0
A,PPS_HAB_EU27_2020,ITG,2011,68.0
A,PPS_HAB_EU27_2020,ITG,2012,68.0
A,PPS_HAB_EU27_2020,ITG,2013,66.0
A,PPS_HAB_EU27_2020,ITG,2014,63.0
A,PPS_HAB_EU27_2020,ITG,2015,63.0
A,PPS_HAB_EU27_2020,ITG,2016,63.0
A,PPS_HAB_EU27_2020,ITG,2017,62.0
A,PPS_HAB_EU27_2020,ITG,2018,61.0
A,PPS_HAB_EU27_2020,ITG,2019,60.0
A,PPS_HAB_EU27_2020,ITG,2020,60.0
A,PPS_HAB_EU27_2020,ITG,2021,61.0
A,PPS_HAB_EU27_2020,ITG,2022,64.0
A,PPS_HAB_EU27_2020,ITG,2023,63.0
A,PPS_HAB_EU27_2020,ITG,2024,64.0
A,PPS_HAB_EU27_2020,ITG1,2010,67.0
A,PPS_HAB_EU27_2020,ITG1,2011,66.0
A,PPS_HAB_EU27_2020,ITG1,2012,65.0
A,PPS_HAB_EU27_2020,ITG1,2013,63.0
A,PPS_HAB_EU27_2020,ITG1,2014,60.0
A,PPS_HAB_EU27_2020,ITG1,2015,60.0
A,PPS_HAB_EU27_2020,ITG1,2016,60.0
A,PPS_HAB_EU27_2020,ITG1,2017,60.0
A,PPS_HAB_EU27_2020,ITG1,2018,58.0
A,PPS_HAB_EU27_2020,ITG1,2019,58.0
A,PPS_HAB_EU27_2020,ITG1,2020,57.0
A,PPS_HAB_EU27_2020,ITG1,2021,59.0
A,PPS_HAB_EU27_2020,ITG1,2022,61.0
A,PPS_HAB_EU27_2020,ITG1,2023,60.0
A,PPS_HAB_EU27_2020,ITG1,2024,61.0
A,PPS_HAB_EU27_2020,ITG2,2010,76.0
A,PPS_HAB_EU27_2020,ITG2,2011,76.0
A,PPS_HAB_EU27_2020,ITG2,2012,76.0
A,PPS_HAB_EU27_2020,ITG2,2013,73.0
A,PPS_HAB_EU27_2020,ITG2,2014,71.0
A,PPS_HAB_EU27_2020,ITG2,2015,71.0
A,PPS_HAB_EU27_2020,ITG2,2016,70.0
A,PPS_HAB_EU27_2020,ITG2,2017,69.0
A,PPS_HAB_EU27_2020,ITG2,2018,68.0
A,PPS_HAB_EU27_2020,ITG2,2019,69.0
A,PPS_HAB_EU27_2020,ITG2,2020,67.0
A,PPS_HAB_EU27_2020,ITG2,2021,69.0
A,PPS_HAB_EU27_2020,ITG2,2022,71.0
A,PPS_HAB_EU27_2020,ITG2,2023,72.0
A,PPS_HAB_EU27_2020,ITG2,2024,73.0
A,PPS_HAB_EU27_2020,ITH,2010,121.0
A,PPS_HAB_EU27_2020,ITH,2011,121.0
A,PPS_HAB_EU27_2020,ITH,2012,120.0
A,PPS_HAB_EU27_2020,ITH,2013,118.0
A,PPS_HAB_EU27_2020,ITH,2014,115.0
A,PPS_HAB_EU27_2020,ITH,2015,114.0
A,PPS_HAB_EU27_2020,ITH,2016,117.0
A,PPS_HAB_EU27_2020,ITH,2017,116.0
A,PPS_HAB_EU27_2020,ITH,2018,115.0
A,PPS_HAB_EU27_2020,ITH,2019,114.0
A,PPS_HAB_EU27_2020,ITH,2020,110.0
A,PPS_HAB_EU27_2020,ITH,2021,113.0
A,PPS_HAB_EU27_2020,ITH,2022,115.0
A,PPS_HAB_EU27_2020,ITH,2023,116.0
A,PPS_HAB_EU27_2020,ITH,2024,114.0
A,PPS_HAB_EU27_2020,ITH1,2010,158.0
A,PPS_HAB_EU27_2020,ITH1,2011,158.0
A,PPS_HAB_EU27_2020,ITH1,2012,164.0
A,PPS_HAB_EU27_2020,ITH1,2013,161.0
A,PPS_HAB_EU27_2020,ITH1,2014,157.0
A,PPS_HAB_EU27_2020,ITH1,2015,155.0
A,PPS_HAB_EU27_2020,ITH1,2016,157.0
A,PPS_HAB_EU27_2020,ITH1,2017,156.0
A,PPS_HAB_EU27_2020,ITH1,2018,156.0
A,PPS_HAB_EU27_2020,ITH1,2019,156.0
A,PPS_HAB_EU27_2020,ITH1,2020,151.0
A,PPS_HAB_EU27_2020,ITH1,2021,153.0
A,PPS_HAB_EU27_2020,ITH1,2022,161.0
A,PPS_HAB_EU27_2020,ITH1,2023,166.0
A,PPS_HAB_EU27_2020,ITH1,2024,161.0
A,PPS_HAB_EU27_2020,ITH2,2010,134.0
A,PPS_HAB_EU27_2020,ITH2,2011,133.0
A,PPS_HAB_EU27_2020,ITH2,2012,133.0
A,PPS_HAB_EU27_2020,ITH2,2013,133.0
A,PPS_HAB_EU27_2020,ITH2,2014,127.0
A,PPS_HAB_EU27_2020,ITH2,2015,123.0
A,PPS_HAB_EU27_2020,ITH2,2016,124.0
A,PPS_HAB_EU27_2020,ITH2,2017,122.0
A,PPS_HAB_EU27_2020,ITH2,2018,122.0
A,PPS_HAB_EU27_2020,ITH2,2019,122.0
A,PPS_HAB_EU27_2020,ITH2,2020,120.0
A,PPS_HAB_EU27_2020,ITH2,2021,121.0
A,PPS_HAB_EU27_2020,ITH2,2022,126.0
A,PPS_HAB_EU27_2020,ITH2,2023,127.0
A,PPS_HAB_EU27_2020,ITH2,2024,125.0
A,PPS_HAB_EU27_2020,ITH3,2010,115.0
A,PPS_HAB_EU27_2020,ITH3,2011,116.0
A,PPS_HAB_EU27_2020,ITH3,2012,114.0
A,PPS_HAB_EU27_2020,ITH3,2013,111.0
A,PPS_HAB_EU27_2020,ITH3,2014,110.0
A,PPS_HAB_EU27_2020,ITH3,2015,109.0
A,PPS_HAB_EU27_2020,ITH3,2016,112.0
A,PPS_HAB_EU27_2020,ITH3,2017,111.0
A,PPS_HAB_EU27_2020,ITH3,2018,109.0
A,PPS_HAB_EU27_2020,ITH3,2019,109.0
A,PPS_HAB_EU27_2020,ITH3,2020,104.0
A,PPS_HAB_EU27_2020,ITH3,2021,107.0
A,PPS_HAB_EU27_2020,ITH3,2022,110.0
A,PPS_HAB_EU27_2020,ITH3,2023,110.0
A,PPS_HAB_EU27_2020,ITH3,2024,109.0
A,PPS_HAB_EU27_2020,ITH4,2010,111.0
A,PPS_HAB_EU27_2020,ITH4,2011,110.0
A,PPS_HAB_EU27_2020,ITH4,2012,107.0
A,PPS_HAB_EU27_2020,ITH4,2013,106.0
A,PPS_HAB_EU27_2020,ITH4,2014,103.0
A,PPS_HAB_EU27_2020,ITH4,2015,103.0
A,PPS_HAB_EU27_2020,ITH4,2016,104.0
A,PPS_HAB_EU27_2020,ITH4,2017,103.0
A,PPS_HAB_EU27_2020,ITH4,2018,102.0
A,PPS_HAB_EU27_2020,ITH4,2019,102.0
A,PPS_HAB_EU27_2020,ITH4,2020,100.0
A,PPS_HAB_EU27_2020,ITH4,2021,104.0
A,PPS_HAB_EU27_2020,ITH4,2022,103.0
A,PPS_HAB_EU27_2020,ITH4,2023,102.0
A,PPS_HAB_EU27_2020,ITH4,2024,102.0
A,PPS_HAB_EU27_2020,ITH5,2010,124.0
A,PPS_HAB_EU27_2020,ITH5,2011,125.0
A,PPS_HAB_EU27_2020,ITH5,2012,123.0
A,PPS_HAB_EU27_2020,ITH5,2013,121.0
A,PPS_HAB_EU27_2020,ITH5,2014,119.0
A,PPS_HAB_EU27_2020,ITH5,2015,118.0
A,PPS_HAB_EU27_2020,ITH5,2016,121.0
A,PPS_HAB_EU27_2020,ITH5,2017,119.0
A,PPS_HAB_EU27_2020,ITH5,2018,118.0
A,PPS_HAB_EU27_2020,ITH5,2019,116.0
A,PPS_HAB_EU27_2020,ITH5,2020,113.0
A,PPS_HAB_EU27_2020,ITH5,2021,117.0
A,PPS_HAB_EU27_2020,ITH5,2022,118.0
A,PPS_HAB_EU27_2020,ITH5,2023,118.0
A,PPS_HAB_EU27_2020,ITH5,2024,117.0
A,PPS_HAB_EU27_2020,ITI,2010,119.0
A,PPS_HAB_EU27_2020,ITI,2011,118.0
A,PPS_HAB_EU27_2020,ITI,2012,115.0
A,PPS_HAB_EU27_2020,ITI,2013,111.0
A,PPS_HAB_EU27_2020,ITI,2014,109.0
A,PPS_HAB_EU27_2020,ITI,2015,106.0
A,PPS_HAB_EU27_2020,ITI,2016,109.0
A,PPS_HAB_EU27_2020,ITI,2017,107.0
A,PPS_HAB_EU27_2020,ITI,2018,105.0
A,PPS_HAB_EU27_2020,ITI,2019,105.0
A,PPS_HAB_EU27_2020,ITI,2020,101.0
A,PPS_HAB_EU27_2020,ITI,2021,102.0
A,PPS_HAB_EU27_2020,ITI,2022,106.0
A,PPS_HAB_EU27_2020,ITI,2023,106.0
A,PPS_HAB_EU27_2020,ITI,2024,105.0
A,PPS_HAB_EU27_2020,ITI1,2010,111.0
A,PPS_HAB_EU27_2020,ITI1,2011,110.0
A,PPS_HAB_EU27_2020,ITI1,2012,110.0
A,PPS_HAB_EU27_2020,ITI1,2013,106.0
A,PPS_HAB_EU27_2020,ITI1,2014,105.0
A,PPS_HAB_EU27_2020,ITI1,2015,103.0
A,PPS_HAB_EU27_2020,ITI1,2016,105.0
A,PPS_HAB_EU27_2020,ITI1,2017,104.0
A,PPS_HAB_EU27_2020,ITI1,2018,103.0
A,PPS_HAB_EU27_2020,ITI1,2019,105.0
A,PPS_HAB_EU27_2020,ITI1,2020,97.0
A,PPS_HAB_EU27_2020,ITI1,2021,100.0
A,PPS_HAB_EU27_2020,ITI1,2022,103.0
A,PPS_HAB_EU27_2020,ITI1,2023,103.0
A,PPS_HAB_EU27_2020,ITI1,2024,103.0
A,PPS_HAB_EU27_2020,ITI2,2010,96.0
A,PPS_HAB_EU27_2020,ITI2,2011,95.0
A,PPS_HAB_EU27_2020,ITI2,2012,92.0
A,PPS_HAB_EU27_2020,ITI2,2013,89.0
A,PPS_HAB_EU27_2020,ITI2,2014,85.0
A,PPS_HAB_EU27_2020,ITI2,2015,85.0
A,PPS_HAB_EU27_2020,ITI2,2016,85.0
A,PPS_HAB_EU27_2020,ITI2,2017,84.0
A,PPS_HAB_EU27_2020,ITI2,2018,84.0
A,PPS_HAB_EU27_2020,ITI2,2019,83.0
A,PPS_HAB_EU27_2020,ITI2,2020,80.0
A,PPS_HAB_EU27_2020,ITI2,2021,82.0
A,PPS_HAB_EU27_2020,ITI2,2022,83.0
A,PPS_HAB_EU27_2020,ITI2,2023,85.0
A,PPS_HAB_EU27_2020,ITI2,2024,85.0
A,PPS_HAB_EU27_2020,ITI3,2010,98.0
A,PPS_HAB_EU27_2020,ITI3,2011,98.0
A,PPS_HAB_EU27_2020,ITI3,2012,95.0
A,PPS_HAB_EU27_2020,ITI3,2013,92.0
A,PPS_HAB_EU27_2020,ITI3,2014,92.0
A,PPS_HAB_EU27_2020,ITI3,2015,90.0
A,PPS_HAB_EU27_2020,ITI3,2016,91.0
A,PPS_HAB_EU27_2020,ITI3,2017,91.0
A,PPS_HAB_EU27_2020,ITI3,2018,89.0
A,PPS_HAB_EU27_2020,ITI3,2019,89.0
A,PPS_HAB_EU27_2020,ITI3,2020,86.0
A,PPS_HAB_EU27_2020,ITI3,2021,89.0
A,PPS_HAB_EU27_2020,ITI3,2022,90.0
A,PPS_HAB_EU27_2020,ITI3,2023,90.0
A,PPS_HAB_EU27_2020,ITI3,2024,89.0
A,PPS_HAB_EU27_2020,ITI4,2010,135.0
A,PPS_HAB_EU27_2020,ITI4,2011,133.0
A,PPS_HAB_EU27_2020,ITI4,2012,128.0
A,PPS_HAB_EU27_2020,ITI4,2013,123.0
A,PPS_HAB_EU27_2020,ITI4,2014,119.0
A,PPS_HAB_EU27_2020,ITI4,2015,115.0
A,PPS_HAB_EU27_2020,ITI4,2016,119.0
A,PPS_HAB_EU27_2020,ITI4,2017,116.0
A,PPS_HAB_EU27_2020,ITI4,2018,114.0
A,PPS_HAB_EU27_2020,ITI4,2019,114.0
A,PPS_HAB_EU27_2020,ITI4,2020,110.0
A,PPS_HAB_EU27_2020,ITI4,2021,110.0
A,PPS_HAB_EU27_2020,ITI4,2022,115.0
A,PPS_HAB_EU27_2020,ITI4,2023,114.0
A,PPS_HAB_EU27_2020,ITI4,2024,113.0
A,PPS_HAB_EU27_2020,LT,2010,60.0
A,PPS_HAB_EU27_2020,LT,2011,65.0
A,PPS_HAB_EU27_2020,LT,2012,70.0
A,PPS_HAB_EU27_2020,LT,2013,73.0
A,PPS_HAB_EU27_2020,LT,2014,75.0
A,PPS_HAB_EU27_2020,LT,2015,75.0
A,PPS_HAB_EU27_2020,LT,2016,75.0
A,PPS_HAB_EU27_2020,LT,2017,78.0
A,PPS_HAB_EU27_2020,LT,2018,81.0
A,PPS_HAB_EU27_2020,LT,2019,83.0
A,PPS_HAB_EU27_2020,LT,2020,86.0
A,PPS_HAB_EU27_2020,LT,2021,88.0
A,PPS_HAB_EU27_2020,LT,2022,87.0
A,PPS_HAB_EU27_2020,LT,2023,86.0
A,PPS_HAB_EU27_2020,LT,2024,87.0
A,PPS_HAB_EU27_2020,LT0,2010,60.0
A,PPS_HAB_EU27_2020,LT0,2011,65.0
A,PPS_HAB_EU27_2020,LT0,2012,70.0
A,PPS_HAB_EU27_2020,LT0,2013,73.0
A,PPS_HAB_EU27_2020,LT0,2014,75.0
A,PPS_HAB_EU27_2020,LT0,2015,75.0
A,PPS_HAB_EU27_2020,LT0,2016,75.0
A,PPS_HAB_EU27_2020,LT0,2017,78.0
A,PPS_HAB_EU27_2020,LT0,2018,81.0
A,PPS_HAB_EU27_2020,LT0,2019,83.0
A,PPS_HAB_EU27_2020,LT0,2020,86.0
A,PPS_HAB_EU27_2020,LT0,2021,88.0
A,PPS_HAB_EU27_2020,LT0,2022,87.0
A,PPS_HAB_EU27_2020,LT0,2023,86.0
A,PPS_HAB_EU27_2020,LT0,2024,87.0
A,PPS_HAB_EU27_2020,LT01,2010,87.0
A,PPS_HAB_EU27_2020,LT01,2011,93.0
A,PPS_HAB_EU27_2020,LT01,2012,100.0
A,PPS_HAB_EU27_2020,LT01,2013,106.0
A,PPS_HAB_EU27_2020,LT01,2014,110.0
A,PPS_HAB_EU27_2020,LT01,2015,110.0
A,PPS_HAB_EU27_2020,LT01,2016,110.0
A,PPS_HAB_EU27_2020,LT01,2017,113.0
A,PPS_HAB_EU27_2020,LT01,2018,119.0
A,PPS_HAB_EU27_2020,LT01,2019,124.0
A,PPS_HAB_EU27_2020,LT01,2020,128.0
A,PPS_HAB_EU27_2020,LT01,2021,131.0
A,PPS_HAB_EU27_2020,LT01,2022,129.0
A,PPS_HAB_EU27_2020,LT01,2023,131.0
A,PPS_HAB_EU27_2020,LT01,2024,133.0
A,PPS_HAB_EU27_2020,LT02,2010,50.0
A,PPS_HAB_EU27_2020,LT02,2011,55.0
A,PPS_HAB_EU27_2020,LT02,2012,59.0
A,PPS_HAB_EU27_2020,LT02,2013,61.0
A,PPS_HAB_EU27_2020,LT02,2014,62.0
A,PPS_HAB_EU27_2020,LT02,2015,61.0
A,PPS_HAB_EU27_2020,LT02,2016,62.0
A,PPS_HAB_EU27_2020,LT02,2017,64.0
A,PPS_HAB_EU27_2020,LT02,2018,66.0
A,PPS_HAB_EU27_2020,LT02,2019,67.0
A,PPS_HAB_EU27_2020,LT02,2020,70.0
A,PPS_HAB_EU27_2020,LT02,2021,70.0
A,PPS_HAB_EU27_2020,LT02,2022,69.0
A,PPS_HAB_EU27_2020,LT02,2023,67.0
A,PPS_HAB_EU27_2020,LT02,2024,68.0
A,PPS_HAB_EU27_2020,LU,2010,272.0
A,PPS_HAB_EU27_2020,LU,2011,272.0
A,PPS_HAB_EU27_2020,LU,2012,274.0
A,PPS_HAB_EU27_2020,LU,2013,276.0
A,PPS_HAB_EU27_2020,LU,2014,280.0
A,PPS_HAB_EU27_2020,LU,2015,279.0
A,PPS_HAB_EU27_2020,LU,2016,275.0
A,PPS_HAB_EU27_2020,LU,2017,266.0
A,PPS_HAB_EU27_2020,LU,2018,258.0
A,PPS_HAB_EU27_2020,LU,2019,248.0
A,PPS_HAB_EU27_2020,LU,2020,255.0
A,PPS_HAB_EU27_2020,LU,2021,262.0
A,PPS_HAB_EU27_2020,LU,2022,250.0
A,PPS_HAB_EU27_2020,LU,2023,248.0
A,PPS_HAB_EU27_2020,LU,2024,245.0
A,PPS_HAB_EU27_2020,LU0,2010,272.0
A,PPS_HAB_EU27_2020,LU0,2011,272.0
A,PPS_HAB_EU27_2020,LU0,2012,274.0
A,PPS_HAB_EU27_2020,LU0,2013,276.0
A,PPS_HAB_EU27_2020,LU0,2014,280.0
A,PPS_HAB_EU27_2020,LU0,2015,279.0
A,PPS_HAB_EU27_2020,LU0,2016,275.0
A,PPS_HAB_EU27_2020,LU0,2017,266.0
A,PPS_HAB_EU27_2020,LU0,2018,258.0
A,PPS_HAB_EU27_2020,LU0,2019,248.0
A,PPS_HAB_EU27_2020,LU0,2020,255.0
A,PPS_HAB_EU27_2020,LU0,2021,262.0
A,PPS_HAB_EU27_2020,LU0,2022,250.0
A,PPS_HAB_EU27_2020,LU0,2023,248.0
A,PPS_HAB_EU27_2020,LU0,2024,245.0
A,PPS_HAB_EU27_2020,LU00,2010,272.0
A,PPS_HAB_EU27_2020,LU00,2011,272.0
A,PPS_HAB_EU27_2020,LU00,2012,274.0
A,PPS_HAB_EU27_2020,LU00,2013,276.0
A,PPS_HAB_EU27_2020,LU00,2014,280.0
A,PPS_HAB_EU27_2020,LU00,2015,279.0
A,PPS_HAB_EU27_2020,LU00,2016,275.0
A,PPS_HAB_EU27_2020,LU00,2017,266.0
A,PPS_HAB_EU27_2020,LU00,2018,258.0
A,PPS_HAB_EU27_2020,LU00,2019,248.0
A,PPS_HAB_EU27_2020,LU00,2020,255.0
A,PPS_HAB_EU27_2020,LU00,2021,262.0
A,PPS_HAB_EU27_2020,LU00,2022,250.0
A,PPS_HAB_EU27_2020,LU00,2023,248.0
A,PPS_HAB_EU27_2020,LU00,2024,245.0
A,PPS_HAB_EU27_2020,LV,2010,52.0
A,PPS_HAB_EU27_2020,LV,2011,54.0
A,PPS_HAB_EU27_2020,LV,2012,58.0
A,PPS_HAB_EU27_2020,LV,2013,60.0
A,PPS_HAB_EU27_2020,LV,2014,61.0
A,PPS_HAB_EU27_2020,LV,2015,62.0
A,PPS_HAB_EU27_2020,LV,2016,63.0
A,PPS_HAB_EU27_2020,LV,2017,64.0
A,PPS_HAB_EU27_2020,LV,2018,66.0
A,PPS_HAB_EU27_2020,LV,2019,66.0
A,PPS_HAB_EU27_2020,LV,2020,69.0
A,PPS_HAB_EU27_2020,LV,2021,71.0
A,PPS_HAB_EU27_2020,LV,2022,69.0
A,PPS_HAB_EU27_2020,LV,2023,70.0
A,PPS_HAB_EU27_2020,LV,2024,68.0
A,PPS_HAB_EU27_2020,LV0,2010,52.0
A,PPS_HAB_EU27_2020,LV0,2011,54.0
A,PPS_HAB_EU27_2020,LV0,2012,58.0
A,PPS_HAB_EU27_2020,LV0,2013,60.0
A,PPS_HAB_EU27_2020,LV0,2014,61.0
A,PPS_HAB_EU27_2020,LV0,2015,62.0
A,PPS_HAB_EU27_2020,LV0,2016,63.0
A,PPS_HAB_EU27_2020,LV0,2017,64.0
A,PPS_HAB_EU27_2020,LV0,2018,66.0
A,PPS_HAB_EU27_2020,LV0,2019,66.0
A,PPS_HAB_EU27_2020,LV0,2020,68.0
A,PPS_HAB_EU27_2020,LV0,2021,71.0
A,PPS_HAB_EU27_2020,LV0,2022,69.0
A,PPS_HAB_EU27_2020,LV0,2023,70.0
A,PPS_HAB_EU27_2020,LV0,2024,68.0
A,PPS_HAB_EU27_2020,LV00,2010,52.0
A,PPS_HAB_EU27_2020,LV00,2011,54.0
A,PPS_HAB_EU27_2020,LV00,2012,58.0
A,PPS_HAB_EU27_2020,LV00,2013,60.0
A,PPS_HAB_EU27_2020,LV00,2014,61.0
A,PPS_HAB_EU27_2020,LV00,2015,62.0
A,PPS_HAB_EU27_2020,LV00,2016,63.0
A,PPS_HAB_EU27_2020,LV00,2017,64.0
A,PPS_HAB_EU27_2020,LV00,2018,66.0
A,PPS_HAB_EU27_2020,LV00,2019,66.0
A,PPS_HAB_EU27_2020,LV00,2020,68.0
A,PPS_HAB_EU27_2020,LV00,2021,71.0
A,PPS_HAB_EU27_2020,LV00,2022,69.0
A,PPS_HAB_EU27_2020,LV00,2023,70.0
A,PPS_HAB_EU27_2020,LV00,2024,68.0
A,PPS_HAB_EU27_2020,ME,2010,41.0
A,PPS_HAB_EU27_2020,ME,2011,41.0
A,PPS_HAB_EU27_2020,ME,2012,39.0
A,PPS_HAB_EU27_2020,ME,2013,40.0
A,PPS_HAB_EU27_2020,ME,2014,41.0
A,PPS_HAB_EU27_2020,ME,2015,42.0
A,PPS_HAB_EU27_2020,ME,2016,44.0
A,PPS_HAB_EU27_2020,ME,2017,45.0
A,PPS_HAB_EU27_2020,ME,2018,47.0
A,PPS_HAB_EU27_2020,ME,2019,49.0
A,PPS_HAB_EU27_2020,ME,2020,43.0
A,PPS_HAB_EU27_2020,ME,2021,45.0
A,PPS_HAB_EU27_2020,ME,2022,48.0
A,PPS_HAB_EU27_2020,ME,2023,52.0
A,PPS_HAB_EU27_2020,ME,2024,53.0
A,PPS_HAB_EU27_2020,ME0,2010,41.0
A,PPS_HAB_EU27_2020,ME0,2011,41.0
A,PPS_HAB_EU27_2020,ME0,2012,39.0
A,PPS_HAB_EU27_2020,ME0,2013,40.0
A,PPS_HAB_EU27_2020,ME0,2014,41.0
A,PPS_HAB_EU27_2020,ME0,2015,42.0
A,PPS_HAB_EU27_2020,ME0,2016,44.0
A,PPS_HAB_EU27_2020,ME0,2017,45.0
A,PPS_HAB_EU27_2020,ME0,2018,47.0
A,PPS_HAB_EU27_2020,ME0,2019,49.0
A,PPS_HAB_EU27_2020,ME0,2020,43.0
A,PPS_HAB_EU27_2020,ME0,2021,45.0
A,PPS_HAB_EU27_2020,ME0,2022,48.0
A,PPS_HAB_EU27_2020,ME0,2023,52.0
A,PPS_HAB_EU27_2020,ME0,2024,53.0
A,PPS_HAB_EU27_2020,ME00,2010,41.0
A,PPS_HAB_EU27_2020,ME00,2011,41.0
A,PPS_HAB_EU27_2020,ME00,2012,39.0
A,PPS_HAB_EU27_2020,ME00,2013,40.0
A,PPS_HAB_EU27_2020,ME00,2014,41.0
A,PPS_HAB_EU27_2020,ME00,2015,42.0
A,PPS_HAB_EU27_2020,ME00,2016,44.0
A,PPS_HAB_EU27_2020,ME00,2017,45.0
A,PPS_HAB_EU27_2020,ME00,2018,47.0
A,PPS_HAB_EU27_2020,ME00,2019,49.0
A,PPS_HAB_EU27_2020,ME00,2020,43.0
A,PPS_HAB_EU27_2020,ME00,2021,45.0
A,PPS_HAB_EU27_2020,ME00,2022,48.0
A,PPS_HAB_EU27_2020,ME00,2023,52.0
A,PPS_HAB_EU27_2020,ME00,2024,53.0
A,PPS_HAB_EU27_2020,MK,2010,36.0
A,PPS_HAB_EU27_2020,MK,2011,36.0
A,PPS_HAB_EU27_2020,MK,2012,36.0
A,PPS_HAB_EU27_2020,MK,2013,38.0
A,PPS_HAB_EU27_2020,MK,2014,39.0
A,PPS_HAB_EU27_2020,MK,2015,39.0
A,PPS_HAB_EU27_2020,MK,2016,40.0
A,PPS_HAB_EU27_2020,MK,2017,40.0
A,PPS_HAB_EU27_2020,MK,2018,41.0
A,PPS_HAB_EU27_2020,MK,2019,41.0
A,PPS_HAB_EU27_2020,MK,2020,42.0
A,PPS_HAB_EU27_2020,MK,2021,42.0
A,PPS_HAB_EU27_2020,MK,2022,41.0
A,PPS_HAB_EU27_2020,MK,2023,41.0
A,PPS_HAB_EU27_2020,MK,2024,42.0
A,PPS_HAB_EU27_2020,MK0,2010,36.0
A,PPS_HAB_EU27_2020,MK0,2011,36.0
A,PPS_HAB_EU27_2020,MK0,2012,36.0
A,PPS_HAB_EU27_2020,MK0,2013,38.0
A,PPS_HAB_EU27_2020,MK0,2014,39.0
A,PPS_HAB_EU27_2020,MK0,2015,39.0
A,PPS_HAB_EU27_2020,MK0,2016,40.0
A,PPS_HAB_EU27_2020,MK0,2017,40.0
A,PPS_HAB_EU27_2020,MK0,2018,41.0
A,PPS_HAB_EU27_2020,MK0,2019,41.0
A,PPS_HAB_EU27_2020,MK0,2020,42.0
A,PPS_HAB_EU27_2020,MK0,2021,42.0
A,PPS_HAB_EU27_2020,MK0,2022,41.0
A,PPS_HAB_EU27_2020,MK0,2023,41.0
A,PPS_HAB_EU27_2020,MK0,2024,42.0
A,PPS_HAB_EU27_2020,MK00,2010,36.0
A,PPS_HAB_EU27_2020,MK00,2011,36.0
A,PPS_HAB_EU27_2020,MK00,2012,36.0
A,PPS_HAB_EU27_2020,MK00,2013,38.0
A,PPS_HAB_EU27_2020,MK00,2014,39.0
A,PPS_HAB_EU27_2020,MK00,2015,39.0
A,PPS_HAB_EU27_2020,MK00,2016,40.0
A,PPS_HAB_EU27_2020,MK00,2017,40.0
A,PPS_HAB_EU27_2020,MK00,2018,41.0
A,PPS_HAB_EU27_2020,MK00,2019,41.0
A,PPS_HAB_EU27_2020,MK00,2020,42.0
A,PPS_HAB_EU27_2020,MK00,2021,42.0
A,PPS_HAB_EU27_2020,MK00,2022,41.0
A,PPS_HAB_EU27_2020,MK00,2023,41.0
A,PPS_HAB_EU27_2020,MK00,2024,42.0
A,PPS_HAB_EU27_2020,MT,2010,87.0
A,PPS_HAB_EU27_2020,MT,2011,85.0
A,PPS_HAB_EU27_2020,MT,2012,87.0
A,PPS_HAB_EU27_2020,MT,2013,91.0
A,PPS_HAB_EU27_2020,MT,2014,94.0
A,PPS_HAB_EU27_2020,MT,2015,99.0
A,PPS_HAB_EU27_2020,MT,2016,100.0
A,PPS_HAB_EU27_2020,MT,2017,106.0
A,PPS_HAB_EU27_2020,MT,2018,107.0
A,PPS_HAB_EU27_2020,MT,2019,105.0
A,PPS_HAB_EU27_2020,MT,2020,105.0
A,PPS_HAB_EU27_2020,MT,2021,109.0
A,PPS_HAB_EU27_2020,MT,2022,103.0
A,PPS_HAB_EU27_2020,MT,2023,109.0
A,PPS_HAB_EU27_2020,MT,2024,110.0
A,PPS_HAB_EU27_2020,MT0,2010,87.0
A,PPS_HAB_EU27_2020,MT0,2011,85.0
A,PPS_HAB_EU27_2020,MT0,2012,87.0
A,PPS_HAB_EU27_2020,MT0,2013,91.0
A,PPS_HAB_EU27_2020,MT0,2014,94.0
A,PPS_HAB_EU27_2020,MT0,2015,99.0
A,PPS_HAB_EU27_2020,MT0,2016,100.0
A,PPS_HAB_EU27_2020,MT0,2017,106.0
A,PPS_HAB_EU27_2020,MT0,2018,106.0
A,PPS_HAB_EU27_2020,MT0,2019,105.0
A,PPS_HAB_EU27_2020,MT0,2020,105.0
A,PPS_HAB_EU27_2020,MT0,2021,109.0
A,PPS_HAB_EU27_2020,MT0,2022,103.0
A,PPS_HAB_EU27_2020,MT0,2023,109.0
A,PPS_HAB_EU27_2020,MT0,2024,110.0
A,PPS_HAB_EU27_2020,MT00,2010,87.0
A,PPS_HAB_EU27_2020,MT00,2011,85.0
A,PPS_HAB_EU27_2020,MT00,2012,87.0
A,PPS_HAB_EU27_2020,MT00,2013,91.0
A,PPS_HAB_EU27_2020,MT00,2014,94.0
A,PPS_HAB_EU27_2020,MT00,2015,99.0
A,PPS_HAB_EU27_2020,MT00,2016,100.0
A,PPS_HAB_EU27_2020,MT00,2017,106.0
A,PPS_HAB_EU27_2020,MT00,2018,106.0
A,PPS_HAB_EU27_2020,MT00,2019,105.0
A,PPS_HAB_EU27_2020,MT00,2020,105.0
A,PPS_HAB_EU27_2020,MT00,2021,109.0
A,PPS_HAB_EU27_2020,MT00,2022,103.0
A,PPS_HAB_EU27_2020,MT00,2023,109.0
A,PPS_HAB_EU27_2020,MT00,2024,110.0
A,PPS_HAB_EU27_2020,NL,2010,137.0
A,PPS_HAB_EU27_2020,NL,2011,135.0
A,PPS_HAB_EU27_2020,NL,2012,135.0
A,PPS_HAB_EU27_2020,NL,2013,136.0
A,PPS_HAB_EU27_2020,NL,2014,133.0
A,PPS_HAB_EU27_2020,NL,2015,132.0
A,PPS_HAB_EU27_2020,NL,2016,130.0
A,PPS_HAB_EU27_2020,NL,2017,130.0
A,PPS_HAB_EU27_2020,NL,2018,130.0
A,PPS_HAB_EU27_2020,NL,2019,128.0
A,PPS_HAB_EU27_2020,NL,2020,131.0
A,PPS_HAB_EU27_2020,NL,2021,132.0
A,PPS_HAB_EU27_2020,NL,2022,134.0
A,PPS_HAB_EU27_2020,NL,2023,131.0
A,PPS_HAB_EU27_2020,NL,2024,134.0
A,PPS_HAB_EU27_2020,NL1,2010,124.0
A,PPS_HAB_EU27_2020,NL1,2011,124.0
A,PPS_HAB_EU27_2020,NL1,2012,127.0
A,PPS_HAB_EU27_2020,NL1,2013,129.0
A,PPS_HAB_EU27_2020,NL1,2014,118.0
A,PPS_HAB_EU27_2020,NL1,2015,110.0
A,PPS_HAB_EU27_2020,NL1,2016,104.0
A,PPS_HAB_EU27_2020,NL1,2017,104.0
A,PPS_HAB_EU27_2020,NL1,2018,103.0
A,PPS_HAB_EU27_2020,NL1,2019,100.0
A,PPS_HAB_EU27_2020,NL1,2020,102.0
A,PPS_HAB_EU27_2020,NL1,2021,104.0
A,PPS_HAB_EU27_2020,NL1,2022,112.0
A,PPS_HAB_EU27_2020,NL1,2023,103.0
A,PPS_HAB_EU27_2020,NL1,2024,104.0
A,PPS_HAB_EU27_2020,NL11,2010,173.0
A,PPS_HAB_EU27_2020,NL11,2011,173.0
A,PPS_HAB_EU27_2020,NL11,2012,181.0
A,PPS_HAB_EU27_2020,NL11,2013,189.0
A,PPS_HAB_EU27_2020,NL11,2014,160.0
A,PPS_HAB_EU27_2020,NL11,2015,142.0
A,PPS_HAB_EU27_2020,NL11,2016,128.0
A,PPS_HAB_EU27_2020,NL11,2017,128.0
A,PPS_HAB_EU27_2020,NL11,2018,126.0
A,PPS_HAB_EU27_2020,NL11,2019,119.0
A,PPS_HAB_EU27_2020,NL11,2020,116.0
A,PPS_HAB_EU27_2020,NL11,2021,120.0
A,PPS_HAB_EU27_2020,NL11,2022,140.0
A,PPS_HAB_EU27_2020,NL11,2023,120.0
A,PPS_HAB_EU27_2020,NL11,2024,117.0
A,PPS_HAB_EU27_2020,NL12,2010,100.0
A,PPS_HAB_EU27_2020,NL12,2011,101.0
A,PPS_HAB_EU27_2020,NL12,2012,100.0
A,PPS_HAB_EU27_2020,NL12,2013,98.0
A,PPS_HAB_EU27_2020,NL12,2014,96.0
A,PPS_HAB_EU27_2020,NL12,2015,94.0
A,PPS_HAB_EU27_2020,NL12,2016,92.0
A,PPS_HAB_EU27_2020,NL12,2017,92.0
A,PPS_HAB_EU27_2020,NL12,2018,92.0
A,PPS_HAB_EU27_2020,NL12,2019,91.0
A,PPS_HAB_EU27_2020,NL12,2020,96.0
A,PPS_HAB_EU27_2020,NL12,2021,96.0
A,PPS_HAB_EU27_2020,NL12,2022,101.0
A,PPS_HAB_EU27_2020,NL12,2023,96.0
A,PPS_HAB_EU27_2020,NL12,2024,98.0
A,PPS_HAB_EU27_2020,NL13,2010,97.0
A,PPS_HAB_EU27_2020,NL13,2011,97.0
A,PPS_HAB_EU27_2020,NL13,2012,99.0
A,PPS_HAB_EU27_2020,NL13,2013,100.0
A,PPS_HAB_EU27_2020,NL13,2014,97.0
A,PPS_HAB_EU27_2020,NL13,2015,94.0
A,PPS_HAB_EU27_2020,NL13,2016,90.0
A,PPS_HAB_EU27_2020,NL13,2017,90.0
A,PPS_HAB_EU27_2020,NL13,2018,91.0
A,PPS_HAB_EU27_2020,NL13,2019,89.0
A,PPS_HAB_EU27_2020,NL13,2020,92.0
A,PPS_HAB_EU27_2020,NL13,2021,93.0
A,PPS_HAB_EU27_2020,NL13,2022,94.0
A,PPS_HAB_EU27_2020,NL13,2023,93.0
A,PPS_HAB_EU27_2020,NL13,2024,96.0
A,PPS_HAB_EU27_2020,NL2,2010,114.0
A,PPS_HAB_EU27_2020,NL2,2011,113.0
A,PPS_HAB_EU27_2020,NL2,2012,112.0
A,PPS_HAB_EU27_2020,NL2,2013,112.0
A,PPS_HAB_EU27_2020,NL2,2014,109.0
A,PPS_HAB_EU27_2020,NL2,2015,108.0
A,PPS_HAB_EU27_2020,NL2,2016,107.0
A,PPS_HAB_EU27_2020,NL2,2017,107.0
A,PPS_HAB_EU27_2020,NL2,2018,108.0
A,PPS_HAB_EU27_2020,NL2,2019,107.0
A,PPS_HAB_EU27_2020,NL2,2020,111.0
A,PPS_HAB_EU27_2020,NL2,2021,111.0
A,PPS_HAB_EU27_2020,NL2,2022,112.0
A,PPS_HAB_EU27_2020,NL2,2023,110.0
A,PPS_HAB_EU27_2020,NL2,2024,114.0
A,PPS_HAB_EU27_2020,NL21,2010,114.0
A,PPS_HAB_EU27_2020,NL21,2011,113.0
A,PPS_HAB_EU27_2020,NL21,2012,112.0
A,PPS_HAB_EU27_2020,NL21,2013,112.0
A,PPS_HAB_EU27_2020,NL21,2014,109.0
A,PPS_HAB_EU27_2020,NL21,2015,109.0
A,PPS_HAB_EU27_2020,NL21,2016,109.0
A,PPS_HAB_EU27_2020,NL21,2017,110.0
A,PPS_HAB_EU27_2020,NL21,2018,110.0
A,PPS_HAB_EU27_2020,NL21,2019,108.0
A,PPS_HAB_EU27_2020,NL21,2020,113.0
A,PPS_HAB_EU27_2020,NL21,2021,113.0
A,PPS_HAB_EU27_2020,NL21,2022,114.0
A,PPS_HAB_EU27_2020,NL21,2023,112.0
A,PPS_HAB_EU27_2020,NL21,2024,116.0
A,PPS_HAB_EU27_2020,NL22,2010,116.0
A,PPS_HAB_EU27_2020,NL22,2011,115.0
A,PPS_HAB_EU27_2020,NL22,2012,114.0
A,PPS_HAB_EU27_2020,NL22,2013,114.0
A,PPS_HAB_EU27_2020,NL22,2014,111.0
A,PPS_HAB_EU27_2020,NL22,2015,110.0
A,PPS_HAB_EU27_2020,NL22,2016,109.0
A,PPS_HAB_EU27_2020,NL22,2017,109.0
A,PPS_HAB_EU27_2020,NL22,2018,109.0
A,PPS_HAB_EU27_2020,NL22,2019,108.0
A,PPS_HAB_EU27_2020,NL22,2020,112.0
A,PPS_HAB_EU27_2020,NL22,2021,112.0
A,PPS_HAB_EU27_2020,NL22,2022,113.0
A,PPS_HAB_EU27_2020,NL22,2023,110.0
A,PPS_HAB_EU27_2020,NL22,2024,114.0
A,PPS_HAB_EU27_2020,NL23,2010,103.0
A,PPS_HAB_EU27_2020,NL23,2011,104.0
A,PPS_HAB_EU27_2020,NL23,2012,100.0
A,PPS_HAB_EU27_2020,NL23,2013,101.0
A,PPS_HAB_EU27_2020,NL23,2014,99.0
A,PPS_HAB_EU27_2020,NL23,2015,97.0
A,PPS_HAB_EU27_2020,NL23,2016,96.0
A,PPS_HAB_EU27_2020,NL23,2017,95.0
A,PPS_HAB_EU27_2020,NL23,2018,96.0
A,PPS_HAB_EU27_2020,NL23,2019,96.0
A,PPS_HAB_EU27_2020,NL23,2020,99.0
A,PPS_HAB_EU27_2020,NL23,2021,98.0
A,PPS_HAB_EU27_2020,NL23,2022,102.0
A,PPS_HAB_EU27_2020,NL23,2023,103.0
A,PPS_HAB_EU27_2020,NL23,2024,103.0
A,PPS_HAB_EU27_2020,NL3,2010,152.0
A,PPS_HAB_EU27_2020,NL3,2011,149.0
A,PPS_HAB_EU27_2020,NL3,2012,149.0
A,PPS_HAB_EU27_2020,NL3,2013,150.0
A,PPS_HAB_EU27_2020,NL3,2014,148.0
A,PPS_HAB_EU27_2020,NL3,2015,148.0
A,PPS_HAB_EU27_2020,NL3,2016,146.0
A,PPS_HAB_EU27_2020,NL3,2017,146.0
A,PPS_HAB_EU27_2020,NL3,2018,146.0
A,PPS_HAB_EU27_2020,NL3,2019,144.0
A,PPS_HAB_EU27_2020,NL3,2020,146.0
A,PPS_HAB_EU27_2020,NL3,2021,146.0
A,PPS_HAB_EU27_2020,NL3,2022,149.0
A,PPS_HAB_EU27_2020,NL3,2023,146.0
A,PPS_HAB_EU27_2020,NL3,2024,150.0
A,PPS_HAB_EU27_2020,NL32,2010,166.0
A,PPS_HAB_EU27_2020,NL32,2011,163.0
A,PPS_HAB_EU27_2020,NL32,2012,165.0
A,PPS_HAB_EU27_2020,NL32,2013,169.0
A,PPS_HAB_EU27_2020,NL32,2014,170.0
A,PPS_HAB_EU27_2020,NL32,2015,171.0
A,PPS_HAB_EU27_2020,NL32,2016,169.0
A,PPS_HAB_EU27_2020,NL32,2017,170.0
A,PPS_HAB_EU27_2020,NL32,2018,171.0
A,PPS_HAB_EU27_2020,NL32,2019,170.0
A,PPS_HAB_EU27_2020,NL32,2020,168.0
A,PPS_HAB_EU27_2020,NL32,2021,168.0
A,PPS_HAB_EU27_2020,NL32,2022,175.0
A,PPS_HAB_EU27_2020,NL32,2023,172.0
A,PPS_HAB_EU27_2020,NL32,2024,175.0
A,PPS_HAB_EU27_2020,NL34,2010,107.0
A,PPS_HAB_EU27_2020,NL34,2011,108.0
A,PPS_HAB_EU27_2020,NL34,2012,107.0
A,PPS_HAB_EU27_2020,NL34,2013,107.0
A,PPS_HAB_EU27_2020,NL34,2014,105.0
A,PPS_HAB_EU27_2020,NL34,2015,105.0
A,PPS_HAB_EU27_2020,NL34,2016,102.0
A,PPS_HAB_EU27_2020,NL34,2017,102.0
A,PPS_HAB_EU27_2020,NL34,2018,105.0
A,PPS_HAB_EU27_2020,NL34,2019,102.0
A,PPS_HAB_EU27_2020,NL34,2020,106.0
A,PPS_HAB_EU27_2020,NL34,2021,104.0
A,PPS_HAB_EU27_2020,NL34,2022,110.0
A,PPS_HAB_EU27_2020,NL34,2023,112.0
A,PPS_HAB_EU27_2020,NL34,2024,113.0
A,PPS_HAB_EU27_2020,NL35,2010,165.0
A,PPS_HAB_EU27_2020,NL35,2011,160.0
A,PPS_HAB_EU27_2020,NL35,2012,160.0
A,PPS_HAB_EU27_2020,NL35,2013,163.0
A,PPS_HAB_EU27_2020,NL35,2014,160.0
A,PPS_HAB_EU27_2020,NL35,2015,157.0
A,PPS_HAB_EU27_2020,NL35,2016,154.0
A,PPS_HAB_EU27_2020,NL35,2017,157.0
A,PPS_HAB_EU27_2020,NL35,2018,157.0
A,PPS_HAB_EU27_2020,NL35,2019,153.0
A,PPS_HAB_EU27_2020,NL35,2020,163.0
A,PPS_HAB_EU27_2020,NL35,2021,162.0
A,PPS_HAB_EU27_2020,NL35,2022,159.0
A,PPS_HAB_EU27_2020,NL35,2023,157.0
A,PPS_HAB_EU27_2020,NL35,2024,162.0
A,PPS_HAB_EU27_2020,NL36,2010,140.0
A,PPS_HAB_EU27_2020,NL36,2011,138.0
A,PPS_HAB_EU27_2020,NL36,2012,137.0
A,PPS_HAB_EU27_2020,NL36,2013,136.0
A,PPS_HAB_EU27_2020,NL36,2014,132.0
A,PPS_HAB_EU27_2020,NL36,2015,132.0
A,PPS_HAB_EU27_2020,NL36,2016,129.0
A,PPS_HAB_EU27_2020,NL36,2017,128.0
A,PPS_HAB_EU27_2020,NL36,2018,126.0
A,PPS_HAB_EU27_2020,NL36,2019,124.0
A,PPS_HAB_EU27_2020,NL36,2020,128.0
A,PPS_HAB_EU27_2020,NL36,2021,127.0
A,PPS_HAB_EU27_2020,NL36,2022,129.0
A,PPS_HAB_EU27_2020,NL36,2023,126.0
A,PPS_HAB_EU27_2020,NL36,2024,129.0
A,PPS_HAB_EU27_2020,NL4,2010,128.0
A,PPS_HAB_EU27_2020,NL4,2011,128.0
A,PPS_HAB_EU27_2020,NL4,2012,128.0
A,PPS_HAB_EU27_2020,NL4,2013,129.0
A,PPS_HAB_EU27_2020,NL4,2014,126.0
A,PPS_HAB_EU27_2020,NL4,2015,126.0
A,PPS_HAB_EU27_2020,NL4,2016,126.0
A,PPS_HAB_EU27_2020,NL4,2017,127.0
A,PPS_HAB_EU27_2020,NL4,2018,127.0
A,PPS_HAB_EU27_2020,NL4,2019,125.0
A,PPS_HAB_EU27_2020,NL4,2020,129.0
A,PPS_HAB_EU27_2020,NL4,2021,130.0
A,PPS_HAB_EU27_2020,NL4,2022,128.0
A,PPS_HAB_EU27_2020,NL4,2023,127.0
A,PPS_HAB_EU27_2020,NL4,2024,130.0
A,PPS_HAB_EU27_2020,NL41,2010,135.0
A,PPS_HAB_EU27_2020,NL41,2011,134.0
A,PPS_HAB_EU27_2020,NL41,2012,135.0
A,PPS_HAB_EU27_2020,NL41,2013,135.0
A,PPS_HAB_EU27_2020,NL41,2014,132.0
A,PPS_HAB_EU27_2020,NL41,2015,131.0
A,PPS_HAB_EU27_2020,NL41,2016,131.0
A,PPS_HAB_EU27_2020,NL41,2017,133.0
A,PPS_HAB_EU27_2020,NL41,2018,133.0
A,PPS_HAB_EU27_2020,NL41,2019,131.0
A,PPS_HAB_EU27_2020,NL41,2020,136.0
A,PPS_HAB_EU27_2020,NL41,2021,137.0
A,PPS_HAB_EU27_2020,NL41,2022,136.0
A,PPS_HAB_EU27_2020,NL41,2023,135.0
A,PPS_HAB_EU27_2020,NL41,2024,139.0
A,PPS_HAB_EU27_2020,NL42,2010,115.0
A,PPS_HAB_EU27_2020,NL42,2011,115.0
A,PPS_HAB_EU27_2020,NL42,2012,114.0
A,PPS_HAB_EU27_2020,NL42,2013,116.0
A,PPS_HAB_EU27_2020,NL42,2014,113.0
A,PPS_HAB_EU27_2020,NL42,2015,112.0
A,PPS_HAB_EU27_2020,NL42,2016,114.0
A,PPS_HAB_EU27_2020,NL42,2017,114.0
A,PPS_HAB_EU27_2020,NL42,2018,114.0
A,PPS_HAB_EU27_2020,NL42,2019,111.0
A,PPS_HAB_EU27_2020,NL42,2020,114.0
A,PPS_HAB_EU27_2020,NL42,2021,114.0
A,PPS_HAB_EU27_2020,NL42,2022,111.0
A,PPS_HAB_EU27_2020,NL42,2023,109.0
A,PPS_HAB_EU27_2020,NL42,2024,110.0
A,PPS_HAB_EU27_2020,NO,2010,176.0
A,PPS_HAB_EU27_2020,NO,2011,180.0
A,PPS_HAB_EU27_2020,NO,2012,187.0
A,PPS_HAB_EU27_2020,NO,2013,185.0
A,PPS_HAB_EU27_2020,NO,2014,177.0
A,PPS_HAB_EU27_2020,NO,2015,157.0
A,PPS_HAB_EU27_2020,NO,2016,144.0
A,PPS_HAB_EU27_2020,NO,2017,150.0
A,PPS_HAB_EU27_2020,NO,2018,155.0
A,PPS_HAB_EU27_2020,NO,2019,146.0
A,PPS_HAB_EU27_2020,NO,2020,141.0
A,PPS_HAB_EU27_2020,NO,2021,171.0
A,PPS_HAB_EU27_2020,NO0,2010,138.0
A,PPS_HAB_EU27_2020,NO0,2011,136.0
A,PPS_HAB_EU27_2020,NO0,2012,142.0
A,PPS_HAB_EU27_2020,NO0,2013,143.0
A,PPS_HAB_EU27_2020,NO0,2014,141.0
A,PPS_HAB_EU27_2020,NO0,2015,132.0
A,PPS_HAB_EU27_2020,NO0,2016,126.0
A,PPS_HAB_EU27_2020,NO0,2017,126.0
A,PPS_HAB_EU27_2020,NO0,2018,127.0
A,PPS_HAB_EU27_2020,NO0,2019,124.0
A,PPS_HAB_EU27_2020,NO0,2020,125.0
A,PPS_HAB_EU27_2020,NO0,2021,129.0
A,PPS_HAB_EU27_2020,NO02,2010,99.0
A,PPS_HAB_EU27_2020,NO02,2011,99.0
A,PPS_HAB_EU27_2020,NO02,2012,102.0
A,PPS_HAB_EU27_2020,NO02,2013,103.0
A,PPS_HAB_EU27_2020,NO02,2014,102.0
A,PPS_HAB_EU27_2020,NO02,2015,98.0
A,PPS_HAB_EU27_2020,NO02,2016,96.0
A,PPS_HAB_EU27_2020,NO02,2017,97.0
A,PPS_HAB_EU27_2020,NO02,2018,98.0
A,PPS_HAB_EU27_2020,NO02,2019,95.0
A,PPS_HAB_EU27_2020,NO02,2020,99.0
A,PPS_HAB_EU27_2020,NO02,2021,104.0
A,PPS_HAB_EU27_2020,NO06,2010,121.0
A,PPS_HAB_EU27_2020,NO06,2011,119.0
A,PPS_HAB_EU27_2020,NO06,2012,126.0
A,PPS_HAB_EU27_2020,NO06,2013,128.0
A,PPS_HAB_EU27_2020,NO06,2014,125.0
A,PPS_HAB_EU27_2020,NO06,2015,119.0
A,PPS_HAB_EU27_2020,NO06,2016,116.0
A,PPS_HAB_EU27_2020,NO06,2017,119.0
A,PPS_HAB_EU27_2020,NO06,2018,121.0
A,PPS_HAB_EU27_2020,NO06,2019,116.0
A,PPS_HAB_EU27_2020,NO06,2020,117.0
A,PPS_HAB_EU27_2020,NO06,2021,120.0
A,PPS_HAB_EU27_2020,NO07,2010,117.0
A,PPS_HAB_EU27_2020,NO07,2011,114.0
A,PPS_HAB_EU27_2020,NO07,2012,117.0
A,PPS_HAB_EU27_2020,NO07,2013,120.0
A,PPS_HAB_EU27_2020,NO07,2014,120.0
A,PPS_HAB_EU27_2020,NO07,2015,112.0
A,PPS_HAB_EU27_2020,NO07,2016,115.0
A,PPS_HAB_EU27_2020,NO07,2017,116.0
A,PPS_HAB_EU27_2020,NO07,2018,118.0
A,PPS_HAB_EU27_2020,NO07,2019,114.0
A,PPS_HAB_EU27_2020,NO07,2020,111.0
A,PPS_HAB_EU27_2020,NO07,2021,118.0
A,PPS_HAB_EU27_2020,NO08,2010,160.0
A,PPS_HAB_EU27_2020,NO08,2011,158.0
A,PPS_HAB_EU27_2020,NO08,2012,165.0
A,PPS_HAB_EU27_2020,NO08,2013,166.0
A,PPS_HAB_EU27_2020,NO08,2014,163.0
A,PPS_HAB_EU27_2020,NO08,2015,151.0
A,PPS_HAB_EU27_2020,NO08,2016,146.0
A,PPS_HAB_EU27_2020,NO08,2017,146.0
A,PPS_HAB_EU27_2020,NO08,2018,146.0
A,PPS_HAB_EU27_2020,NO08,2019,144.0
A,PPS_HAB_EU27_2020,NO08,2020,146.0
A,PPS_HAB_EU27_2020,NO08,2021,147.0
A,PPS_HAB_EU27_2020,NO09,2010,114.0
A,PPS_HAB_EU27_2020,NO09,2011,111.0
A,PPS_HAB_EU27_2020,NO09,2012,115.0
A,PPS_HAB_EU27_2020,NO09,2013,113.0
A,PPS_HAB_EU27_2020,NO09,2014,111.0
A,PPS_HAB_EU27_2020,NO09,2015,105.0
A,PPS_HAB_EU27_2020,NO09,2016,99.0
A,PPS_HAB_EU27_2020,NO09,2017,98.0
A,PPS_HAB_EU27_2020,NO09,2018,101.0
A,PPS_HAB_EU27_2020,NO09,2019,97.0
A,PPS_HAB_EU27_2020,NO09,2020,98.0
A,PPS_HAB_EU27_2020,NO09,2021,106.0
A,PPS_HAB_EU27_2020,NO0A,2010,148.0
A,PPS_HAB_EU27_2020,NO0A,2011,144.0
A,PPS_HAB_EU27_2020,NO0A,2012,151.0
A,PPS_HAB_EU27_2020,NO0A,2013,154.0
A,PPS_HAB_EU27_2020,NO0A,2014,151.0
A,PPS_HAB_EU27_2020,NO0A,2015,140.0
A,PPS_HAB_EU27_2020,NO0A,2016,128.0
A,PPS_HAB_EU27_2020,NO0A,2017,127.0
A,PPS_HAB_EU27_2020,NO0A,2018,126.0
A,PPS_HAB_EU27_2020,NO0A,2019,125.0
A,PPS_HAB_EU27_2020,NO0A,2020,124.0
A,PPS_HAB_EU27_2020,NO0A,2021,129.0
A,PPS_HAB_EU27_2020,PL,2010,63.0
A,PPS_HAB_EU27_2020,PL,2011,66.0
A,PPS_HAB_EU27_2020,PL,2012,67.0
A,PPS_HAB_EU27_2020,PL,2013,67.0
A,PPS_HAB_EU27_2020,PL,2014,68.0
A,PPS_HAB_EU27_2020,PL,2015,70.0
A,PPS_HAB_EU27_2020,PL,2016,69.0
A,PPS_HAB_EU27_2020,PL,2017,70.0
A,PPS_HAB_EU27_2020,PL,2018,72.0
A,PPS_HAB_EU27_2020,PL,2019,74.0
A,PPS_HAB_EU27_2020,PL,2020,78.0
A,PPS_HAB_EU27_2020,PL,2021,79.0
A,PPS_HAB_EU27_2020,PL,2022,78.0
A,PPS_HAB_EU27_2020,PL,2023,77.0
A,PPS_HAB_EU27_2020,PL,2024,78.0
A,PPS_HAB_EU27_2020,PL2,2010,62.0
A,PPS_HAB_EU27_2020,PL2,2011,65.0
A,PPS_HAB_EU27_2020,PL2,2012,66.0
A,PPS_HAB_EU27_2020,PL2,2013,65.0
A,PPS_HAB_EU27_2020,PL2,2014,66.0
A,PPS_HAB_EU27_2020,PL2,2015,68.0
A,PPS_HAB_EU27_2020,PL2,2016,68.0
A,PPS_HAB_EU27_2020,PL2,2017,68.0
A,PPS_HAB_EU27_2020,PL2,2018,70.0
A,PPS_HAB_EU27_2020,PL2,2019,72.0
A,PPS_HAB_EU27_2020,PL2,2020,75.0
A,PPS_HAB_EU27_2020,PL2,2021,77.0
A,PPS_HAB_EU27_2020,PL2,2022,76.0
A,PPS_HAB_EU27_2020,PL2,2023,75.0
A,PPS_HAB_EU27_2020,PL2,2024,75.0
A,PPS_HAB_EU27_2020,PL21,2010,56.0
A,PPS_HAB_EU27_2020,PL21,2011,58.0
A,PPS_HAB_EU27_2020,PL21,2012,59.0
A,PPS_HAB_EU27_2020,PL21,2013,59.0
A,PPS_HAB_EU27_2020,PL21,2014,60.0
A,PPS_HAB_EU27_2020,PL21,2015,63.0
A,PPS_HAB_EU27_2020,PL21,2016,63.0
A,PPS_HAB_EU27_2020,PL21,2017,64.0
A,PPS_HAB_EU27_2020,PL21,2018,66.0
A,PPS_HAB_EU27_2020,PL21,2019,67.0
A,PPS_HAB_EU27_2020,PL21,2020,71.0
A,PPS_HAB_EU27_2020,PL21,2021,72.0
A,PPS_HAB_EU27_2020,PL21,2022,69.0
A,PPS_HAB_EU27_2020,PL21,2023,69.0
A,PPS_HAB_EU27_2020,PL21,2024,70.0
A,PPS_HAB_EU27_2020,PL22,2010,67.0
A,PPS_HAB_EU27_2020,PL22,2011,70.0
A,PPS_HAB_EU27_2020,PL22,2012,71.0
A,PPS_HAB_EU27_2020,PL22,2013,69.0
A,PPS_HAB_EU27_2020,PL22,2014,70.0
A,PPS_HAB_EU27_2020,PL22,2015,72.0
A,PPS_HAB_EU27_2020,PL22,2016,71.0
A,PPS_HAB_EU27_2020,PL22,2017,72.0
A,PPS_HAB_EU27_2020,PL22,2018,74.0
A,PPS_HAB_EU27_2020,PL22,2019,75.0
A,PPS_HAB_EU27_2020,PL22,2020,78.0
A,PPS_HAB_EU27_2020,PL22,2021,81.0
A,PPS_HAB_EU27_2020,PL22,2022,82.0
A,PPS_HAB_EU27_2020,PL22,2023,79.0
A,PPS_HAB_EU27_2020,PL22,2024,79.0
A,PPS_HAB_EU27_2020,PL4,2010,61.0
A,PPS_HAB_EU27_2020,PL4,2011,63.0
A,PPS_HAB_EU27_2020,PL4,2012,65.0
A,PPS_HAB_EU27_2020,PL4,2013,65.0
A,PPS_HAB_EU27_2020,PL4,2014,66.0
A,PPS_HAB_EU27_2020,PL4,2015,68.0
A,PPS_HAB_EU27_2020,PL4,2016,68.0
A,PPS_HAB_EU27_2020,PL4,2017,68.0
A,PPS_HAB_EU27_2020,PL4,2018,69.0
A,PPS_HAB_EU27_2020,PL4,2019,71.0
A,PPS_HAB_EU27_2020,PL4,2020,76.0
A,PPS_HAB_EU27_2020,PL4,2021,76.0
A,PPS_HAB_EU27_2020,PL4,2022,74.0
A,PPS_HAB_EU27_2020,PL4,2023,73.0
A,PPS_HAB_EU27_2020,PL4,2024,74.0
A,PPS_HAB_EU27_2020,PL41,2010,66.0
A,PPS_HAB_EU27_2020,PL41,2011,69.0
A,PPS_HAB_EU27_2020,PL41,2012,71.0
A,PPS_HAB_EU27_2020,PL41,2013,72.0
A,PPS_HAB_EU27_2020,PL41,2014,73.0
A,PPS_HAB_EU27_2020,PL41,2015,75.0
A,PPS_HAB_EU27_2020,PL41,2016,75.0
A,PPS_HAB_EU27_2020,PL41,2017,76.0
A,PPS_HAB_EU27_2020,PL41,2018,77.0
A,PPS_HAB_EU27_2020,PL41,2019,80.0
A,PPS_HAB_EU27_2020,PL41,2020,84.0
A,PPS_HAB_EU27_2020,PL41,2021,83.0
A,PPS_HAB_EU27_2020,PL41,2022,81.0
A,PPS_HAB_EU27_2020,PL41,2023,81.0
A,PPS_HAB_EU27_2020,PL41,2024,82.0
A,PPS_HAB_EU27_2020,PL42,2010,55.0
A,PPS_HAB_EU27_2020,PL42,2011,55.0
A,PPS_HAB_EU27_2020,PL42,2012,57.0
A,PPS_HAB_EU27_2020,PL42,2013,56.0
A,PPS_HAB_EU27_2020,PL42,2014,58.0
A,PPS_HAB_EU27_2020,PL42,2015,60.0
A,PPS_HAB_EU27_2020,PL42,2016,58.0
A,PPS_HAB_EU27_2020,PL42,2017,59.0
A,PPS_HAB_EU27_2020,PL42,2018,60.0
A,PPS_HAB_EU27_2020,PL42,2019,61.0
A,PPS_HAB_EU27_2020,PL42,2020,66.0
A,PPS_HAB_EU27_2020,PL42,2021,66.0
A,PPS_HAB_EU27_2020,PL42,2022,64.0
A,PPS_HAB_EU27_2020,PL42,2023,63.0
A,PPS_HAB_EU27_2020,PL42,2024,64.0
A,PPS_HAB_EU27_2020,PL43,2010,54.0
A,PPS_HAB_EU27_2020,PL43,2011,55.0
A,PPS_HAB_EU27_2020,PL43,2012,56.0
A,PPS_HAB_EU27_2020,PL43,2013,56.0
A,PPS_HAB_EU27_2020,PL43,2014,58.0
A,PPS_HAB_EU27_2020,PL43,2015,59.0
A,PPS_HAB_EU27_2020,PL43,2016,58.0
A,PPS_HAB_EU27_2020,PL43,2017,58.0
A,PPS_HAB_EU27_2020,PL43,2018,59.0
A,PPS_HAB_EU27_2020,PL43,2019,60.0
A,PPS_HAB_EU27_2020,PL43,2020,65.0
A,PPS_HAB_EU27_2020,PL43,2021,65.0
A,PPS_HAB_EU27_2020,PL43,2022,63.0
A,PPS_HAB_EU27_2020,PL43,2023,61.0
A,PPS_HAB_EU27_2020,PL43,2024,63.0
A,PPS_HAB_EU27_2020,PL5,2010,67.0
A,PPS_HAB_EU27_2020,PL5,2011,70.0
A,PPS_HAB_EU27_2020,PL5,2012,71.0
A,PPS_HAB_EU27_2020,PL5,2013,70.0
A,PPS_HAB_EU27_2020,PL5,2014,71.0
A,PPS_HAB_EU27_2020,PL5,2015,73.0
A,PPS_HAB_EU27_2020,PL5,2016,72.0
A,PPS_HAB_EU27_2020,PL5,2017,72.0
A,PPS_HAB_EU27_2020,PL5,2018,73.0
A,PPS_HAB_EU27_2020,PL5,2019,75.0
A,PPS_HAB_EU27_2020,PL5,2020,80.0
A,PPS_HAB_EU27_2020,PL5,2021,82.0
A,PPS_HAB_EU27_2020,PL5,2022,79.0
A,PPS_HAB_EU27_2020,PL5,2023,77.0
A,PPS_HAB_EU27_2020,PL5,2024,79.0
A,PPS_HAB_EU27_2020,PL51,2010,71.0
A,PPS_HAB_EU27_2020,PL51,2011,75.0
A,PPS_HAB_EU27_2020,PL51,2012,76.0
A,PPS_HAB_EU27_2020,PL51,2013,75.0
A,PPS_HAB_EU27_2020,PL51,2014,76.0
A,PPS_HAB_EU27_2020,PL51,2015,78.0
A,PPS_HAB_EU27_2020,PL51,2016,77.0
A,PPS_HAB_EU27_2020,PL51,2017,77.0
A,PPS_HAB_EU27_2020,PL51,2018,78.0
A,PPS_HAB_EU27_2020,PL51,2019,80.0
A,PPS_HAB_EU27_2020,PL51,2020,86.0
A,PPS_HAB_EU27_2020,PL51,2021,87.0
A,PPS_HAB_EU27_2020,PL51,2022,84.0
A,PPS_HAB_EU27_2020,PL51,2023,82.0
A,PPS_HAB_EU27_2020,PL51,2024,83.0
A,PPS_HAB_EU27_2020,PL52,2010,53.0
A,PPS_HAB_EU27_2020,PL52,2011,55.0
A,PPS_HAB_EU27_2020,PL52,2012,56.0
A,PPS_HAB_EU27_2020,PL52,2013,56.0
A,PPS_HAB_EU27_2020,PL52,2014,57.0
A,PPS_HAB_EU27_2020,PL52,2015,58.0
A,PPS_HAB_EU27_2020,PL52,2016,57.0
A,PPS_HAB_EU27_2020,PL52,2017,57.0
A,PPS_HAB_EU27_2020,PL52,2018,58.0
A,PPS_HAB_EU27_2020,PL52,2019,60.0
A,PPS_HAB_EU27_2020,PL52,2020,64.0
A,PPS_HAB_EU27_2020,PL52,2021,66.0
A,PPS_HAB_EU27_2020,PL52,2022,63.0
A,PPS_HAB_EU27_2020,PL52,2023,62.0
A,PPS_HAB_EU27_2020,PL52,2024,63.0
A,PPS_HAB_EU27_2020,PL6,2010,54.0
A,PPS_HAB_EU27_2020,PL6,2011,56.0
A,PPS_HAB_EU27_2020,PL6,2012,57.0
A,PPS_HAB_EU27_2020,PL6,2013,57.0
A,PPS_HAB_EU27_2020,PL6,2014,57.0
A,PPS_HAB_EU27_2020,PL6,2015,59.0
A,PPS_HAB_EU27_2020,PL6,2016,59.0
A,PPS_HAB_EU27_2020,PL6,2017,59.0
A,PPS_HAB_EU27_2020,PL6,2018,61.0
A,PPS_HAB_EU27_2020,PL6,2019,62.0
A,PPS_HAB_EU27_2020,PL6,2020,66.0
A,PPS_HAB_EU27_2020,PL6,2021,67.0
A,PPS_HAB_EU27_2020,PL6,2022,68.0
A,PPS_HAB_EU27_2020,PL6,2023,65.0
A,PPS_HAB_EU27_2020,PL6,2024,66.0
A,PPS_HAB_EU27_2020,PL61,2010,52.0
A,PPS_HAB_EU27_2020,PL61,2011,54.0
A,PPS_HAB_EU27_2020,PL61,2012,55.0
A,PPS_HAB_EU27_2020,PL61,2013,55.0
A,PPS_HAB_EU27_2020,PL61,2014,55.0
A,PPS_HAB_EU27_2020,PL61,2015,57.0
A,PPS_HAB_EU27_2020,PL61,2016,56.0
A,PPS_HAB_EU27_2020,PL61,2017,56.0
A,PPS_HAB_EU27_2020,PL61,2018,58.0
A,PPS_HAB_EU27_2020,PL61,2019,58.0
A,PPS_HAB_EU27_2020,PL61,2020,65.0
A,PPS_HAB_EU27_2020,PL61,2021,65.0
A,PPS_HAB_EU27_2020,PL61,2022,65.0
A,PPS_HAB_EU27_2020,PL61,2023,62.0
A,PPS_HAB_EU27_2020,PL61,2024,63.0
A,PPS_HAB_EU27_2020,PL62,2010,46.0
A,PPS_HAB_EU27_2020,PL62,2011,48.0
A,PPS_HAB_EU27_2020,PL62,2012,49.0
A,PPS_HAB_EU27_2020,PL62,2013,49.0
A,PPS_HAB_EU27_2020,PL62,2014,49.0
A,PPS_HAB_EU27_2020,PL62,2015,50.0
A,PPS_HAB_EU27_2020,PL62,2016,50.0
A,PPS_HAB_EU27_2020,PL62,2017,50.0
A,PPS_HAB_EU27_2020,PL62,2018,50.0
A,PPS_HAB_EU27_2020,PL62,2019,51.0
A,PPS_HAB_EU27_2020,PL62,2020,57.0
A,PPS_HAB_EU27_2020,PL62,2021,57.0
A,PPS_HAB_EU27_2020,PL62,2022,56.0
A,PPS_HAB_EU27_2020,PL62,2023,54.0
A,PPS_HAB_EU27_2020,PL62,2024,56.0
A,PPS_HAB_EU27_2020,PL63,2010,61.0
A,PPS_HAB_EU27_2020,PL63,2011,63.0
A,PPS_HAB_EU27_2020,PL63,2012,66.0
A,PPS_HAB_EU27_2020,PL63,2013,64.0
A,PPS_HAB_EU27_2020,PL63,2014,64.0
A,PPS_HAB_EU27_2020,PL63,2015,67.0
A,PPS_HAB_EU27_2020,PL63,2016,67.0
A,PPS_HAB_EU27_2020,PL63,2017,67.0
A,PPS_HAB_EU27_2020,PL63,2018,69.0
A,PPS_HAB_EU27_2020,PL63,2019,71.0
A,PPS_HAB_EU27_2020,PL63,2020,73.0
A,PPS_HAB_EU27_2020,PL63,2021,76.0
A,PPS_HAB_EU27_2020,PL63,2022,77.0
A,PPS_HAB_EU27_2020,PL63,2023,73.0
A,PPS_HAB_EU27_2020,PL63,2024,75.0
A,PPS_HAB_EU27_2020,PL7,2010,56.0
A,PPS_HAB_EU27_2020,PL7,2011,58.0
A,PPS_HAB_EU27_2020,PL7,2012,59.0
A,PPS_HAB_EU27_2020,PL7,2013,59.0
A,PPS_HAB_EU27_2020,PL7,2014,60.0
A,PPS_HAB_EU27_2020,PL7,2015,61.0
A,PPS_HAB_EU27_2020,PL7,2016,60.0
A,PPS_HAB_EU27_2020,PL7,2017,61.0
A,PPS_HAB_EU27_2020,PL7,2018,62.0
A,PPS_HAB_EU27_2020,PL7,2019,64.0
A,PPS_HAB_EU27_2020,PL7,2020,70.0
A,PPS_HAB_EU27_2020,PL7,2021,70.0
A,PPS_HAB_EU27_2020,PL7,2022,68.0
A,PPS_HAB_EU27_2020,PL7,2023,68.0
A,PPS_HAB_EU27_2020,PL7,2024,70.0
A,PPS_HAB_EU27_2020,PL71,2010,59.0
A,PPS_HAB_EU27_2020,PL71,2011,61.0
A,PPS_HAB_EU27_2020,PL71,2012,63.0
A,PPS_HAB_EU27_2020,PL71,2013,63.0
A,PPS_HAB_EU27_2020,PL71,2014,64.0
A,PPS_HAB_EU27_2020,PL71,2015,65.0
A,PPS_HAB_EU27_2020,PL71,2016,65.0
A,PPS_HAB_EU27_2020,PL71,2017,65.0
A,PPS_HAB_EU27_2020,PL71,2018,67.0
A,PPS_HAB_EU27_2020,PL71,2019,69.0
A,PPS_HAB_EU27_2020,PL71,2020,76.0
A,PPS_HAB_EU27_2020,PL71,2021,75.0
A,PPS_HAB_EU27_2020,PL71,2022,73.0
A,PPS_HAB_EU27_2020,PL71,2023,73.0
A,PPS_HAB_EU27_2020,PL71,2024,74.0
A,PPS_HAB_EU27_2020,PL72,2010,50.0
A,PPS_HAB_EU27_2020,PL72,2011,51.0
A,PPS_HAB_EU27_2020,PL72,2012,51.0
A,PPS_HAB_EU27_2020,PL72,2013,50.0
A,PPS_HAB_EU27_2020,PL72,2014,51.0
A,PPS_HAB_EU27_2020,PL72,2015,52.0
A,PPS_HAB_EU27_2020,PL72,2016,51.0
A,PPS_HAB_EU27_2020,PL72,2017,51.0
A,PPS_HAB_EU27_2020,PL72,2018,53.0
A,PPS_HAB_EU27_2020,PL72,2019,54.0
A,PPS_HAB_EU27_2020,PL72,2020,59.0
A,PPS_HAB_EU27_2020,PL72,2021,59.0
A,PPS_HAB_EU27_2020,PL72,2022,57.0
A,PPS_HAB_EU27_2020,PL72,2023,57.0
A,PPS_HAB_EU27_2020,PL72,2024,60.0
A,PPS_HAB_EU27_2020,PL8,2010,45.0
A,PPS_HAB_EU27_2020,PL8,2011,47.0
A,PPS_HAB_EU27_2020,PL8,2012,48.0
A,PPS_HAB_EU27_2020,PL8,2013,49.0
A,PPS_HAB_EU27_2020,PL8,2014,49.0
A,PPS_HAB_EU27_2020,PL8,2015,50.0
A,PPS_HAB_EU27_2020,PL8,2016,49.0
A,PPS_HAB_EU27_2020,PL8,2017,50.0
A,PPS_HAB_EU27_2020,PL8,2018,51.0
A,PPS_HAB_EU27_2020,PL8,2019,52.0
A,PPS_HAB_EU27_2020,PL8,2020,57.0
A,PPS_HAB_EU27_2020,PL8,2021,57.0
A,PPS_HAB_EU27_2020,PL8,2022,56.0
A,PPS_HAB_EU27_2020,PL8,2023,55.0
A,PPS_HAB_EU27_2020,PL8,2024,57.0
A,PPS_HAB_EU27_2020,PL81,2010,44.0
A,PPS_HAB_EU27_2020,PL81,2011,46.0
A,PPS_HAB_EU27_2020,PL81,2012,48.0
A,PPS_HAB_EU27_2020,PL81,2013,48.0
A,PPS_HAB_EU27_2020,PL81,2014,48.0
A,PPS_HAB_EU27_2020,PL81,2015,49.0
A,PPS_HAB_EU27_2020,PL81,2016,48.0
A,PPS_HAB_EU27_2020,PL81,2017,49.0
A,PPS_HAB_EU27_2020,PL81,2018,49.0
A,PPS_HAB_EU27_2020,PL81,2019,51.0
A,PPS_HAB_EU27_2020,PL81,2020,55.0
A,PPS_HAB_EU27_2020,PL81,2021,55.0
A,PPS_HAB_EU27_2020,PL81,2022,55.0
A,PPS_HAB_EU27_2020,PL81,2023,53.0
A,PPS_HAB_EU27_2020,PL81,2024,55.0
A,PPS_HAB_EU27_2020,PL82,2010,44.0
A,PPS_HAB_EU27_2020,PL82,2011,46.0
A,PPS_HAB_EU27_2020,PL82,2012,48.0
A,PPS_HAB_EU27_2020,PL82,2013,48.0
A,PPS_HAB_EU27_2020,PL82,2014,49.0
A,PPS_HAB_EU27_2020,PL82,2015,50.0
A,PPS_HAB_EU27_2020,PL82,2016,49.0
A,PPS_HAB_EU27_2020,PL82,2017,49.0
A,PPS_HAB_EU27_2020,PL82,2018,51.0
A,PPS_HAB_EU27_2020,PL82,2019,52.0
A,PPS_HAB_EU27_2020,PL82,2020,56.0
A,PPS_HAB_EU27_2020,PL82,2021,57.0
A,PPS_HAB_EU27_2020,PL82,2022,55.0
A,PPS_HAB_EU27_2020,PL82,2023,55.0
A,PPS_HAB_EU27_2020,PL82,2024,57.0
A,PPS_HAB_EU27_2020,PL84,2010,48.0
A,PPS_HAB_EU27_2020,PL84,2011,50.0
A,PPS_HAB_EU27_2020,PL84,2012,50.0
A,PPS_HAB_EU27_2020,PL84,2013,51.0
A,PPS_HAB_EU27_2020,PL84,2014,51.0
A,PPS_HAB_EU27_2020,PL84,2015,51.0
A,PPS_HAB_EU27_2020,PL84,2016,51.0
A,PPS_HAB_EU27_2020,PL84,2017,52.0
A,PPS_HAB_EU27_2020,PL84,2018,53.0
A,PPS_HAB_EU27_2020,PL84,2019,55.0
A,PPS_HAB_EU27_2020,PL84,2020,61.0
A,PPS_HAB_EU27_2020,PL84,2021,60.0
A,PPS_HAB_EU27_2020,PL84,2022,60.0
A,PPS_HAB_EU27_2020,PL84,2023,59.0
A,PPS_HAB_EU27_2020,PL84,2024,61.0
A,PPS_HAB_EU27_2020,PL9,2010,99.0
A,PPS_HAB_EU27_2020,PL9,2011,103.0
A,PPS_HAB_EU27_2020,PL9,2012,106.0
A,PPS_HAB_EU27_2020,PL9,2013,107.0
A,PPS_HAB_EU27_2020,PL9,2014,107.0
A,PPS_HAB_EU27_2020,PL9,2015,110.0
A,PPS_HAB_EU27_2020,PL9,2016,109.0
A,PPS_HAB_EU27_2020,PL9,2017,111.0
A,PPS_HAB_EU27_2020,PL9,2018,114.0
A,PPS_HAB_EU27_2020,PL9,2019,118.0
A,PPS_HAB_EU27_2020,PL9,2020,122.0
A,PPS_HAB_EU27_2020,PL9,2021,120.0
A,PPS_HAB_EU27_2020,PL9,2022,120.0
A,PPS_HAB_EU27_2020,PL9,2023,121.0
A,PPS_HAB_EU27_2020,PL9,2024,123.0
A,PPS_HAB_EU27_2020,PL91,2010,137.0
A,PPS_HAB_EU27_2020,PL91,2011,140.0
A,PPS_HAB_EU27_2020,PL91,2012,145.0
A,PPS_HAB_EU27_2020,PL91,2013,146.0
A,PPS_HAB_EU27_2020,PL91,2014,145.0
A,PPS_HAB_EU27_2020,PL91,2015,149.0
A,PPS_HAB_EU27_2020,PL91,2016,146.0
A,PPS_HAB_EU27_2020,PL91,2017,149.0
A,PPS_HAB_EU27_2020,PL91,2018,154.0
A,PPS_HAB_EU27_2020,PL91,2019,159.0
A,PPS_HAB_EU27_2020,PL91,2020,158.0
A,PPS_HAB_EU27_2020,PL91,2021,154.0
A,PPS_HAB_EU27_2020,PL91,2022,151.0
A,PPS_HAB_EU27_2020,PL91,2023,155.0
A,PPS_HAB_EU27_2020,PL91,2024,157.0
A,PPS_HAB_EU27_2020,PL92,2010,54.0
A,PPS_HAB_EU27_2020,PL92,2011,57.0
A,PPS_HAB_EU27_2020,PL92,2012,59.0
A,PPS_HAB_EU27_2020,PL92,2013,58.0
A,PPS_HAB_EU27_2020,PL92,2014,59.0
A,PPS_HAB_EU27_2020,PL92,2015,61.0
A,PPS_HAB_EU27_2020,PL92,2016,61.0
A,PPS_HAB_EU27_2020,PL92,2017,61.0
A,PPS_HAB_EU27_2020,PL92,2018,62.0
A,PPS_HAB_EU27_2020,PL92,2019,65.0
A,PPS_HAB_EU27_2020,PL92,2020,69.0
A,PPS_HAB_EU27_2020,PL92,2021,70.0
A,PPS_HAB_EU27_2020,PL92,2022,73.0
A,PPS_HAB_EU27_2020,PL92,2023,70.0
A,PPS_HAB_EU27_2020,PL92,2024,71.0
A,PPS_HAB_EU27_2020,PT,2010,82.0
A,PPS_HAB_EU27_2020,PT,2011,77.0
A,PPS_HAB_EU27_2020,PT,2012,75.0
A,PPS_HAB_EU27_2020,PT,2013,77.0
A,PPS_HAB_EU27_2020,PT,2014,77.0
A,PPS_HAB_EU27_2020,PT,2015,76.0
A,PPS_HAB_EU27_2020,PT,2016,77.0
A,PPS_HAB_EU27_2020,PT,2017,76.0
A,PPS_HAB_EU27_2020,PT,2018,77.0
A,PPS_HAB_EU27_2020,PT,2019,77.0
A,PPS_HAB_EU27_2020,PT,2020,75.0
A,PPS_HAB_EU27_2020,PT,2021,74.0
A,PPS_HAB_EU27_2020,PT,2022,77.0
A,PPS_HAB_EU27_2020,PT,2023,81.0
A,PPS_HAB_EU27_2020,PT,2024,82.0
A,PPS_HAB_EU27_2020,PT1,2010,82.0
A,PPS_HAB_EU27_2020,PT1,2011,77.0
A,PPS_HAB_EU27_2020,PT1,2012,75.0
A,PPS_HAB_EU27_2020,PT1,2013,77.0
A,PPS_HAB_EU27_2020,PT1,2014,77.0
A,PPS_HAB_EU27_2020,PT1,2015,77.0
A,PPS_HAB_EU27_2020,PT1,2016,77.0
A,PPS_HAB_EU27_2020,PT1,2017,76.0
A,PPS_HAB_EU27_2020,PT1,2018,77.0
A,PPS_HAB_EU27_2020,PT1,2019,77.0
A,PPS_HAB_EU27_2020,PT1,2020,75.0
A,PPS_HAB_EU27_2020,PT1,2021,74.0
A,PPS_HAB_EU27_2020,PT1,2022,77.0
A,PPS_HAB_EU27_2020,PT1,2023,81.0
A,PPS_HAB_EU27_2020,PT1,2024,82.0
A,PPS_HAB_EU27_2020,PT11,2010,66.0
A,PPS_HAB_EU27_2020,PT11,2011,62.0
A,PPS_HAB_EU27_2020,PT11,2012,62.0
A,PPS_HAB_EU27_2020,PT11,2013,64.0
A,PPS_HAB_EU27_2020,PT11,2014,65.0
A,PPS_HAB_EU27_2020,PT11,2015,65.0
A,PPS_HAB_EU27_2020,PT11,2016,65.0
A,PPS_HAB_EU27_2020,PT11,2017,65.0
A,PPS_HAB_EU27_2020,PT11,2018,66.0
A,PPS_HAB_EU27_2020,PT11,2019,66.0
A,PPS_HAB_EU27_2020,PT11,2020,65.0
A,PPS_HAB_EU27_2020,PT11,2021,65.0
A,PPS_HAB_EU27_2020,PT11,2022,66.0
A,PPS_HAB_EU27_2020,PT11,2023,69.0
A,PPS_HAB_EU27_2020,PT11,2024,71.0
A,PPS_HAB_EU27_2020,PT15,2010,82.0
A,PPS_HAB_EU27_2020,PT15,2011,75.0
A,PPS_HAB_EU27_2020,PT15,2012,74.0
A,PPS_HAB_EU27_2020,PT15,2013,76.0
A,PPS_HAB_EU27_2020,PT15,2014,77.0
A,PPS_HAB_EU27_2020,PT15,2015,77.0
A,PPS_HAB_EU27_2020,PT15,2016,80.0
A,PPS_HAB_EU27_2020,PT15,2017,81.0
A,PPS_HAB_EU27_2020,PT15,2018,82.0
A,PPS_HAB_EU27_2020,PT15,2019,82.0
A,PPS_HAB_EU27_2020,PT15,2020,70.0
A,PPS_HAB_EU27_2020,PT15,2021,71.0
A,PPS_HAB_EU27_2020,PT15,2022,84.0
A,PPS_HAB_EU27_2020,PT15,2023,87.0
A,PPS_HAB_EU27_2020,PT15,2024,89.0
A,PPS_HAB_EU27_2020,PT19,2010,70.0
A,PPS_HAB_EU27_2020,PT19,2011,65.0
A,PPS_HAB_EU27_2020,PT19,2012,65.0
A,PPS_HAB_EU27_2020,PT19,2013,66.0
A,PPS_HAB_EU27_2020,PT19,2014,66.0
A,PPS_HAB_EU27_2020,PT19,2015,67.0
A,PPS_HAB_EU27_2020,PT19,2016,68.0
A,PPS_HAB_EU27_2020,PT19,2017,67.0
A,PPS_HAB_EU27_2020,PT19,2018,68.0
A,PPS_HAB_EU27_2020,PT19,2019,68.0
A,PPS_HAB_EU27_2020,PT19,2020,68.0
A,PPS_HAB_EU27_2020,PT19,2021,67.0
A,PPS_HAB_EU27_2020,PT19,2022,68.0
A,PPS_HAB_EU27_2020,PT19,2023,70.0
A,PPS_HAB_EU27_2020,PT19,2024,71.0
A,PPS_HAB_EU27_2020,PT1A,2010,138.0
A,PPS_HAB_EU27_2020,PT1A,2011,129.0
A,PPS_HAB_EU27_2020,PT1A,2012,124.0
A,PPS_HAB_EU27_2020,PT1A,2013,125.0
A,PPS_HAB_EU27_2020,PT1A,2014,123.0
A,PPS_HAB_EU27_2020,PT1A,2015,120.0
A,PPS_HAB_EU27_2020,PT1A,2016,120.0
A,PPS_HAB_EU27_2020,PT1A,2017,118.0
A,PPS_HAB_EU27_2020,PT1A,2018,118.0
A,PPS_HAB_EU27_2020,PT1A,2019,119.0
A,PPS_HAB_EU27_2020,PT1A,2020,114.0
A,PPS_HAB_EU27_2020,PT1A,2021,112.0
A,PPS_HAB_EU27_2020,PT1A,2022,120.0
A,PPS_HAB_EU27_2020,PT1A,2023,127.0
A,PPS_HAB_EU27_2020,PT1A,2024,129.0
A,PPS_HAB_EU27_2020,PT1B,2010,62.0
A,PPS_HAB_EU27_2020,PT1B,2011,57.0
A,PPS_HAB_EU27_2020,PT1B,2012,54.0
A,PPS_HAB_EU27_2020,PT1B,2013,54.0
A,PPS_HAB_EU27_2020,PT1B,2014,54.0
A,PPS_HAB_EU27_2020,PT1B,2015,53.0
A,PPS_HAB_EU27_2020,PT1B,2016,53.0
A,PPS_HAB_EU27_2020,PT1B,2017,53.0
A,PPS_HAB_EU27_2020,PT1B,2018,54.0
A,PPS_HAB_EU27_2020,PT1B,2019,54.0
A,PPS_HAB_EU27_2020,PT1B,2020,53.0
A,PPS_HAB_EU27_2020,PT1B,2021,52.0
A,PPS_HAB_EU27_2020,PT1B,2022,53.0
A,PPS_HAB_EU27_2020,PT1B,2023,54.0
A,PPS_HAB_EU27_2020,PT1B,2024,55.0
A,PPS_HAB_EU27_2020,PT1C,2010,76.0
A,PPS_HAB_EU27_2020,PT1C,2011,72.0
A,PPS_HAB_EU27_2020,PT1C,2012,70.0
A,PPS_HAB_EU27_2020,PT1C,2013,71.0
A,PPS_HAB_EU27_2020,PT1C,2014,71.0
A,PPS_HAB_EU27_2020,PT1C,2015,75.0
A,PPS_HAB_EU27_2020,PT1C,2016,73.0
A,PPS_HAB_EU27_2020,PT1C,2017,75.0
A,PPS_HAB_EU27_2020,PT1C,2018,73.0
A,PPS_HAB_EU27_2020,PT1C,2019,71.0
A,PPS_HAB_EU27_2020,PT1C,2020,67.0
A,PPS_HAB_EU27_2020,PT1C,2021,70.0
A,PPS_HAB_EU27_2020,PT1C,2022,73.0
A,PPS_HAB_EU27_2020,PT1C,2023,77.0
A,PPS_HAB_EU27_2020,PT1C,2024,77.0
A,PPS_HAB_EU27_2020,PT1D,2010,69.0
A,PPS_HAB_EU27_2020,PT1D,2011,63.0
A,PPS_HAB_EU27_2020,PT1D,2012,62.0
A,PPS_HAB_EU27_2020,PT1D,2013,64.0
A,PPS_HAB_EU27_2020,PT1D,2014,63.0
A,PPS_HAB_EU27_2020,PT1D,2015,63.0
A,PPS_HAB_EU27_2020,PT1D,2016,64.0
A,PPS_HAB_EU27_2020,PT1D,2017,63.0
A,PPS_HAB_EU27_2020,PT1D,2018,63.0
A,PPS_HAB_EU27_2020,PT1D,2019,63.0
A,PPS_HAB_EU27_2020,PT1D,2020,63.0
A,PPS_HAB_EU27_2020,PT1D,2021,60.0
A,PPS_HAB_EU27_2020,PT1D,2022,59.0
A,PPS_HAB_EU27_2020,PT1D,2023,64.0
A,PPS_HAB_EU27_2020,PT1D,2024,65.0
A,PPS_HAB_EU27_2020,PT2,2010,74.0
A,PPS_HAB_EU27_2020,PT2,2011,69.0
A,PPS_HAB_EU27_2020,PT2,2012,67.0
A,PPS_HAB_EU27_2020,PT2,2013,69.0
A,PPS_HAB_EU27_2020,PT2,2014,69.0
A,PPS_HAB_EU27_2020,PT2,2015,69.0
A,PPS_HAB_EU27_2020,PT2,2016,69.0
A,PPS_HAB_EU27_2020,PT2,2017,68.0
A,PPS_HAB_EU27_2020,PT2,2018,68.0
A,PPS_HAB_EU27_2020,PT2,2019,68.0
A,PPS_HAB_EU27_2020,PT2,2020,65.0
A,PPS_HAB_EU27_2020,PT2,2021,65.0
A,PPS_HAB_EU27_2020,PT2,2022,67.0
A,PPS_HAB_EU27_2020,PT2,2023,71.0
A,PPS_HAB_EU27_2020,PT2,2024,73.0
A,PPS_HAB_EU27_2020,PT20,2010,74.0
A,PPS_HAB_EU27_2020,PT20,2011,69.0
A,PPS_HAB_EU27_2020,PT20,2012,67.0
A,PPS_HAB_EU27_2020,PT20,2013,69.0
A,PPS_HAB_EU27_2020,PT20,2014,69.0
A,PPS_HAB_EU27_2020,PT20,2015,69.0
A,PPS_HAB_EU27_2020,PT20,2016,69.0
A,PPS_HAB_EU27_2020,PT20,2017,68.0
A,PPS_HAB_EU27_2020,PT20,2018,68.0
A,PPS_HAB_EU27_2020,PT20,2019,68.0
A,PPS_HAB_EU27_2020,PT20,2020,65.0
A,PPS_HAB_EU27_2020,PT20,2021,65.0
A,PPS_HAB_EU27_2020,PT20,2022,67.0
A,PPS_HAB_EU27_2020,PT20,2023,71.0
A,PPS_HAB_EU27_2020,PT20,2024,73.0
A,PPS_HAB_EU27_2020,PT3,2010,80.0
A,PPS_HAB_EU27_2020,PT3,2011,76.0
A,PPS_HAB_EU27_2020,PT3,2012,72.0
A,PPS_HAB_EU27_2020,PT3,2013,74.0
A,PPS_HAB_EU27_2020,PT3,2014,74.0
A,PPS_HAB_EU27_2020,PT3,2015,74.0
A,PPS_HAB_EU27_2020,PT3,2016,75.0
A,PPS_HAB_EU27_2020,PT3,2017,76.0
A,PPS_HAB_EU27_2020,PT3,2018,76.0
A,PPS_HAB_EU27_2020,PT3,2019,76.0
A,PPS_HAB_EU27_2020,PT3,2020,68.0
A,PPS_HAB_EU27_2020,PT3,2021,71.0
A,PPS_HAB_EU27_2020,PT3,2022,82.0
A,PPS_HAB_EU27_2020,PT3,2023,86.0
A,PPS_HAB_EU27_2020,PT3,2024,88.0
A,PPS_HAB_EU27_2020,PT30,2010,80.0
A,PPS_HAB_EU27_2020,PT30,2011,76.0
A,PPS_HAB_EU27_2020,PT30,2012,72.0
A,PPS_HAB_EU27_2020,PT30,2013,74.0
A,PPS_HAB_EU27_2020,PT30,2014,74.0
A,PPS_HAB_EU27_2020,PT30,2015,74.0
A,PPS_HAB_EU27_2020,PT30,2016,75.0
A,PPS_HAB_EU27_2020,PT30,2017,76.0
A,PPS_HAB_EU27_2020,PT30,2018,76.0
A,PPS_HAB_EU27_2020,PT30,2019,76.0
A,PPS_HAB_EU27_2020,PT30,2020,68.0
A,PPS_HAB_EU27_2020,PT30,2021,71.0
A,PPS_HAB_EU27_2020,PT30,2022,82.0
A,PPS_HAB_EU27_2020,PT30,2023,86.0
A,PPS_HAB_EU27_2020,PT30,2024,88.0
A,PPS_HAB_EU27_2020,RO,2010,52.0
A,PPS_HAB_EU27_2020,RO,2011,54.0
A,PPS_HAB_EU27_2020,RO,2012,56.0
A,PPS_HAB_EU27_2020,RO,2013,54.0
A,PPS_HAB_EU27_2020,RO,2014,55.0
A,PPS_HAB_EU27_2020,RO,2015,56.0
A,PPS_HAB_EU27_2020,RO,2016,58.0
A,PPS_HAB_EU27_2020,RO,2017,62.0
A,PPS_HAB_EU27_2020,RO,2018,65.0
A,PPS_HAB_EU27_2020,RO,2019,69.0
A,PPS_HAB_EU27_2020,RO,2020,71.0
A,PPS_HAB_EU27_2020,RO,2021,72.0
A,PPS_HAB_EU27_2020,RO,2022,72.0
A,PPS_HAB_EU27_2020,RO,2023,75.0
A,PPS_HAB_EU27_2020,RO,2024,77.0
A,PPS_HAB_EU27_2020,RO1,2012,52.0
A,PPS_HAB_EU27_2020,RO1,2013,49.0
A,PPS_HAB_EU27_2020,RO1,2014,50.0
A,PPS_HAB_EU27_2020,RO1,2015,51.0
A,PPS_HAB_EU27_2020,RO1,2016,54.0
A,PPS_HAB_EU27_2020,RO1,2017,59.0
A,PPS_HAB_EU27_2020,RO1,2018,61.0
A,PPS_HAB_EU27_2020,RO1,2019,64.0
A,PPS_HAB_EU27_2020,RO1,2020,67.0
A,PPS_HAB_EU27_2020,RO1,2021,67.0
A,PPS_HAB_EU27_2020,RO1,2022,65.0
A,PPS_HAB_EU27_2020,RO1,2023,69.0
A,PPS_HAB_EU27_2020,RO1,2024,71.0
A,PPS_HAB_EU27_2020,RO11,2012,49.0
A,PPS_HAB_EU27_2020,RO11,2013,47.0
A,PPS_HAB_EU27_2020,RO11,2014,49.0
A,PPS_HAB_EU27_2020,RO11,2015,49.0
A,PPS_HAB_EU27_2020,RO11,2016,52.0
A,PPS_HAB_EU27_2020,RO11,2017,58.0
A,PPS_HAB_EU27_2020,RO11,2018,60.0
A,PPS_HAB_EU27_2020,RO11,2019,64.0
A,PPS_HAB_EU27_2020,RO11,2020,67.0
A,PPS_HAB_EU27_2020,RO11,2021,67.0
A,PPS_HAB_EU27_2020,RO11,2022,65.0
A,PPS_HAB_EU27_2020,RO11,2023,69.0
A,PPS_HAB_EU27_2020,RO11,2024,71.0
A,PPS_HAB_EU27_2020,RO12,2012,54.0
A,PPS_HAB_EU27_2020,RO12,2013,51.0
A,PPS_HAB_EU27_2020,RO12,2014,51.0
A,PPS_HAB_EU27_2020,RO12,2015,52.0
A,PPS_HAB_EU27_2020,RO12,2016,55.0
A,PPS_HAB_EU27_2020,RO12,2017,59.0
A,PPS_HAB_EU27_2020,RO12,2018,62.0
A,PPS_HAB_EU27_2020,RO12,2019,64.0
A,PPS_HAB_EU27_2020,RO12,2020,68.0
A,PPS_HAB_EU27_2020,RO12,2021,68.0
A,PPS_HAB_EU27_2020,RO12,2022,65.0
A,PPS_HAB_EU27_2020,RO12,2023,70.0
A,PPS_HAB_EU27_2020,RO12,2024,71.0
A,PPS_HAB_EU27_2020,RO2,2012,41.0
A,PPS_HAB_EU27_2020,RO2,2013,40.0
A,PPS_HAB_EU27_2020,RO2,2014,41.0
A,PPS_HAB_EU27_2020,RO2,2015,40.0
A,PPS_HAB_EU27_2020,RO2,2016,41.0
A,PPS_HAB_EU27_2020,RO2,2017,44.0
A,PPS_HAB_EU27_2020,RO2,2018,47.0
A,PPS_HAB_EU27_2020,RO2,2019,49.0
A,PPS_HAB_EU27_2020,RO2,2020,51.0
A,PPS_HAB_EU27_2020,RO2,2021,51.0
A,PPS_HAB_EU27_2020,RO2,2022,48.0
A,PPS_HAB_EU27_2020,RO2,2023,51.0
A,PPS_HAB_EU27_2020,RO2,2024,53.0
A,PPS_HAB_EU27_2020,RO21,2012,35.0
A,PPS_HAB_EU27_2020,RO21,2013,34.0
A,PPS_HAB_EU27_2020,RO21,2014,34.0
A,PPS_HAB_EU27_2020,RO21,2015,34.0
A,PPS_HAB_EU27_2020,RO21,2016,36.0
A,PPS_HAB_EU27_2020,RO21,2017,39.0
A,PPS_HAB_EU27_2020,RO21,2018,41.0
A,PPS_HAB_EU27_2020,RO21,2019,44.0
A,PPS_HAB_EU27_2020,RO21,2020,47.0
A,PPS_HAB_EU27_2020,RO21,2021,45.0
A,PPS_HAB_EU27_2020,RO21,2022,43.0
A,PPS_HAB_EU27_2020,RO21,2023,47.0
A,PPS_HAB_EU27_2020,RO21,2024,48.0
A,PPS_HAB_EU27_2020,RO22,2012,48.0
A,PPS_HAB_EU27_2020,RO22,2013,49.0
A,PPS_HAB_EU27_2020,RO22,2014,50.0
A,PPS_HAB_EU27_2020,RO22,2015,48.0
A,PPS_HAB_EU27_2020,RO22,2016,49.0
A,PPS_HAB_EU27_2020,RO22,2017,51.0
A,PPS_HAB_EU27_2020,RO22,2018,54.0
A,PPS_HAB_EU27_2020,RO22,2019,55.0
A,PPS_HAB_EU27_2020,RO22,2020,56.0
A,PPS_HAB_EU27_2020,RO22,2021,58.0
A,PPS_HAB_EU27_2020,RO22,2022,56.0
A,PPS_HAB_EU27_2020,RO22,2023,57.0
A,PPS_HAB_EU27_2020,RO22,2024,59.0
A,PPS_HAB_EU27_2020,RO3,2012,81.0
A,PPS_HAB_EU27_2020,RO3,2013,79.0
A,PPS_HAB_EU27_2020,RO3,2014,81.0
A,PPS_HAB_EU27_2020,RO3,2015,83.0
A,PPS_HAB_EU27_2020,RO3,2016,85.0
A,PPS_HAB_EU27_2020,RO3,2017,90.0
A,PPS_HAB_EU27_2020,RO3,2018,93.0
A,PPS_HAB_EU27_2020,RO3,2019,99.0
A,PPS_HAB_EU27_2020,RO3,2020,103.0
A,PPS_HAB_EU27_2020,RO3,2021,105.0
A,PPS_HAB_EU27_2020,RO3,2022,108.0
A,PPS_HAB_EU27_2020,RO3,2023,111.0
A,PPS_HAB_EU27_2020,RO3,2024,114.0
A,PPS_HAB_EU27_2020,RO31,2012,44.0
A,PPS_HAB_EU27_2020,RO31,2013,43.0
A,PPS_HAB_EU27_2020,RO31,2014,47.0
A,PPS_HAB_EU27_2020,RO31,2015,44.0
A,PPS_HAB_EU27_2020,RO31,2016,47.0
A,PPS_HAB_EU27_2020,RO31,2017,48.0
A,PPS_HAB_EU27_2020,RO31,2018,51.0
A,PPS_HAB_EU27_2020,RO31,2019,52.0
A,PPS_HAB_EU27_2020,RO31,2020,54.0
A,PPS_HAB_EU27_2020,RO31,2021,54.0
A,PPS_HAB_EU27_2020,RO31,2022,55.0
A,PPS_HAB_EU27_2020,RO31,2023,54.0
A,PPS_HAB_EU27_2020,RO31,2024,55.0
A,PPS_HAB_EU27_2020,RO32,2012,132.0
A,PPS_HAB_EU27_2020,RO32,2013,127.0
A,PPS_HAB_EU27_2020,RO32,2014,126.0
A,PPS_HAB_EU27_2020,RO32,2015,133.0
A,PPS_HAB_EU27_2020,RO32,2016,136.0
A,PPS_HAB_EU27_2020,RO32,2017,145.0
A,PPS_HAB_EU27_2020,RO32,2018,147.0
A,PPS_HAB_EU27_2020,RO32,2019,158.0
A,PPS_HAB_EU27_2020,RO32,2020,164.0
A,PPS_HAB_EU27_2020,RO32,2021,168.0
A,PPS_HAB_EU27_2020,RO32,2022,174.0
A,PPS_HAB_EU27_2020,RO32,2023,181.0
A,PPS_HAB_EU27_2020,RO32,2024,188.0
A,PPS_HAB_EU27_2020,RO4,2012,51.0
A,PPS_HAB_EU27_2020,RO4,2013,48.0
A,PPS_HAB_EU27_2020,RO4,2014,47.0
A,PPS_HAB_EU27_2020,RO4,2015,49.0
A,PPS_HAB_EU27_2020,RO4,2016,52.0
A,PPS_HAB_EU27_2020,RO4,2017,55.0
A,PPS_HAB_EU27_2020,RO4,2018,58.0
A,PPS_HAB_EU27_2020,RO4,2019,61.0
A,PPS_HAB_EU27_2020,RO4,2020,63.0
A,PPS_HAB_EU27_2020,RO4,2021,63.0
A,PPS_HAB_EU27_2020,RO4,2022,64.0
A,PPS_HAB_EU27_2020,RO4,2023,67.0
A,PPS_HAB_EU27_2020,RO4,2024,69.0
A,PPS_HAB_EU27_2020,RO41,2012,43.0
A,PPS_HAB_EU27_2020,RO41,2013,40.0
A,PPS_HAB_EU27_2020,RO41,2014,39.0
A,PPS_HAB_EU27_2020,RO41,2015,41.0
A,PPS_HAB_EU27_2020,RO41,2016,42.0
A,PPS_HAB_EU27_2020,RO41,2017,46.0
A,PPS_HAB_EU27_2020,RO41,2018,50.0
A,PPS_HAB_EU27_2020,RO41,2019,53.0
A,PPS_HAB_EU27_2020,RO41,2020,55.0
A,PPS_HAB_EU27_2020,RO41,2021,55.0
A,PPS_HAB_EU27_2020,RO41,2022,57.0
A,PPS_HAB_EU27_2020,RO41,2023,59.0
A,PPS_HAB_EU27_2020,RO41,2024,60.0
A,PPS_HAB_EU27_2020,RO42,2012,61.0
A,PPS_HAB_EU27_2020,RO42,2013,56.0
A,PPS_HAB_EU27_2020,RO42,2014,56.0
A,PPS_HAB_EU27_2020,RO42,2015,59.0
A,PPS_HAB_EU27_2020,RO42,2016,62.0
A,PPS_HAB_EU27_2020,RO42,2017,65.0
A,PPS_HAB_EU27_2020,RO42,2018,67.0
A,PPS_HAB_EU27_2020,RO42,2019,70.0
A,PPS_HAB_EU27_2020,RO42,2020,72.0
A,PPS_HAB_EU27_2020,RO42,2021,73.0
A,PPS_HAB_EU27_2020,RO42,2022,72.0
A,PPS_HAB_EU27_2020,RO42,2023,77.0
A,PPS_HAB_EU27_2020,RO42,2024,78.0
A,PPS_HAB_EU27_2020,RS,2010,40.0
A,PPS_HAB_EU27_2020,RS,2011,41.0
A,PPS_HAB_EU27_2020,RS,2012,41.0
A,PPS_HAB_EU27_2020,RS,2013,42.0
A,PPS_HAB_EU27_2020,RS,2014,41.0
A,PPS_HAB_EU27_2020,RS,2015,40.0
A,PPS_HAB_EU27_2020,RS,2016,40.0
A,PPS_HAB_EU27_2020,RS,2017,40.0
A,PPS_HAB_EU27_2020,RS,2018,41.0
A,PPS_HAB_EU27_2020,RS,2019,42.0
A,PPS_HAB_EU27_2020,RS,2020,44.0
A,PPS_HAB_EU27_2020,RS,2021,45.0
A,PPS_HAB_EU27_2020,RS,2022,45.0
A,PPS_HAB_EU27_2020,RS,2023,48.0
A,PPS_HAB_EU27_2020,RS,2024,52.0
A,PPS_HAB_EU27_2020,RS1,2010,55.0
A,PPS_HAB_EU27_2020,RS1,2011,56.0
A,PPS_HAB_EU27_2020,RS1,2012,56.0
A,PPS_HAB_EU27_2020,RS1,2013,57.0
A,PPS_HAB_EU27_2020,RS1,2014,55.0
A,PPS_HAB_EU27_2020,RS1,2015,54.0
A,PPS_HAB_EU27_2020,RS1,2016,54.0
A,PPS_HAB_EU27_2020,RS1,2017,54.0
A,PPS_HAB_EU27_2020,RS1,2018,55.0
A,PPS_HAB_EU27_2020,RS1,2019,57.0
A,PPS_HAB_EU27_2020,RS1,2020,59.0
A,PPS_HAB_EU27_2020,RS1,2021,58.0
A,PPS_HAB_EU27_2020,RS1,2022,58.0
A,PPS_HAB_EU27_2020,RS1,2023,64.0
A,PPS_HAB_EU27_2020,RS1,2024,67.0
A,PPS_HAB_EU27_2020,RS11,2010,76.0
A,PPS_HAB_EU27_2020,RS11,2011,74.0
A,PPS_HAB_EU27_2020,RS11,2012,74.0
A,PPS_HAB_EU27_2020,RS11,2013,75.0
A,PPS_HAB_EU27_2020,RS11,2014,70.0
A,PPS_HAB_EU27_2020,RS11,2015,71.0
A,PPS_HAB_EU27_2020,RS11,2016,70.0
A,PPS_HAB_EU27_2020,RS11,2017,70.0
A,PPS_HAB_EU27_2020,RS11,2018,73.0
A,PPS_HAB_EU27_2020,RS11,2019,76.0
A,PPS_HAB_EU27_2020,RS11,2020,78.0
A,PPS_HAB_EU27_2020,RS11,2021,76.0
A,PPS_HAB_EU27_2020,RS11,2022,71.0
A,PPS_HAB_EU27_2020,RS11,2023,82.0
A,PPS_HAB_EU27_2020,RS11,2024,87.0
A,PPS_HAB_EU27_2020,RS12,2010,37.0
A,PPS_HAB_EU27_2020,RS12,2011,40.0
A,PPS_HAB_EU27_2020,RS12,2012,41.0
A,PPS_HAB_EU27_2020,RS12,2013,42.0
A,PPS_HAB_EU27_2020,RS12,2014,41.0
A,PPS_HAB_EU27_2020,RS12,2015,39.0
A,PPS_HAB_EU27_2020,RS12,2016,39.0
A,PPS_HAB_EU27_2020,RS12,2017,39.0
A,PPS_HAB_EU27_2020,RS12,2018,39.0
A,PPS_HAB_EU27_2020,RS12,2019,39.0
A,PPS_HAB_EU27_2020,RS12,2020,41.0
A,PPS_HAB_EU27_2020,RS12,2021,42.0
A,PPS_HAB_EU27_2020,RS12,2022,44.0
A,PPS_HAB_EU27_2020,RS12,2023,46.0
A,PPS_HAB_EU27_2020,RS12,2024,47.0
A,PPS_HAB_EU27_2020,RS2,2010,26.0
A,PPS_HAB_EU27_2020,RS2,2011,27.0
A,PPS_HAB_EU27_2020,RS2,2012,26.0
A,PPS_HAB_EU27_2020,RS2,2013,27.0
A,PPS_HAB_EU27_2020,RS2,2014,27.0
A,PPS_HAB_EU27_2020,RS2,2015,26.0
A,PPS_HAB_EU27_2020,RS2,2016,26.0
A,PPS_HAB_EU27_2020,RS2,2017,26.0
A,PPS_HAB_EU27_2020,RS2,2018,26.0
A,PPS_HAB_EU27_2020,RS2,2019,27.0
A,PPS_HAB_EU27_2020,RS2,2020,28.0
A,PPS_HAB_EU27_2020,RS2,2021,31.0
A,PPS_HAB_EU27_2020,RS2,2022,31.0
A,PPS_HAB_EU27_2020,RS2,2023,32.0
A,PPS_HAB_EU27_2020,RS2,2024,35.0
A,PPS_HAB_EU27_2020,RS21,2010,26.0
A,PPS_HAB_EU27_2020,RS21,2011,27.0
A,PPS_HAB_EU27_2020,RS21,2012,27.0
A,PPS_HAB_EU27_2020,RS21,2013,27.0
A,PPS_HAB_EU27_2020,RS21,2014,28.0
A,PPS_HAB_EU27_2020,RS21,2015,27.0
A,PPS_HAB_EU27_2020,RS21,2016,27.0
A,PPS_HAB_EU27_2020,RS21,2017,27.0
A,PPS_HAB_EU27_2020,RS21,2018,26.0
A,PPS_HAB_EU27_2020,RS21,2019,27.0
A,PPS_HAB_EU27_2020,RS21,2020,28.0
A,PPS_HAB_EU27_2020,RS21,2021,29.0
A,PPS_HAB_EU27_2020,RS21,2022,30.0
A,PPS_HAB_EU27_2020,RS21,2023,30.0
A,PPS_HAB_EU27_2020,RS21,2024,33.0
A,PPS_HAB_EU27_2020,RS22,2010,25.0
A,PPS_HAB_EU27_2020,RS22,2011,27.0
A,PPS_HAB_EU27_2020,RS22,2012,26.0
A,PPS_HAB_EU27_2020,RS22,2013,26.0
A,PPS_HAB_EU27_2020,RS22,2014,26.0
A,PPS_HAB_EU27_2020,RS22,2015,25.0
A,PPS_HAB_EU27_2020,RS22,2016,25.0
A,PPS_HAB_EU27_2020,RS22,2017,25.0
A,PPS_HAB_EU27_2020,RS22,2018,27.0
A,PPS_HAB_EU27_2020,RS22,2019,27.0
A,PPS_HAB_EU27_2020,RS22,2020,29.0
A,PPS_HAB_EU27_2020,RS22,2021,32.0
A,PPS_HAB_EU27_2020,RS22,2022,33.0
A,PPS_HAB_EU27_2020,RS22,2023,35.0
A,PPS_HAB_EU27_2020,RS22,2024,38.0
A,PPS_HAB_EU27_2020,SE,2010,127.0
A,PPS_HAB_EU27_2020,SE,2011,128.0
A,PPS_HAB_EU27_2020,SE,2012,129.0
A,PPS_HAB_EU27_2020,SE,2013,127.0
A,PPS_HAB_EU27_2020,SE,2014,125.0
A,PPS_HAB_EU27_2020,SE,2015,126.0
A,PPS_HAB_EU27_2020,SE,2016,122.0
A,PPS_HAB_EU27_2020,SE,2017,119.0
A,PPS_HAB_EU27_2020,SE,2018,117.0
A,PPS_HAB_EU27_2020,SE,2019,117.0
A,PPS_HAB_EU27_2020,SE,2020,120.0
A,PPS_HAB_EU27_2020,SE,2021,119.0
A,PPS_HAB_EU27_2020,SE,2022,113.0
A,PPS_HAB_EU27_2020,SE,2023,111.0
A,PPS_HAB_EU27_2020,SE,2024,111.0
A,PPS_HAB_EU27_2020,SE1,2010,147.0
A,PPS_HAB_EU27_2020,SE1,2011,148.0
A,PPS_HAB_EU27_2020,SE1,2012,150.0
A,PPS_HAB_EU27_2020,SE1,2013,148.0
A,PPS_HAB_EU27_2020,SE1,2014,146.0
A,PPS_HAB_EU27_2020,SE1,2015,148.0
A,PPS_HAB_EU27_2020,SE1,2016,143.0
A,PPS_HAB_EU27_2020,SE1,2017,137.0
A,PPS_HAB_EU27_2020,SE1,2018,136.0
A,PPS_HAB_EU27_2020,SE1,2019,135.0
A,PPS_HAB_EU27_2020,SE1,2020,140.0
A,PPS_HAB_EU27_2020,SE1,2021,138.0
A,PPS_HAB_EU27_2020,SE1,2022,130.0
A,PPS_HAB_EU27_2020,SE1,2023,128.0
A,PPS_HAB_EU27_2020,SE1,2024,129.0
A,PPS_HAB_EU27_2020,SE11,2010,176.0
A,PPS_HAB_EU27_2020,SE11,2011,177.0
A,PPS_HAB_EU27_2020,SE11,2012,178.0
A,PPS_HAB_EU27_2020,SE11,2013,176.0
A,PPS_HAB_EU27_2020,SE11,2014,175.0
A,PPS_HAB_EU27_2020,SE11,2015,177.0
A,PPS_HAB_EU27_2020,SE11,2016,170.0
A,PPS_HAB_EU27_2020,SE11,2017,162.0
A,PPS_HAB_EU27_2020,SE11,2018,160.0
A,PPS_HAB_EU27_2020,SE11,2019,161.0
A,PPS_HAB_EU27_2020,SE11,2020,167.0
A,PPS_HAB_EU27_2020,SE11,2021,164.0
A,PPS_HAB_EU27_2020,SE11,2022,154.0
A,PPS_HAB_EU27_2020,SE11,2023,151.0
A,PPS_HAB_EU27_2020,SE11,2024,153.0
A,PPS_HAB_EU27_2020,SE12,2010,109.0
A,PPS_HAB_EU27_2020,SE12,2011,110.0
A,PPS_HAB_EU27_2020,SE12,2012,112.0
A,PPS_HAB_EU27_2020,SE12,2013,110.0
A,PPS_HAB_EU27_2020,SE12,2014,107.0
A,PPS_HAB_EU27_2020,SE12,2015,107.0
A,PPS_HAB_EU27_2020,SE12,2016,106.0
A,PPS_HAB_EU27_2020,SE12,2017,104.0
A,PPS_HAB_EU27_2020,SE12,2018,102.0
A,PPS_HAB_EU27_2020,SE12,2019,99.0
A,PPS_HAB_EU27_2020,SE12,2020,103.0
A,PPS_HAB_EU27_2020,SE12,2021,102.0
A,PPS_HAB_EU27_2020,SE12,2022,97.0
A,PPS_HAB_EU27_2020,SE12,2023,96.0
A,PPS_HAB_EU27_2020,SE12,2024,97.0
A,PPS_HAB_EU27_2020,SE2,2010,114.0
A,PPS_HAB_EU27_2020,SE2,2011,115.0
A,PPS_HAB_EU27_2020,SE2,2012,116.0
A,PPS_HAB_EU27_2020,SE2,2013,115.0
A,PPS_HAB_EU27_2020,SE2,2014,113.0
A,PPS_HAB_EU27_2020,SE2,2015,115.0
A,PPS_HAB_EU27_2020,SE2,2016,112.0
A,PPS_HAB_EU27_2020,SE2,2017,109.0
A,PPS_HAB_EU27_2020,SE2,2018,107.0
A,PPS_HAB_EU27_2020,SE2,2019,106.0
A,PPS_HAB_EU27_2020,SE2,2020,109.0
A,PPS_HAB_EU27_2020,SE2,2021,108.0
A,PPS_HAB_EU27_2020,SE2,2022,103.0
A,PPS_HAB_EU27_2020,SE2,2023,102.0
A,PPS_HAB_EU27_2020,SE2,2024,100.0
A,PPS_HAB_EU27_2020,SE21,2010,108.0
A,PPS_HAB_EU27_2020,SE21,2011,110.0
A,PPS_HAB_EU27_2020,SE21,2012,110.0
A,PPS_HAB_EU27_2020,SE21,2013,108.0
A,PPS_HAB_EU27_2020,SE21,2014,107.0
A,PPS_HAB_EU27_2020,SE21,2015,107.0
A,PPS_HAB_EU27_2020,SE21,2016,106.0
A,PPS_HAB_EU27_2020,SE21,2017,104.0
A,PPS_HAB_EU27_2020,SE21,2018,101.0
A,PPS_HAB_EU27_2020,SE21,2019,99.0
A,PPS_HAB_EU27_2020,SE21,2020,102.0
A,PPS_HAB_EU27_2020,SE21,2021,103.0
A,PPS_HAB_EU27_2020,SE21,2022,97.0
A,PPS_HAB_EU27_2020,SE21,2023,95.0
A,PPS_HAB_EU27_2020,SE21,2024,93.0
A,PPS_HAB_EU27_2020,SE22,2010,110.0
A,PPS_HAB_EU27_2020,SE22,2011,109.0
A,PPS_HAB_EU27_2020,SE22,2012,110.0
A,PPS_HAB_EU27_2020,SE22,2013,109.0
A,PPS_HAB_EU27_2020,SE22,2014,108.0
A,PPS_HAB_EU27_2020,SE22,2015,108.0
A,PPS_HAB_EU27_2020,SE22,2016,103.0
A,PPS_HAB_EU27_2020,SE22,2017,101.0
A,PPS_HAB_EU27_2020,SE22,2018,100.0
A,PPS_HAB_EU27_2020,SE22,2019,100.0
A,PPS_HAB_EU27_2020,SE22,2020,105.0
A,PPS_HAB_EU27_2020,SE22,2021,102.0
A,PPS_HAB_EU27_2020,SE22,2022,96.0
A,PPS_HAB_EU27_2020,SE22,2023,94.0
A,PPS_HAB_EU27_2020,SE22,2024,96.0
A,PPS_HAB_EU27_2020,SE23,2010,121.0
A,PPS_HAB_EU27_2020,SE23,2011,122.0
A,PPS_HAB_EU27_2020,SE23,2012,123.0
A,PPS_HAB_EU27_2020,SE23,2013,122.0
A,PPS_HAB_EU27_2020,SE23,2014,120.0
A,PPS_HAB_EU27_2020,SE23,2015,124.0
A,PPS_HAB_EU27_2020,SE23,2016,121.0
A,PPS_HAB_EU27_2020,SE23,2017,117.0
A,PPS_HAB_EU27_2020,SE23,2018,114.0
A,PPS_HAB_EU27_2020,SE23,2019,113.0
A,PPS_HAB_EU27_2020,SE23,2020,114.0
A,PPS_HAB_EU27_2020,SE23,2021,114.0
A,PPS_HAB_EU27_2020,SE23,2022,110.0
A,PPS_HAB_EU27_2020,SE23,2023,110.0
A,PPS_HAB_EU27_2020,SE23,2024,107.0
A,PPS_HAB_EU27_2020,SE3,2010,113.0
A,PPS_HAB_EU27_2020,SE3,2011,113.0
A,PPS_HAB_EU27_2020,SE3,2012,113.0
A,PPS_HAB_EU27_2020,SE3,2013,110.0
A,PPS_HAB_EU27_2020,SE3,2014,107.0
A,PPS_HAB_EU27_2020,SE3,2015,105.0
A,PPS_HAB_EU27_2020,SE3,2016,103.0
A,PPS_HAB_EU27_2020,SE3,2017,102.0
A,PPS_HAB_EU27_2020,SE3,2018,101.0
A,PPS_HAB_EU27_2020,SE3,2019,101.0
A,PPS_HAB_EU27_2020,SE3,2020,103.0
A,PPS_HAB_EU27_2020,SE3,2021,106.0
A,PPS_HAB_EU27_2020,SE3,2022,101.0
A,PPS_HAB_EU27_2020,SE3,2023,94.0
A,PPS_HAB_EU27_2020,SE3,2024,95.0
A,PPS_HAB_EU27_2020,SE31,2010,103.0
A,PPS_HAB_EU27_2020,SE31,2011,103.0
A,PPS_HAB_EU27_2020,SE31,2012,105.0
A,PPS_HAB_EU27_2020,SE31,2013,103.0
A,PPS_HAB_EU27_2020,SE31,2014,101.0
A,PPS_HAB_EU27_2020,SE31,2015,99.0
A,PPS_HAB_EU27_2020,SE31,2016,97.0
A,PPS_HAB_EU27_2020,SE31,2017,95.0
A,PPS_HAB_EU27_2020,SE31,2018,95.0
A,PPS_HAB_EU27_2020,SE31,2019,94.0
A,PPS_HAB_EU27_2020,SE31,2020,96.0
A,PPS_HAB_EU27_2020,SE31,2021,95.0
A,PPS_HAB_EU27_2020,SE31,2022,90.0
A,PPS_HAB_EU27_2020,SE31,2023,85.0
A,PPS_HAB_EU27_2020,SE31,2024,85.0
A,PPS_HAB_EU27_2020,SE32,2010,118.0
A,PPS_HAB_EU27_2020,SE32,2011,114.0
A,PPS_HAB_EU27_2020,SE32,2012,114.0
A,PPS_HAB_EU27_2020,SE32,2013,111.0
A,PPS_HAB_EU27_2020,SE32,2014,109.0
A,PPS_HAB_EU27_2020,SE32,2015,107.0
A,PPS_HAB_EU27_2020,SE32,2016,103.0
A,PPS_HAB_EU27_2020,SE32,2017,101.0
A,PPS_HAB_EU27_2020,SE32,2018,100.0
A,PPS_HAB_EU27_2020,SE32,2019,99.0
A,PPS_HAB_EU27_2020,SE32,2020,101.0
A,PPS_HAB_EU27_2020,SE32,2021,103.0
A,PPS_HAB_EU27_2020,SE32,2022,100.0
A,PPS_HAB_EU27_2020,SE32,2023,95.0
A,PPS_HAB_EU27_2020,SE32,2024,99.0
A,PPS_HAB_EU27_2020,SE33,2010,127.0
A,PPS_HAB_EU27_2020,SE33,2011,128.0
A,PPS_HAB_EU27_2020,SE33,2012,126.0
A,PPS_HAB_EU27_2020,SE33,2013,121.0
A,PPS_HAB_EU27_2020,SE33,2014,116.0
A,PPS_HAB_EU27_2020,SE33,2015,114.0
A,PPS_HAB_EU27_2020,SE33,2016,111.0
A,PPS_HAB_EU27_2020,SE33,2017,114.0
A,PPS_HAB_EU27_2020,SE33,2018,112.0
A,PPS_HAB_EU27_2020,SE33,2019,115.0
A,PPS_HAB_EU27_2020,SE33,2020,116.0
A,PPS_HAB_EU27_2020,SE33,2021,126.0
A,PPS_HAB_EU27_2020,SE33,2022,118.0
A,PPS_HAB_EU27_2020,SE33,2023,109.0
A,PPS_HAB_EU27_2020,SE33,2024,108.0
A,PPS_HAB_EU27_2020,SI,2010,83.0
A,PPS_HAB_EU27_2020,SI,2011,83.0
A,PPS_HAB_EU27_2020,SI,2012,82.0
A,PPS_HAB_EU27_2020,SI,2013,81.0
A,PPS_HAB_EU27_2020,SI,2014,82.0
A,PPS_HAB_EU27_2020,SI,2015,81.0
A,PPS_HAB_EU27_2020,SI,2016,82.0
A,PPS_HAB_EU27_2020,SI,2017,84.0
A,PPS_HAB_EU27_2020,SI,2018,86.0
A,PPS_HAB_EU27_2020,SI,2019,87.0
A,PPS_HAB_EU27_2020,SI,2020,87.0
A,PPS_HAB_EU27_2020,SI,2021,88.0
A,PPS_HAB_EU27_2020,SI,2022,89.0
A,PPS_HAB_EU27_2020,SI,2023,91.0
A,PPS_HAB_EU27_2020,SI,2024,90.0
A,PPS_HAB_EU27_2020,SI0,2010,83.0
A,PPS_HAB_EU27_2020,SI0,2011,83.0
A,PPS_HAB_EU27_2020,SI0,2012,82.0
A,PPS_HAB_EU27_2020,SI0,2013,81.0
A,PPS_HAB_EU27_2020,SI0,2014,82.0
A,PPS_HAB_EU27_2020,SI0,2015,81.0
A,PPS_HAB_EU27_2020,SI0,2016,82.0
A,PPS_HAB_EU27_2020,SI0,2017,84.0
A,PPS_HAB_EU27_2020,SI0,2018,86.0
A,PPS_HAB_EU27_2020,SI0,2019,87.0
A,PPS_HAB_EU27_2020,SI0,2020,87.0
A,PPS_HAB_EU27_2020,SI0,2021,88.0
A,PPS_HAB_EU27_2020,SI0,2022,89.0
A,PPS_HAB_EU27_2020,SI0,2023,91.0
A,PPS_HAB_EU27_2020,SI0,2024,90.0
A,PPS_HAB_EU27_2020,SI03,2010,67.0
A,PPS_HAB_EU27_2020,SI03,2011,68.0
A,PPS_HAB_EU27_2020,SI03,2012,67.0
A,PPS_HAB_EU27_2020,SI03,2013,67.0
A,PPS_HAB_EU27_2020,SI03,2014,67.0
A,PPS_HAB_EU27_2020,SI03,2015,67.0
A,PPS_HAB_EU27_2020,SI03,2016,67.0
A,PPS_HAB_EU27_2020,SI03,2017,68.0
A,PPS_HAB_EU27_2020,SI03,2018,70.0
A,PPS_HAB_EU27_2020,SI03,2019,71.0
A,PPS_HAB_EU27_2020,SI03,2020,71.0
A,PPS_HAB_EU27_2020,SI03,2021,71.0
A,PPS_HAB_EU27_2020,SI03,2022,73.0
A,PPS_HAB_EU27_2020,SI03,2023,73.0
A,PPS_HAB_EU27_2020,SI03,2024,72.0
A,PPS_HAB_EU27_2020,SI04,2010,102.0
A,PPS_HAB_EU27_2020,SI04,2011,100.0
A,PPS_HAB_EU27_2020,SI04,2012,99.0
A,PPS_HAB_EU27_2020,SI04,2013,98.0
A,PPS_HAB_EU27_2020,SI04,2014,98.0
A,PPS_HAB_EU27_2020,SI04,2015,97.0
A,PPS_HAB_EU27_2020,SI04,2016,99.0
A,PPS_HAB_EU27_2020,SI04,2017,101.0
A,PPS_HAB_EU27_2020,SI04,2018,103.0
A,PPS_HAB_EU27_2020,SI04,2019,104.0
A,PPS_HAB_EU27_2020,SI04,2020,105.0
A,PPS_HAB_EU27_2020,SI04,2021,106.0
A,PPS_HAB_EU27_2020,SI04,2022,108.0
A,PPS_HAB_EU27_2020,SI04,2023,112.0
A,PPS_HAB_EU27_2020,SI04,2024,110.0
A,PPS_HAB_EU27_2020,SK,2010,76.0
A,PPS_HAB_EU27_2020,SK,2011,75.0
A,PPS_HAB_EU27_2020,SK,2012,77.0
A,PPS_HAB_EU27_2020,SK,2013,77.0
A,PPS_HAB_EU27_2020,SK,2014,78.0
A,PPS_HAB_EU27_2020,SK,2015,78.0
A,PPS_HAB_EU27_2020,SK,2016,73.0
A,PPS_HAB_EU27_2020,SK,2017,70.0
A,PPS_HAB_EU27_2020,SK,2018,70.0
A,PPS_HAB_EU27_2020,SK,2019,70.0
A,PPS_HAB_EU27_2020,SK,2020,74.0
A,PPS_HAB_EU27_2020,SK,2021,74.0
A,PPS_HAB_EU27_2020,SK,2022,71.0
A,PPS_HAB_EU27_2020,SK,2023,74.0
A,PPS_HAB_EU27_2020,SK,2024,75.0
A,PPS_HAB_EU27_2020,SK0,2010,76.0
A,PPS_HAB_EU27_2020,SK0,2011,75.0
A,PPS_HAB_EU27_2020,SK0,2012,77.0
A,PPS_HAB_EU27_2020,SK0,2013,77.0
A,PPS_HAB_EU27_2020,SK0,2014,78.0
A,PPS_HAB_EU27_2020,SK0,2015,78.0
A,PPS_HAB_EU27_2020,SK0,2016,73.0
A,PPS_HAB_EU27_2020,SK0,2017,70.0
A,PPS_HAB_EU27_2020,SK0,2018,70.0
A,PPS_HAB_EU27_2020,SK0,2019,70.0
A,PPS_HAB_EU27_2020,SK0,2020,74.0
A,PPS_HAB_EU27_2020,SK0,2021,74.0
A,PPS_HAB_EU27_2020,SK0,2022,71.0
A,PPS_HAB_EU27_2020,SK0,2023,74.0
A,PPS_HAB_EU27_2020,SK0,2024,75.0
A,PPS_HAB_EU27_2020,SK01,2010,190.0
A,PPS_HAB_EU27_2020,SK01,2011,193.0
A,PPS_HAB_EU27_2020,SK01,2012,191.0
A,PPS_HAB_EU27_2020,SK01,2013,197.0
A,PPS_HAB_EU27_2020,SK01,2014,193.0
A,PPS_HAB_EU27_2020,SK01,2015,194.0
A,PPS_HAB_EU27_2020,SK01,2016,181.0
A,PPS_HAB_EU27_2020,SK01,2017,171.0
A,PPS_HAB_EU27_2020,SK01,2018,167.0
A,PPS_HAB_EU27_2020,SK01,2019,162.0
A,PPS_HAB_EU27_2020,SK01,2020,170.0
A,PPS_HAB_EU27_2020,SK01,2021,158.0
A,PPS_HAB_EU27_2020,SK01,2022,149.0
A,PPS_HAB_EU27_2020,SK01,2023,151.0
A,PPS_HAB_EU27_2020,SK01,2024,153.0
A,PPS_HAB_EU27_2020,SK02,2010,69.0
A,PPS_HAB_EU27_2020,SK02,2011,71.0
A,PPS_HAB_EU27_2020,SK02,2012,72.0
A,PPS_HAB_EU27_2020,SK02,2013,71.0
A,PPS_HAB_EU27_2020,SK02,2014,72.0
A,PPS_HAB_EU27_2020,SK02,2015,70.0
A,PPS_HAB_EU27_2020,SK02,2016,66.0
A,PPS_HAB_EU27_2020,SK02,2017,63.0
A,PPS_HAB_EU27_2020,SK02,2018,62.0
A,PPS_HAB_EU27_2020,SK02,2019,64.0
A,PPS_HAB_EU27_2020,SK02,2020,68.0
A,PPS_HAB_EU27_2020,SK02,2021,66.0
A,PPS_HAB_EU27_2020,SK02,2022,63.0
A,PPS_HAB_EU27_2020,SK02,2023,69.0
A,PPS_HAB_EU27_2020,SK02,2024,70.0
A,PPS_HAB_EU27_2020,SK03,2010,62.0
A,PPS_HAB_EU27_2020,SK03,2011,59.0
A,PPS_HAB_EU27_2020,SK03,2012,60.0
A,PPS_HAB_EU27_2020,SK03,2013,61.0
A,PPS_HAB_EU27_2020,SK03,2014,61.0
A,PPS_HAB_EU27_2020,SK03,2015,62.0
A,PPS_HAB_EU27_2020,SK03,2016,58.0
A,PPS_HAB_EU27_2020,SK03,2017,56.0
A,PPS_HAB_EU27_2020,SK03,2018,56.0
A,PPS_HAB_EU27_2020,SK03,2019,57.0
A,PPS_HAB_EU27_2020,SK03,2020,59.0
A,PPS_HAB_EU27_2020,SK03,2021,62.0
A,PPS_HAB_EU27_2020,SK03,2022,60.0
A,PPS_HAB_EU27_2020,SK03,2023,61.0
A,PPS_HAB_EU27_2020,SK03,2024,62.0
A,PPS_HAB_EU27_2020,SK04,2010,51.0
A,PPS_HAB_EU27_2020,SK04,2011,51.0
A,PPS_HAB_EU27_2020,SK04,2012,53.0
A,PPS_HAB_EU27_2020,SK04,2013,52.0
A,PPS_HAB_EU27_2020,SK04,2014,54.0
A,PPS_HAB_EU27_2020,SK04,2015,55.0
A,PPS_HAB_EU27_2020,SK04,2016,50.0
A,PPS_HAB_EU27_2020,SK04,2017,50.0
A,PPS_HAB_EU27_2020,SK04,2018,50.0
A,PPS_HAB_EU27_2020,SK04,2019,49.0
A,PPS_HAB_EU27_2020,SK04,2020,53.0
A,PPS_HAB_EU27_2020,SK04,2021,54.0
A,PPS_HAB_EU27_2020,SK04,2022,52.0
A,PPS_HAB_EU27_2020,SK04,2023,54.0
A,PPS_HAB_EU27_2020,SK04,2024,54.0
A,PPS_HAB_EU27_2020,TR,2010,53.0
A,PPS_HAB_EU27_2020,TR,2011,57.0
A,PPS_HAB_EU27_2020,TR,2012,59.0
A,PPS_HAB_EU27_2020,TR,2013,62.0
A,PPS_HAB_EU27_2020,TR,2014,64.0
A,PPS_HAB_EU27_2020,TR,2015,65.0
A,PPS_HAB_EU27_2020,TR,2016,63.0
A,PPS_HAB_EU27_2020,TR,2017,63.0
A,PPS_HAB_EU27_2020,TR,2018,61.0
A,PPS_HAB_EU27_2020,TR,2019,57.0
A,PPS_HAB_EU27_2020,TR,2020,59.0
A,PPS_HAB_EU27_2020,TR,2021,59.0
A,PPS_HAB_EU27_2020,TR,2022,65.0
A,PPS_HAB_EU27_2020,TR,2023,67.0
A,PPS_HAB_EU27_2020,TR,2024,69.0
A,PPS_HAB_EU27_2020,TR1,2010,85.0
A,PPS_HAB_EU27_2020,TR1,2011,92.0
A,PPS_HAB_EU27_2020,TR1,2012,97.0
A,PPS_HAB_EU27_2020,TR1,2013,102.0
A,PPS_HAB_EU27_2020,TR1,2014,106.0
A,PPS_HAB_EU27_2020,TR1,2015,109.0
A,PPS_HAB_EU27_2020,TR1,2016,104.0
A,PPS_HAB_EU27_2020,TR1,2017,105.0
A,PPS_HAB_EU27_2020,TR1,2018,100.0
A,PPS_HAB_EU27_2020,TR1,2019,93.0
A,PPS_HAB_EU27_2020,TR1,2020,94.0
A,PPS_HAB_EU27_2020,TR1,2021,95.0
A,PPS_HAB_EU27_2020,TR1,2022,104.0
A,PPS_HAB_EU27_2020,TR1,2023,108.0
A,PPS_HAB_EU27_2020,TR1,2024,110.0
A,PPS_HAB_EU27_2020,TR10,2010,85.0
A,PPS_HAB_EU27_2020,TR10,2011,92.0
A,PPS_HAB_EU27_2020,TR10,2012,97.0
A,PPS_HAB_EU27_2020,TR10,2013,102.0
A,PPS_HAB_EU27_2020,TR10,2014,106.0
A,PPS_HAB_EU27_2020,TR10,2015,109.0
A,PPS_HAB_EU27_2020,TR10,2016,104.0
A,PPS_HAB_EU27_2020,TR10,2017,105.0
A,PPS_HAB_EU27_2020,TR10,2018,100.0
A,PPS_HAB_EU27_2020,TR10,2019,93.0
A,PPS_HAB_EU27_2020,TR10,2020,94.0
A,PPS_HAB_EU27_2020,TR10,2021,95.0
A,PPS_HAB_EU27_2020,TR10,2022,104.0
A,PPS_HAB_EU27_2020,TR10,2023,108.0
A,PPS_HAB_EU27_2020,TR10,2024,110.0
A,PPS_HAB_EU27_2020,TR2,2010,57.0
A,PPS_HAB_EU27_2020,TR2,2011,60.0
A,PPS_HAB_EU27_2020,TR2,2012,62.0
A,PPS_HAB_EU27_2020,TR2,2013,62.0
A,PPS_HAB_EU27_2020,TR2,2014,66.0
A,PPS_HAB_EU27_2020,TR2,2015,67.0
A,PPS_HAB_EU27_2020,TR2,2016,67.0
A,PPS_HAB_EU27_2020,TR2,2017,67.0
A,PPS_HAB_EU27_2020,TR2,2018,66.0
A,PPS_HAB_EU27_2020,TR2,2019,62.0
A,PPS_HAB_EU27_2020,TR2,2020,66.0
A,PPS_HAB_EU27_2020,TR2,2021,68.0
A,PPS_HAB_EU27_2020,TR2,2022,73.0
A,PPS_HAB_EU27_2020,TR2,2023,71.0
A,PPS_HAB_EU27_2020,TR2,2024,70.0
A,PPS_HAB_EU27_2020,TR21,2010,64.0
A,PPS_HAB_EU27_2020,TR21,2011,68.0
A,PPS_HAB_EU27_2020,TR21,2012,69.0
A,PPS_HAB_EU27_2020,TR21,2013,71.0
A,PPS_HAB_EU27_2020,TR21,2014,75.0
A,PPS_HAB_EU27_2020,TR21,2015,77.0
A,PPS_HAB_EU27_2020,TR21,2016,75.0
A,PPS_HAB_EU27_2020,TR21,2017,76.0
A,PPS_HAB_EU27_2020,TR21,2018,74.0
A,PPS_HAB_EU27_2020,TR21,2019,70.0
A,PPS_HAB_EU27_2020,TR21,2020,74.0
A,PPS_HAB_EU27_2020,TR21,2021,79.0
A,PPS_HAB_EU27_2020,TR21,2022,82.0
A,PPS_HAB_EU27_2020,TR21,2023,79.0
A,PPS_HAB_EU27_2020,TR21,2024,76.0
A,PPS_HAB_EU27_2020,TR22,2010,51.0
A,PPS_HAB_EU27_2020,TR22,2011,53.0
A,PPS_HAB_EU27_2020,TR22,2012,54.0
A,PPS_HAB_EU27_2020,TR22,2013,54.0
A,PPS_HAB_EU27_2020,TR22,2014,57.0
A,PPS_HAB_EU27_2020,TR22,2015,58.0
A,PPS_HAB_EU27_2020,TR22,2016,58.0
A,PPS_HAB_EU27_2020,TR22,2017,59.0
A,PPS_HAB_EU27_2020,TR22,2018,57.0
A,PPS_HAB_EU27_2020,TR22,2019,54.0
A,PPS_HAB_EU27_2020,TR22,2020,58.0
A,PPS_HAB_EU27_2020,TR22,2021,56.0
A,PPS_HAB_EU27_2020,TR22,2022,63.0
A,PPS_HAB_EU27_2020,TR22,2023,63.0
A,PPS_HAB_EU27_2020,TR22,2024,64.0
A,PPS_HAB_EU27_2020,TR3,2010,52.0
A,PPS_HAB_EU27_2020,TR3,2011,56.0
A,PPS_HAB_EU27_2020,TR3,2012,58.0
A,PPS_HAB_EU27_2020,TR3,2013,59.0
A,PPS_HAB_EU27_2020,TR3,2014,62.0
A,PPS_HAB_EU27_2020,TR3,2015,64.0
A,PPS_HAB_EU27_2020,TR3,2016,63.0
A,PPS_HAB_EU27_2020,TR3,2017,64.0
A,PPS_HAB_EU27_2020,TR3,2018,62.0
A,PPS_HAB_EU27_2020,TR3,2019,58.0
A,PPS_HAB_EU27_2020,TR3,2020,58.0
A,PPS_HAB_EU27_2020,TR3,2021,59.0
A,PPS_HAB_EU27_2020,TR3,2022,67.0
A,PPS_HAB_EU27_2020,TR3,2023,65.0
A,PPS_HAB_EU27_2020,TR3,2024,66.0
A,PPS_HAB_EU27_2020,TR31,2010,61.0
A,PPS_HAB_EU27_2020,TR31,2011,66.0
A,PPS_HAB_EU27_2020,TR31,2012,69.0
A,PPS_HAB_EU27_2020,TR31,2013,71.0
A,PPS_HAB_EU27_2020,TR31,2014,73.0
A,PPS_HAB_EU27_2020,TR31,2015,74.0
A,PPS_HAB_EU27_2020,TR31,2016,73.0
A,PPS_HAB_EU27_2020,TR31,2017,74.0
A,PPS_HAB_EU27_2020,TR31,2018,72.0
A,PPS_HAB_EU27_2020,TR31,2019,66.0
A,PPS_HAB_EU27_2020,TR31,2020,67.0
A,PPS_HAB_EU27_2020,TR31,2021,70.0
A,PPS_HAB_EU27_2020,TR31,2022,80.0
A,PPS_HAB_EU27_2020,TR31,2023,77.0
A,PPS_HAB_EU27_2020,TR31,2024,76.0
A,PPS_HAB_EU27_2020,TR32,2010,48.0
A,PPS_HAB_EU27_2020,TR32,2011,52.0
A,PPS_HAB_EU27_2020,TR32,2012,52.0
A,PPS_HAB_EU27_2020,TR32,2013,54.0
A,PPS_HAB_EU27_2020,TR32,2014,57.0
A,PPS_HAB_EU27_2020,TR32,2015,58.0
A,PPS_HAB_EU27_2020,TR32,2016,56.0
A,PPS_HAB_EU27_2020,TR32,2017,56.0
A,PPS_HAB_EU27_2020,TR32,2018,55.0
A,PPS_HAB_EU27_2020,TR32,2019,52.0
A,PPS_HAB_EU27_2020,TR32,2020,51.0
A,PPS_HAB_EU27_2020,TR32,2021,52.0
A,PPS_HAB_EU27_2020,TR32,2022,59.0
A,PPS_HAB_EU27_2020,TR32,2023,58.0
A,PPS_HAB_EU27_2020,TR32,2024,61.0
A,PPS_HAB_EU27_2020,TR33,2010,42.0
A,PPS_HAB_EU27_2020,TR33,2011,45.0
A,PPS_HAB_EU27_2020,TR33,2012,47.0
A,PPS_HAB_EU27_2020,TR33,2013,49.0
A,PPS_HAB_EU27_2020,TR33,2014,51.0
A,PPS_HAB_EU27_2020,TR33,2015,55.0
A,PPS_HAB_EU27_2020,TR33,2016,55.0
A,PPS_HAB_EU27_2020,TR33,2017,56.0
A,PPS_HAB_EU27_2020,TR33,2018,55.0
A,PPS_HAB_EU27_2020,TR33,2019,51.0
A,PPS_HAB_EU27_2020,TR33,2020,53.0
A,PPS_HAB_EU27_2020,TR33,2021,52.0
A,PPS_HAB_EU27_2020,TR33,2022,56.0
A,PPS_HAB_EU27_2020,TR33,2023,56.0
A,PPS_HAB_EU27_2020,TR33,2024,57.0
A,PPS_HAB_EU27_2020,TR4,2010,64.0
A,PPS_HAB_EU27_2020,TR4,2011,70.0
A,PPS_HAB_EU27_2020,TR4,2012,72.0
A,PPS_HAB_EU27_2020,TR4,2013,75.0
A,PPS_HAB_EU27_2020,TR4,2014,78.0
A,PPS_HAB_EU27_2020,TR4,2015,80.0
A,PPS_HAB_EU27_2020,TR4,2016,76.0
A,PPS_HAB_EU27_2020,TR4,2017,77.0
A,PPS_HAB_EU27_2020,TR4,2018,76.0
A,PPS_HAB_EU27_2020,TR4,2019,68.0
A,PPS_HAB_EU27_2020,TR4,2020,69.0
A,PPS_HAB_EU27_2020,TR4,2021,73.0
A,PPS_HAB_EU27_2020,TR4,2022,78.0
A,PPS_HAB_EU27_2020,TR4,2023,79.0
A,PPS_HAB_EU27_2020,TR4,2024,78.0
A,PPS_HAB_EU27_2020,TR41,2010,62.0
A,PPS_HAB_EU27_2020,TR41,2011,67.0
A,PPS_HAB_EU27_2020,TR41,2012,69.0
A,PPS_HAB_EU27_2020,TR41,2013,72.0
A,PPS_HAB_EU27_2020,TR41,2014,73.0
A,PPS_HAB_EU27_2020,TR41,2015,74.0
A,PPS_HAB_EU27_2020,TR41,2016,71.0
A,PPS_HAB_EU27_2020,TR41,2017,72.0
A,PPS_HAB_EU27_2020,TR41,2018,70.0
A,PPS_HAB_EU27_2020,TR41,2019,63.0
A,PPS_HAB_EU27_2020,TR41,2020,64.0
A,PPS_HAB_EU27_2020,TR41,2021,65.0
A,PPS_HAB_EU27_2020,TR41,2022,69.0
A,PPS_HAB_EU27_2020,TR41,2023,70.0
A,PPS_HAB_EU27_2020,TR41,2024,69.0
A,PPS_HAB_EU27_2020,TR42,2010,67.0
A,PPS_HAB_EU27_2020,TR42,2011,74.0
A,PPS_HAB_EU27_2020,TR42,2012,75.0
A,PPS_HAB_EU27_2020,TR42,2013,79.0
A,PPS_HAB_EU27_2020,TR42,2014,83.0
A,PPS_HAB_EU27_2020,TR42,2015,86.0
A,PPS_HAB_EU27_2020,TR42,2016,82.0
A,PPS_HAB_EU27_2020,TR42,2017,83.0
A,PPS_HAB_EU27_2020,TR42,2018,81.0
A,PPS_HAB_EU27_2020,TR42,2019,72.0
A,PPS_HAB_EU27_2020,TR42,2020,76.0
A,PPS_HAB_EU27_2020,TR42,2021,81.0
A,PPS_HAB_EU27_2020,TR42,2022,87.0
A,PPS_HAB_EU27_2020,TR42,2023,89.0
A,PPS_HAB_EU27_2020,TR42,2024,88.0
A,PPS_HAB_EU27_2020,TR5,2010,65.0
A,PPS_HAB_EU27_2020,TR5,2011,70.0
A,PPS_HAB_EU27_2020,TR5,2012,72.0
A,PPS_HAB_EU27_2020,TR5,2013,78.0
A,PPS_HAB_EU27_2020,TR5,2014,79.0
A,PPS_HAB_EU27_2020,TR5,2015,80.0
A,PPS_HAB_EU27_2020,TR5,2016,80.0
A,PPS_HAB_EU27_2020,TR5,2017,76.0
A,PPS_HAB_EU27_2020,TR5,2018,75.0
A,PPS_HAB_EU27_2020,TR5,2019,73.0
A,PPS_HAB_EU27_2020,TR5,2020,78.0
A,PPS_HAB_EU27_2020,TR5,2021,76.0
A,PPS_HAB_EU27_2020,TR5,2022,80.0
A,PPS_HAB_EU27_2020,TR5,2023,88.0
A,PPS_HAB_EU27_2020,TR5,2024,92.0
A,PPS_HAB_EU27_2020,TR51,2010,77.0
A,PPS_HAB_EU27_2020,TR51,2011,82.0
A,PPS_HAB_EU27_2020,TR51,2012,84.0
A,PPS_HAB_EU27_2020,TR51,2013,90.0
A,PPS_HAB_EU27_2020,TR51,2014,91.0
A,PPS_HAB_EU27_2020,TR51,2015,92.0
A,PPS_HAB_EU27_2020,TR51,2016,93.0
A,PPS_HAB_EU27_2020,TR51,2017,88.0
A,PPS_HAB_EU27_2020,TR51,2018,87.0
A,PPS_HAB_EU27_2020,TR51,2019,86.0
A,PPS_HAB_EU27_2020,TR51,2020,91.0
A,PPS_HAB_EU27_2020,TR51,2021,89.0
A,PPS_HAB_EU27_2020,TR51,2022,92.0
A,PPS_HAB_EU27_2020,TR51,2023,104.0
A,PPS_HAB_EU27_2020,TR51,2024,108.0
A,PPS_HAB_EU27_2020,TR52,2010,39.0
A,PPS_HAB_EU27_2020,TR52,2011,44.0
A,PPS_HAB_EU27_2020,TR52,2012,47.0
A,PPS_HAB_EU27_2020,TR52,2013,50.0
A,PPS_HAB_EU27_2020,TR52,2014,52.0
A,PPS_HAB_EU27_2020,TR52,2015,53.0
A,PPS_HAB_EU27_2020,TR52,2016,51.0
A,PPS_HAB_EU27_2020,TR52,2017,51.0
A,PPS_HAB_EU27_2020,TR52,2018,49.0
A,PPS_HAB_EU27_2020,TR52,2019,46.0
A,PPS_HAB_EU27_2020,TR52,2020,49.0
A,PPS_HAB_EU27_2020,TR52,2021,46.0
A,PPS_HAB_EU27_2020,TR52,2022,53.0
A,PPS_HAB_EU27_2020,TR52,2023,54.0
A,PPS_HAB_EU27_2020,TR52,2024,55.0
A,PPS_HAB_EU27_2020,TR6,2010,44.0
A,PPS_HAB_EU27_2020,TR6,2011,47.0
A,PPS_HAB_EU27_2020,TR6,2012,48.0
A,PPS_HAB_EU27_2020,TR6,2013,49.0
A,PPS_HAB_EU27_2020,TR6,2014,50.0
A,PPS_HAB_EU27_2020,TR6,2015,50.0
A,PPS_HAB_EU27_2020,TR6,2016,47.0
A,PPS_HAB_EU27_2020,TR6,2017,47.0
A,PPS_HAB_EU27_2020,TR6,2018,46.0
A,PPS_HAB_EU27_2020,TR6,2019,44.0
A,PPS_HAB_EU27_2020,TR6,2020,42.0
A,PPS_HAB_EU27_2020,TR6,2021,44.0
A,PPS_HAB_EU27_2020,TR6,2022,51.0
A,PPS_HAB_EU27_2020,TR6,2023,53.0
A,PPS_HAB_EU27_2020,TR6,2024,57.0
A,PPS_HAB_EU27_2020,TR61,2010,60.0
A,PPS_HAB_EU27_2020,TR61,2011,64.0
A,PPS_HAB_EU27_2020,TR61,2012,66.0
A,PPS_HAB_EU27_2020,TR61,2013,67.0
A,PPS_HAB_EU27_2020,TR61,2014,71.0
A,PPS_HAB_EU27_2020,TR61,2015,71.0
A,PPS_HAB_EU27_2020,TR61,2016,62.0
A,PPS_HAB_EU27_2020,TR61,2017,63.0
A,PPS_HAB_EU27_2020,TR61,2018,65.0
A,PPS_HAB_EU27_2020,TR61,2019,64.0
A,PPS_HAB_EU27_2020,TR61,2020,51.0
A,PPS_HAB_EU27_2020,TR61,2021,54.0
A,PPS_HAB_EU27_2020,TR61,2022,67.0
A,PPS_HAB_EU27_2020,TR61,2023,70.0
A,PPS_HAB_EU27_2020,TR61,2024,72.0
A,PPS_HAB_EU27_2020,TR62,2010,40.0
A,PPS_HAB_EU27_2020,TR62,2011,43.0
A,PPS_HAB_EU27_2020,TR62,2012,45.0
A,PPS_HAB_EU27_2020,TR62,2013,46.0
A,PPS_HAB_EU27_2020,TR62,2014,47.0
A,PPS_HAB_EU27_2020,TR62,2015,47.0
A,PPS_HAB_EU27_2020,TR62,2016,47.0
A,PPS_HAB_EU27_2020,TR62,2017,46.0
A,PPS_HAB_EU27_2020,TR62,2018,42.0
A,PPS_HAB_EU27_2020,TR62,2019,41.0
A,PPS_HAB_EU27_2020,TR62,2020,43.0
A,PPS_HAB_EU27_2020,TR62,2021,44.0
A,PPS_HAB_EU27_2020,TR62,2022,51.0
A,PPS_HAB_EU27_2020,TR62,2023,52.0
A,PPS_HAB_EU27_2020,TR62,2024,54.0
A,PPS_HAB_EU27_2020,TR63,2010,34.0
A,PPS_HAB_EU27_2020,TR63,2011,35.0
A,PPS_HAB_EU27_2020,TR63,2012,35.0
A,PPS_HAB_EU27_2020,TR63,2013,37.0
A,PPS_HAB_EU27_2020,TR63,2014,37.0
A,PPS_HAB_EU27_2020,TR63,2015,36.0
A,PPS_HAB_EU27_2020,TR63,2016,35.0
A,PPS_HAB_EU27_2020,TR63,2017,36.0
A,PPS_HAB_EU27_2020,TR63,2018,34.0
A,PPS_HAB_EU27_2020,TR63,2019,31.0
A,PPS_HAB_EU27_2020,TR63,2020,33.0
A,PPS_HAB_EU27_2020,TR63,2021,36.0
A,PPS_HAB_EU27_2020,TR63,2022,38.0
A,PPS_HAB_EU27_2020,TR63,2023,40.0
A,PPS_HAB_EU27_2020,TR63,2024,47.0
A,PPS_HAB_EU27_2020,TR7,2010,40.0
A,PPS_HAB_EU27_2020,TR7,2011,43.0
A,PPS_HAB_EU27_2020,TR7,2012,44.0
A,PPS_HAB_EU27_2020,TR7,2013,45.0
A,PPS_HAB_EU27_2020,TR7,2014,48.0
A,PPS_HAB_EU27_2020,TR7,2015,50.0
A,PPS_HAB_EU27_2020,TR7,2016,48.0
A,PPS_HAB_EU27_2020,TR7,2017,48.0
A,PPS_HAB_EU27_2020,TR7,2018,45.0
A,PPS_HAB_EU27_2020,TR7,2019,43.0
A,PPS_HAB_EU27_2020,TR7,2020,45.0
A,PPS_HAB_EU27_2020,TR7,2021,44.0
A,PPS_HAB_EU27_2020,TR7,2022,49.0
A,PPS_HAB_EU27_2020,TR7,2023,51.0
A,PPS_HAB_EU27_2020,TR7,2024,52.0
A,PPS_HAB_EU27_2020,TR71,2010,37.0
A,PPS_HAB_EU27_2020,TR71,2011,40.0
A,PPS_HAB_EU27_2020,TR71,2012,41.0
A,PPS_HAB_EU27_2020,TR71,2013,42.0
A,PPS_HAB_EU27_2020,TR71,2014,45.0
A,PPS_HAB_EU27_2020,TR71,2015,48.0
A,PPS_HAB_EU27_2020,TR71,2016,46.0
A,PPS_HAB_EU27_2020,TR71,2017,46.0
A,PPS_HAB_EU27_2020,TR71,2018,44.0
A,PPS_HAB_EU27_2020,TR71,2019,42.0
A,PPS_HAB_EU27_2020,TR71,2020,44.0
A,PPS_HAB_EU27_2020,TR71,2021,42.0
A,PPS_HAB_EU27_2020,TR71,2022,50.0
A,PPS_HAB_EU27_2020,TR71,2023,52.0
A,PPS_HAB_EU27_2020,TR71,2024,53.0
A,PPS_HAB_EU27_2020,TR72,2010,41.0
A,PPS_HAB_EU27_2020,TR72,2011,44.0
A,PPS_HAB_EU27_2020,TR72,2012,45.0
A,PPS_HAB_EU27_2020,TR72,2013,47.0
A,PPS_HAB_EU27_2020,TR72,2014,50.0
A,PPS_HAB_EU27_2020,TR72,2015,51.0
A,PPS_HAB_EU27_2020,TR72,2016,50.0
A,PPS_HAB_EU27_2020,TR72,2017,49.0
A,PPS_HAB_EU27_2020,TR72,2018,45.0
A,PPS_HAB_EU27_2020,TR72,2019,43.0
A,PPS_HAB_EU27_2020,TR72,2020,46.0
A,PPS_HAB_EU27_2020,TR72,2021,45.0
A,PPS_HAB_EU27_2020,TR72,2022,48.0
A,PPS_HAB_EU27_2020,TR72,2023,50.0
A,PPS_HAB_EU27_2020,TR72,2024,51.0
A,PPS_HAB_EU27_2020,TR8,2010,37.0
A,PPS_HAB_EU27_2020,TR8,2011,39.0
A,PPS_HAB_EU27_2020,TR8,2012,40.0
A,PPS_HAB_EU27_2020,TR8,2013,41.0
A,PPS_HAB_EU27_2020,TR8,2014,44.0
A,PPS_HAB_EU27_2020,TR8,2015,46.0
A,PPS_HAB_EU27_2020,TR8,2016,45.0
A,PPS_HAB_EU27_2020,TR8,2017,45.0
A,PPS_HAB_EU27_2020,TR8,2018,42.0
A,PPS_HAB_EU27_2020,TR8,2019,39.0
A,PPS_HAB_EU27_2020,TR8,2020,42.0
A,PPS_HAB_EU27_2020,TR8,2021,41.0
A,PPS_HAB_EU27_2020,TR8,2022,45.0
A,PPS_HAB_EU27_2020,TR8,2023,46.0
A,PPS_HAB_EU27_2020,TR8,2024,48.0
A,PPS_HAB_EU27_2020,TR81,2010,38.0
A,PPS_HAB_EU27_2020,TR81,2011,43.0
A,PPS_HAB_EU27_2020,TR81,2012,42.0
A,PPS_HAB_EU27_2020,TR81,2013,45.0
A,PPS_HAB_EU27_2020,TR81,2014,49.0
A,PPS_HAB_EU27_2020,TR81,2015,49.0
A,PPS_HAB_EU27_2020,TR81,2016,47.0
A,PPS_HAB_EU27_2020,TR81,2017,50.0
A,PPS_HAB_EU27_2020,TR81,2018,49.0
A,PPS_HAB_EU27_2020,TR81,2019,41.0
A,PPS_HAB_EU27_2020,TR81,2020,45.0
A,PPS_HAB_EU27_2020,TR81,2021,52.0
A,PPS_HAB_EU27_2020,TR81,2022,55.0
A,PPS_HAB_EU27_2020,TR81,2023,49.0
A,PPS_HAB_EU27_2020,TR81,2024,49.0
A,PPS_HAB_EU27_2020,TR82,2010,41.0
A,PPS_HAB_EU27_2020,TR82,2011,43.0
A,PPS_HAB_EU27_2020,TR82,2012,44.0
A,PPS_HAB_EU27_2020,TR82,2013,44.0
A,PPS_HAB_EU27_2020,TR82,2014,47.0
A,PPS_HAB_EU27_2020,TR82,2015,49.0
A,PPS_HAB_EU27_2020,TR82,2016,48.0
A,PPS_HAB_EU27_2020,TR82,2017,47.0
A,PPS_HAB_EU27_2020,TR82,2018,44.0
A,PPS_HAB_EU27_2020,TR82,2019,42.0
A,PPS_HAB_EU27_2020,TR82,2020,47.0
A,PPS_HAB_EU27_2020,TR82,2021,45.0
A,PPS_HAB_EU27_2020,TR82,2022,49.0
A,PPS_HAB_EU27_2020,TR82,2023,51.0
A,PPS_HAB_EU27_2020,TR82,2024,53.0
A,PPS_HAB_EU27_2020,TR83,2010,36.0
A,PPS_HAB_EU27_2020,TR83,2011,37.0
A,PPS_HAB_EU27_2020,TR83,2012,39.0
A,PPS_HAB_EU27_2020,TR83,2013,39.0
A,PPS_HAB_EU27_2020,TR83,2014,41.0
A,PPS_HAB_EU27_2020,TR83,2015,44.0
A,PPS_HAB_EU27_2020,TR83,2016,43.0
A,PPS_HAB_EU27_2020,TR83,2017,42.0
A,PPS_HAB_EU27_2020,TR83,2018,39.0
A,PPS_HAB_EU27_2020,TR83,2019,37.0
A,PPS_HAB_EU27_2020,TR83,2020,40.0
A,PPS_HAB_EU27_2020,TR83,2021,36.0
A,PPS_HAB_EU27_2020,TR83,2022,41.0
A,PPS_HAB_EU27_2020,TR83,2023,43.0
A,PPS_HAB_EU27_2020,TR83,2024,46.0
A,PPS_HAB_EU27_2020,TR9,2010,37.0
A,PPS_HAB_EU27_2020,TR9,2011,39.0
A,PPS_HAB_EU27_2020,TR9,2012,41.0
A,PPS_HAB_EU27_2020,TR9,2013,41.0
A,PPS_HAB_EU27_2020,TR9,2014,43.0
A,PPS_HAB_EU27_2020,TR9,2015,48.0
A,PPS_HAB_EU27_2020,TR9,2016,44.0
A,PPS_HAB_EU27_2020,TR9,2017,44.0
A,PPS_HAB_EU27_2020,TR9,2018,41.0
A,PPS_HAB_EU27_2020,TR9,2019,41.0
A,PPS_HAB_EU27_2020,TR9,2020,43.0
A,PPS_HAB_EU27_2020,TR9,2021,39.0
A,PPS_HAB_EU27_2020,TR9,2022,40.0
A,PPS_HAB_EU27_2020,TR9,2023,41.0
A,PPS_HAB_EU27_2020,TR9,2024,45.0
A,PPS_HAB_EU27_2020,TR90,2010,37.0
A,PPS_HAB_EU27_2020,TR90,2011,39.0
A,PPS_HAB_EU27_2020,TR90,2012,41.0
A,PPS_HAB_EU27_2020,TR90,2013,41.0
A,PPS_HAB_EU27_2020,TR90,2014,43.0
A,PPS_HAB_EU27_2020,TR90,2015,48.0
A,PPS_HAB_EU27_2020,TR90,2016,44.0
A,PPS_HAB_EU27_2020,TR90,2017,44.0
A,PPS_HAB_EU27_2020,TR90,2018,41.0
A,PPS_HAB_EU27_2020,TR90,2019,41.0
A,PPS_HAB_EU27_2020,TR90,2020,43.0
A,PPS_HAB_EU27_2020,TR90,2021,39.0
A,PPS_HAB_EU27_2020,TR90,2022,40.0
A,PPS_HAB_EU27_2020,TR90,2023,41.0
A,PPS_HAB_EU27_2020,TR90,2024,45.0
A,PPS_HAB_EU27_2020,TRA,2010,29.0
A,PPS_HAB_EU27_2020,TRA,2011,30.0
A,PPS_HAB_EU27_2020,TRA,2012,32.0
A,PPS_HAB_EU27_2020,TRA,2013,33.0
A,PPS_HAB_EU27_2020,TRA,2014,34.0
A,PPS_HAB_EU27_2020,TRA,2015,36.0
A,PPS_HAB_EU27_2020,TRA,2016,36.0
A,PPS_HAB_EU27_2020,TRA,2017,37.0
A,PPS_HAB_EU27_2020,TRA,2018,34.0
A,PPS_HAB_EU27_2020,TRA,2019,33.0
A,PPS_HAB_EU27_2020,TRA,2020,36.0
A,PPS_HAB_EU27_2020,TRA,2021,33.0
A,PPS_HAB_EU27_2020,TRA,2022,35.0
A,PPS_HAB_EU27_2020,TRA,2023,38.0
A,PPS_HAB_EU27_2020,TRA,2024,41.0
A,PPS_HAB_EU27_2020,TRA1,2010,36.0
A,PPS_HAB_EU27_2020,TRA1,2011,36.0
A,PPS_HAB_EU27_2020,TRA1,2012,39.0
A,PPS_HAB_EU27_2020,TRA1,2013,41.0
A,PPS_HAB_EU27_2020,TRA1,2014,42.0
A,PPS_HAB_EU27_2020,TRA1,2015,43.0
A,PPS_HAB_EU27_2020,TRA1,2016,43.0
A,PPS_HAB_EU27_2020,TRA1,2017,44.0
A,PPS_HAB_EU27_2020,TRA1,2018,41.0
A,PPS_HAB_EU27_2020,TRA1,2019,39.0
A,PPS_HAB_EU27_2020,TRA1,2020,42.0
A,PPS_HAB_EU27_2020,TRA1,2021,40.0
A,PPS_HAB_EU27_2020,TRA1,2022,41.0
A,PPS_HAB_EU27_2020,TRA1,2023,44.0
A,PPS_HAB_EU27_2020,TRA1,2024,47.0
A,PPS_HAB_EU27_2020,TRA2,2010,23.0
A,PPS_HAB_EU27_2020,TRA2,2011,24.0
A,PPS_HAB_EU27_2020,TRA2,2012,26.0
A,PPS_HAB_EU27_2020,TRA2,2013,26.0
A,PPS_HAB_EU27_2020,TRA2,2014,27.0
A,PPS_HAB_EU27_2020,TRA2,2015,29.0
A,PPS_HAB_EU27_2020,TRA2,2016,29.0
A,PPS_HAB_EU27_2020,TRA2,2017,30.0
A,PPS_HAB_EU27_2020,TRA2,2018,28.0
A,PPS_HAB_EU27_2020,TRA2,2019,27.0
A,PPS_HAB_EU27_2020,TRA2,2020,30.0
A,PPS_HAB_EU27_2020,TRA2,2021,26.0
A,PPS_HAB_EU27_2020,TRA2,2022,29.0
A,PPS_HAB_EU27_2020,TRA2,2023,32.0
A,PPS_HAB_EU27_2020,TRA2,2024,35.0
A,PPS_HAB_EU27_2020,TRB,2010,26.0
A,PPS_HAB_EU27_2020,TRB,2011,28.0
A,PPS_HAB_EU27_2020,TRB,2012,30.0
A,PPS_HAB_EU27_2020,TRB,2013,30.0
A,PPS_HAB_EU27_2020,TRB,2014,31.0
A,PPS_HAB_EU27_2020,TRB,2015,32.0
A,PPS_HAB_EU27_2020,TRB,2016,31.0
A,PPS_HAB_EU27_2020,TRB,2017,32.0
A,PPS_HAB_EU27_2020,TRB,2018,30.0
A,PPS_HAB_EU27_2020,TRB,2019,29.0
A,PPS_HAB_EU27_2020,TRB,2020,32.0
A,PPS_HAB_EU27_2020,TRB,2021,29.0
A,PPS_HAB_EU27_2020,TRB,2022,30.0
A,PPS_HAB_EU27_2020,TRB,2023,34.0
A,PPS_HAB_EU27_2020,TRB,2024,39.0
A,PPS_HAB_EU27_2020,TRB1,2010,32.0
A,PPS_HAB_EU27_2020,TRB1,2011,34.0
A,PPS_HAB_EU27_2020,TRB1,2012,35.0
A,PPS_HAB_EU27_2020,TRB1,2013,37.0
A,PPS_HAB_EU27_2020,TRB1,2014,38.0
A,PPS_HAB_EU27_2020,TRB1,2015,39.0
A,PPS_HAB_EU27_2020,TRB1,2016,39.0
A,PPS_HAB_EU27_2020,TRB1,2017,40.0
A,PPS_HAB_EU27_2020,TRB1,2018,37.0
A,PPS_HAB_EU27_2020,TRB1,2019,35.0
A,PPS_HAB_EU27_2020,TRB1,2020,39.0
A,PPS_HAB_EU27_2020,TRB1,2021,37.0
A,PPS_HAB_EU27_2020,TRB1,2022,37.0
A,PPS_HAB_EU27_2020,TRB1,2023,41.0
A,PPS_HAB_EU27_2020,TRB1,2024,48.0
A,PPS_HAB_EU27_2020,TRB2,2010,21.0
A,PPS_HAB_EU27_2020,TRB2,2011,22.0
A,PPS_HAB_EU27_2020,TRB2,2012,26.0
A,PPS_HAB_EU27_2020,TRB2,2013,24.0
A,PPS_HAB_EU27_2020,TRB2,2014,26.0
A,PPS_HAB_EU27_2020,TRB2,2015,26.0
A,PPS_HAB_EU27_2020,TRB2,2016,26.0
A,PPS_HAB_EU27_2020,TRB2,2017,26.0
A,PPS_HAB_EU27_2020,TRB2,2018,25.0
A,PPS_HAB_EU27_2020,TRB2,2019,25.0
A,PPS_HAB_EU27_2020,TRB2,2020,26.0
A,PPS_HAB_EU27_2020,TRB2,2021,23.0
A,PPS_HAB_EU27_2020,TRB2,2022,25.0
A,PPS_HAB_EU27_2020,TRB2,2023,28.0
A,PPS_HAB_EU27_2020,TRB2,2024,31.0
A,PPS_HAB_EU27_2020,TRC,2010,26.0
A,PPS_HAB_EU27_2020,TRC,2011,28.0
A,PPS_HAB_EU27_2020,TRC,2012,29.0
A,PPS_HAB_EU27_2020,TRC,2013,31.0
A,PPS_HAB_EU27_2020,TRC,2014,31.0
A,PPS_HAB_EU27_2020,TRC,2015,31.0
A,PPS_HAB_EU27_2020,TRC,2016,29.0
A,PPS_HAB_EU27_2020,TRC,2017,30.0
A,PPS_HAB_EU27_2020,TRC,2018,28.0
A,PPS_HAB_EU27_2020,TRC,2019,27.0
A,PPS_HAB_EU27_2020,TRC,2020,29.0
A,PPS_HAB_EU27_2020,TRC,2021,28.0
A,PPS_HAB_EU27_2020,TRC,2022,32.0
A,PPS_HAB_EU27_2020,TRC,2023,33.0
A,PPS_HAB_EU27_2020,TRC,2024,36.0
A,PPS_HAB_EU27_2020,TRC1,2010,30.0
A,PPS_HAB_EU27_2020,TRC1,2011,32.0
A,PPS_HAB_EU27_2020,TRC1,2012,35.0
A,PPS_HAB_EU27_2020,TRC1,2013,38.0
A,PPS_HAB_EU27_2020,TRC1,2014,38.0
A,PPS_HAB_EU27_2020,TRC1,2015,38.0
A,PPS_HAB_EU27_2020,TRC1,2016,36.0
A,PPS_HAB_EU27_2020,TRC1,2017,36.0
A,PPS_HAB_EU27_2020,TRC1,2018,34.0
A,PPS_HAB_EU27_2020,TRC1,2019,32.0
A,PPS_HAB_EU27_2020,TRC1,2020,36.0
A,PPS_HAB_EU27_2020,TRC1,2021,37.0
A,PPS_HAB_EU27_2020,TRC1,2022,40.0
A,PPS_HAB_EU27_2020,TRC1,2023,40.0
A,PPS_HAB_EU27_2020,TRC1,2024,43.0
A,PPS_HAB_EU27_2020,TRC2,2010,24.0
A,PPS_HAB_EU27_2020,TRC2,2011,25.0
A,PPS_HAB_EU27_2020,TRC2,2012,25.0
A,PPS_HAB_EU27_2020,TRC2,2013,27.0
A,PPS_HAB_EU27_2020,TRC2,2014,26.0
A,PPS_HAB_EU27_2020,TRC2,2015,26.0
A,PPS_HAB_EU27_2020,TRC2,2016,24.0
A,PPS_HAB_EU27_2020,TRC2,2017,24.0
A,PPS_HAB_EU27_2020,TRC2,2018,22.0
A,PPS_HAB_EU27_2020,TRC2,2019,21.0
A,PPS_HAB_EU27_2020,TRC2,2020,23.0
A,PPS_HAB_EU27_2020,TRC2,2021,21.0
A,PPS_HAB_EU27_2020,TRC2,2022,24.0
A,PPS_HAB_EU27_2020,TRC2,2023,26.0
A,PPS_HAB_EU27_2020,TRC2,2024,29.0
A,PPS_HAB_EU27_2020,TRC3,2010,26.0
A,PPS_HAB_EU27_2020,TRC3,2011,27.0
A,PPS_HAB_EU27_2020,TRC3,2012,28.0
A,PPS_HAB_EU27_2020,TRC3,2013,30.0
A,PPS_HAB_EU27_2020,TRC3,2014,31.0
A,PPS_HAB_EU27_2020,TRC3,2015,30.0
A,PPS_HAB_EU27_2020,TRC3,2016,29.0
A,PPS_HAB_EU27_2020,TRC3,2017,31.0
A,PPS_HAB_EU27_2020,TRC3,2018,30.0
A,PPS_HAB_EU27_2020,TRC3,2019,29.0
A,PPS_HAB_EU27_2020,TRC3,2020,32.0
A,PPS_HAB_EU27_2020,TRC3,2021,30.0
A,PPS_HAB_EU27_2020,TRC3,2022,33.0
A,PPS_HAB_EU27_2020,TRC3,2023,34.0
A,PPS_HAB_EU27_2020,TRC3,2024,36.0
