var,country,year,wb
gdp_per_capita,ARM,2024,8556.21406956719
gdp_per_capita,ARM,2023,8159.08720967996
gdp_per_capita,ARM,2022,6571.97445545099
gdp_per_capita,ARM,2021,4685.17997128509
gdp_per_capita,ARM,2020,4268.68093304583
gdp_per_capita,ARM,2019,4597.22887399548
gdp_per_capita,ARM,2018,4196.00562301769
gdp_per_capita,ARM,2017,3869.05373867752
gdp_per_capita,ARM,2016,3524.42476874707
gdp_per_capita,ARM,2015,3512.39350276709
gdp_per_capita,ARM,2014,3852.11800610384
gdp_per_capita,ARM,2013,3680.16692158886
gdp_per_capita,ARM,2012,3511.56399687426
gdp_per_capita,ARM,2011,3349.55309771906
gdp_per_capita,ARM,2010,3041.34450723339
gdp_per_capita,AUT,2024,58268.8787651601
gdp_per_capita,AUT,2023,56579.504175468
gdp_per_capita,AUT,2022,52336.7725223758
gdp_per_capita,AUT,2021,53648.6437976214
gdp_per_capita,AUT,2020,48716.4098900349
gdp_per_capita,AUT,2019,49885.9947355204
gdp_per_capita,AUT,2018,51194.0749841299
gdp_per_capita,AUT,2017,47163.7425775142
gdp_per_capita,AUT,2016,45061.4993920192
gdp_per_capita,AUT,2015,43915.228020857
gdp_per_capita,AUT,2014,51314.9722616322
gdp_per_capita,AUT,2013,50305.3545774973
gdp_per_capita,AUT,2012,48250.4059142637
gdp_per_capita,AUT,2011,51116.8953522042
gdp_per_capita,AUT,2010,46611.1393420232
gdp_per_capita,AZE,2024,7294.64276088105
gdp_per_capita,AZE,2023,7133.02838048328
gdp_per_capita,AZE,2022,7770.594223351
gdp_per_capita,AZE,2021,5408.04535175023
gdp_per_capita,AZE,2020,4229.91064904503
gdp_per_capita,AZE,2019,4805.75371765917
gdp_per_capita,AZE,2018,4739.7943123408
gdp_per_capita,AZE,2017,4147.1981423222
gdp_per_capita,AZE,2016,3880.6852276838
gdp_per_capita,AZE,2015,5500.50364628486
gdp_per_capita,AZE,2014,7890.84028062087
gdp_per_capita,AZE,2013,7875.34536661549
gdp_per_capita,AZE,2012,7495.86527658099
gdp_per_capita,AZE,2011,7189.81869211976
gdp_per_capita,AZE,2010,5843.5337683582
gdp_per_capita,BEL,2024,56581.9375642531
gdp_per_capita,BEL,2023,55244.68145811
gdp_per_capita,BEL,2022,50639.0264882739
gdp_per_capita,BEL,2021,51658.238294958
gdp_per_capita,BEL,2020,45906.2875805246
gdp_per_capita,BEL,2019,46716.6227467964
gdp_per_capita,BEL,2018,47487.2100392561
gdp_per_capita,BEL,2017,44035.3239358548
gdp_per_capita,BEL,2016,41854.5498296444
gdp_per_capita,BEL,2015,40893.804537772
gdp_per_capita,BEL,2014,47995.7786961339
gdp_per_capita,BEL,2013,46964.5946777056
gdp_per_capita,BEL,2012,44874.1709182123
gdp_per_capita,BEL,2011,47760.8298776546
gdp_per_capita,BEL,2010,44197.393671162
gdp_per_capita,BGR,2024,17596.9167621233
gdp_per_capita,BGR,2023,15854.0192893772
gdp_per_capita,BGR,2022,13999.9113358453
gdp_per_capita,BGR,2021,12966.8085197381
gdp_per_capita,BGR,2020,10760.7616180234
gdp_per_capita,BGR,2019,10354.2500414088
gdp_per_capita,BGR,2018,9849.88769989118
gdp_per_capita,BGR,2017,8697.13373333715
gdp_per_capita,BGR,2016,7822.89886431732
gdp_per_capita,BGR,2015,7269.02586513711
gdp_per_capita,BGR,2014,8070.01289303544
gdp_per_capita,BGR,2013,7796.37945241455
gdp_per_capita,BGR,2012,7432.33753378983
gdp_per_capita,BGR,2011,7849.98219737366
gdp_per_capita,BGR,2010,6854.2987837778
gdp_per_capita,BLR,2024,8605.60954569694
gdp_per_capita,BLR,2023,7896.75388295584
gdp_per_capita,BLR,2022,7994.64806074889
gdp_per_capita,BLR,2021,7489.71894713888
gdp_per_capita,BLR,2020,6542.85579976768
gdp_per_capita,BLR,2019,6837.77339645635
gdp_per_capita,BLR,2018,6360.037502312
gdp_per_capita,BLR,2017,5785.54491935194
gdp_per_capita,BLR,2016,5039.77560949445
gdp_per_capita,BLR,2015,5967.05595058777
gdp_per_capita,BLR,2014,8341.31809294883
gdp_per_capita,BLR,2013,7998.0802045456
gdp_per_capita,BLR,2012,6953.21591683101
gdp_per_capita,BLR,2011,6527.6593428786
gdp_per_capita,BLR,2010,6034.67885177216
gdp_per_capita,CYP,2024,38674.3125
gdp_per_capita,CYP,2023,36623.70703125
gdp_per_capita,CYP,2022,33231.05078125
gdp_per_capita,CYP,2021,32937.8359375
gdp_per_capita,CYP,2020,28130.330078125
gdp_per_capita,CYP,2019,29227.16796875
gdp_per_capita,CYP,2018,29120.38671875
gdp_per_capita,CYP,2017,26247.46484375
gdp_per_capita,CYP,2016,24280.044921875
gdp_per_capita,CYP,2015,23088.4296875
gdp_per_capita,CYP,2014,26993.095703125
gdp_per_capita,CYP,2013,27764.7265625
gdp_per_capita,CYP,2012,28991.9296875
gdp_per_capita,CYP,2011,32485.8046875
gdp_per_capita,CYP,2010,31105.02734375
gdp_per_capita,CZE,2024,31827.7552539413
gdp_per_capita,CZE,2023,31761.5944102491
gdp_per_capita,CZE,2022,28282.2236715857
gdp_per_capita,CZE,2021,27696.4619527544
gdp_per_capita,CZE,2020,23472.8915454417
gdp_per_capita,CZE,2019,24062.7190013343
gdp_per_capita,CZE,2018,23705.9329811299
gdp_per_capita,CZE,2017,20913.197632212
gdp_per_capita,CZE,2016,18753.9686718096
gdp_per_capita,CZE,2015,17931.5987670768
gdp_per_capita,CZE,2014,20038.4163180257
gdp_per_capita,CZE,2013,20260.4954999375
gdp_per_capita,CZE,2012,20014.0354015165
gdp_per_capita,CZE,2011,22049.1080788682
gdp_per_capita,CZE,2010,20160.4355077059
gdp_per_capita,DEU,2024,56103.7323182554
gdp_per_capita,DEU,2023,54776.7668235491
gdp_per_capita,DEU,2022,50506.5179638543
gdp_per_capita,DEU,2021,52349.2459994422
gdp_per_capita,DEU,2020,47394.8734504469
gdp_per_capita,DEU,2019,47656.199739747
gdp_per_capita,DEU,2018,48916.1686612154
gdp_per_capita,DEU,2017,45553.9341495339
gdp_per_capita,DEU,2016,42948.9381932694
gdp_per_capita,DEU,2015,41929.7549110722
gdp_per_capita,DEU,2014,48959.5991203133
gdp_per_capita,DEU,2013,47206.8353514242
gdp_per_capita,DEU,2012,44718.0159214069
gdp_per_capita,DEU,2011,47630.9761883572
gdp_per_capita,DEU,2010,42396.9665976293
gdp_per_capita,DNK,2024,71026.4832271897
gdp_per_capita,DNK,2023,68043.5466971243
gdp_per_capita,DNK,2022,67781.0940939514
gdp_per_capita,DNK,2021,69340.7334922138
gdp_per_capita,DNK,2020,60985.4885601514
gdp_per_capita,DNK,2019,59404.2663247723
gdp_per_capita,DNK,2018,61324.7665045565
gdp_per_capita,DNK,2017,57521.5514992225
gdp_per_capita,DNK,2016,54500.9260410217
gdp_per_capita,DNK,2015,53094.0133607574
gdp_per_capita,DNK,2014,62520.4509747011
gdp_per_capita,DNK,2013,61377.5940590412
gdp_per_capita,DNK,2012,58443.7747103968
gdp_per_capita,DNK,2011,61809.737898222
gdp_per_capita,DNK,2010,58104.5445594981
gdp_per_capita,ESP,2024,35326.7683069278
gdp_per_capita,ESP,2023,33493.2225409111
gdp_per_capita,ESP,2022,30319.4987196616
gdp_per_capita,ESP,2021,30799.4775937775
gdp_per_capita,ESP,2020,27233.9426461608
gdp_per_capita,ESP,2019,29786.5245689007
gdp_per_capita,ESP,2018,30602.4212881113
gdp_per_capita,ESP,2017,28381.3425596906
gdp_per_capita,ESP,2016,26755.6061149398
gdp_per_capita,ESP,2015,25982.4416197775
gdp_per_capita,ESP,2014,29707.765509467
gdp_per_capita,ESP,2013,29228.846559842
gdp_per_capita,ESP,2012,28456.4438151477
gdp_per_capita,ESP,2011,31824.6219134777
gdp_per_capita,ESP,2010,30658.7422282912
gdp_per_capita,EST,2024,31428.3547816104
gdp_per_capita,EST,2023,30264.0064885057
gdp_per_capita,EST,2022,28340.3826549406
gdp_per_capita,EST,2021,27951.1659277744
gdp_per_capita,EST,2020,23933.9939421065
gdp_per_capita,EST,2019,24021.2501413306
gdp_per_capita,EST,2018,23618.1361254581
gdp_per_capita,EST,2017,20851.5223496861
gdp_per_capita,EST,2016,18666.3736521706
gdp_per_capita,EST,2015,17722.1557669523
gdp_per_capita,EST,2014,20581.7898991695
gdp_per_capita,EST,2013,19310.3874900757
gdp_per_capita,EST,2012,17568.2137969714
gdp_per_capita,EST,2011,17555.5455239426
gdp_per_capita,EST,2010,14663.7041018705
gdp_per_capita,FIN,2024,53155.5451165897
gdp_per_capita,FIN,2023,52864.6931581216
gdp_per_capita,FIN,2022,50440.560224974
gdp_per_capita,FIN,2021,53099.1351400148
gdp_per_capita,FIN,2020,48828.6846862799
gdp_per_capita,FIN,2019,48358.1807773701
gdp_per_capita,FIN,2018,49654.2497035329
gdp_per_capita,FIN,2017,46085.0174739036
gdp_per_capita,FIN,2016,43451.2562442158
gdp_per_capita,FIN,2015,42560.3456767103
gdp_per_capita,FIN,2014,50073.7760815871
gdp_per_capita,FIN,2013,49691.0145200739
gdp_per_capita,FIN,2012,47551.6740841369
gdp_per_capita,FIN,2011,51060.3242589767
gdp_per_capita,FIN,2010,46506.2919016566
gdp_per_capita,FRA,2024,46103.0840855884
gdp_per_capita,FRA,2023,44700.1384177544
gdp_per_capita,FRA,2022,40988.6396406579
gdp_per_capita,FRA,2021,43725.0999521245
gdp_per_capita,FRA,2020,39169.8606000707
gdp_per_capita,FRA,2019,40408.2848574751
gdp_per_capita,FRA,2018,41418.1766484844
gdp_per_capita,FRA,2017,38687.1626407164
gdp_per_capita,FRA,2016,37024.2157133669
gdp_per_capita,FRA,2015,36702.4323733379
gdp_per_capita,FRA,2014,43148.0459288416
gdp_per_capita,FRA,2013,42669.1795111893
gdp_per_capita,FRA,2012,40863.5814412333
gdp_per_capita,FRA,2011,43929.7840873812
gdp_per_capita,FRA,2010,40694.8211697025
gdp_per_capita,GEO,2024,8967.67525638987
gdp_per_capita,GEO,2023,8283.66960652261
gdp_per_capita,GEO,2022,6729.84659930283
gdp_per_capita,GEO,2021,5083.60695484577
gdp_per_capita,GEO,2020,4300.85701291207
gdp_per_capita,GEO,2019,4741.2832715876
gdp_per_capita,GEO,2018,4804.0546040444
gdp_per_capita,GEO,2017,4418.75206546679
gdp_per_capita,GEO,2016,4143.40125686315
gdp_per_capita,GEO,2015,4086.6223465965
gdp_per_capita,GEO,2014,4830.33486170249
gdp_per_capita,GEO,2013,4712.00229382665
gdp_per_capita,GEO,2012,4530.69533409431
gdp_per_capita,GEO,2011,4119.66818307193
gdp_per_capita,GEO,2010,3281.72930937343
gdp_per_capita,GRC,2024,24626.1481858973
gdp_per_capita,GRC,2023,23343.7103964562
gdp_per_capita,GRC,2022,20884.6773436263
gdp_per_capita,GRC,2021,20652.89659591
gdp_per_capita,GRC,2020,17886.733165236
gdp_per_capita,GRC,2019,19335.3602002969
gdp_per_capita,GRC,2018,19873.4015238771
gdp_per_capita,GRC,2017,18631.9930129293
gdp_per_capita,GRC,2016,17919.2426377048
gdp_per_capita,GRC,2015,17980.7298238137
gdp_per_capita,GRC,2014,21474.7257123892
gdp_per_capita,GRC,2013,21573.3449762805
gdp_per_capita,GRC,2012,21624.346052551
gdp_per_capita,GRC,2011,25504.7866510124
gdp_per_capita,GRC,2010,26653.0488008626
gdp_per_capita,HRV,2024,24049.9441746337
gdp_per_capita,HRV,2023,22183.4982258492
gdp_per_capita,HRV,2022,18465.531473659
gdp_per_capita,HRV,2021,17788.7601163765
gdp_per_capita,HRV,2020,14807.5559227544
gdp_per_capita,HRV,2019,15563.7354996625
gdp_per_capita,HRV,2018,15460.4560798984
gdp_per_capita,HRV,2017,13901.6498657787
gdp_per_capita,HRV,2016,12820.1872746645
gdp_per_capita,HRV,2015,12283.8750299177
gdp_per_capita,HRV,2014,14186.7712230471
gdp_per_capita,HRV,2013,14135.0903485872
gdp_per_capita,HRV,2012,13507.6349882758
gdp_per_capita,HRV,2011,14691.591757962
gdp_per_capita,HRV,2010,13729.7472872883
gdp_per_capita,HUN,2024,23305.4482514359
gdp_per_capita,HUN,2023,22208.6509820466
gdp_per_capita,HUN,2022,18428.028825614
gdp_per_capita,HUN,2021,19030.628130329
gdp_per_capita,HUN,2020,16386.9308821258
gdp_per_capita,HUN,2019,17012.8598553199
gdp_per_capita,HUN,2018,16605.0570511887
gdp_per_capita,HUN,2017,14736.1668157258
gdp_per_capita,HUN,2016,13215.8605277789
gdp_per_capita,HUN,2015,12782.9412577973
gdp_per_capita,HUN,2014,14352.501883174
gdp_per_capita,HUN,2013,13739.4620151401
gdp_per_capita,HUN,2012,12950.1594488143
gdp_per_capita,HUN,2011,14211.460557822
gdp_per_capita,HUN,2010,13189.8433874768
gdp_per_capita,IRL,2024,112894.953240805
gdp_per_capita,IRL,2023,106818.917130804
gdp_per_capita,IRL,2022,105190.685952731
gdp_per_capita,IRL,2021,103783.446284479
gdp_per_capita,IRL,2020,86514.0706108754
gdp_per_capita,IRL,2019,81827.6688873996
gdp_per_capita,IRL,2018,80804.1123164826
gdp_per_capita,IRL,2017,72161.4047531385
gdp_per_capita,IRL,2016,64129.5571542383
gdp_per_capita,IRL,2015,64250.1385181257
gdp_per_capita,IRL,2014,57214.5379785709
gdp_per_capita,IRL,2013,52537.6108648692
gdp_per_capita,IRL,2012,49335.8408099555
gdp_per_capita,IRL,2011,52613.8540355689
gdp_per_capita,IRL,2010,48623.9666422487
gdp_per_capita,ITA,2024,40429.6224047352
gdp_per_capita,ITA,2023,39279.699782164
gdp_per_capita,ITA,2022,35653.9042103495
gdp_per_capita,ITA,2021,36852.5425414951
gdp_per_capita,ITA,2020,32091.4866621366
gdp_per_capita,ITA,2019,33812.788724868
gdp_per_capita,ITA,2018,35062.3364176949
gdp_per_capita,ITA,2017,32844.115660604
gdp_per_capita,ITA,2016,31391.5692898108
gdp_per_capita,ITA,2015,30639.8829751432
gdp_per_capita,ITA,2014,36028.3494022349
gdp_per_capita,ITA,2013,35701.6746002376
gdp_per_capita,ITA,2012,34854.3949441965
gdp_per_capita,ITA,2011,38432.3742820019
gdp_per_capita,ITA,2010,35856.8625485539
gdp_per_capita,LTU,2024,29603.7772588256
gdp_per_capita,LTU,2023,27983.3658256887
gdp_per_capita,LTU,2022,24946.5724005188
gdp_per_capita,LTU,2021,23882.8668916753
gdp_per_capita,LTU,2020,20428.6478157394
gdp_per_capita,LTU,2019,19608.7943945553
gdp_per_capita,LTU,2018,19247.2315367967
gdp_per_capita,LTU,2017,16800.1510246099
gdp_per_capita,LTU,2016,14934.2702840428
gdp_per_capita,LTU,2015,14269.8039878287
gdp_per_capita,LTU,2014,16446.1647181663
gdp_per_capita,LTU,2013,15636.5252586048
gdp_per_capita,LTU,2012,14288.1853493139
gdp_per_capita,LTU,2011,14261.8433787325
gdp_per_capita,LTU,2010,11829.122609457
gdp_per_capita,LUX,2024,137781.681659123
gdp_per_capita,LUX,2023,133230.619178899
gdp_per_capita,LUX,2022,123719.658915996
gdp_per_capita,LUX,2021,134965.815442152
gdp_per_capita,LUX,2020,116860.02817236
gdp_per_capita,LUX,2019,112696.649059674
gdp_per_capita,LUX,2018,116926.759593905
gdp_per_capita,LUX,2017,110193.213797228
gdp_per_capita,LUX,2016,106899.293549552
gdp_per_capita,LUX,2015,105462.012584423
gdp_per_capita,LUX,2014,123678.706919314
gdp_per_capita,LUX,2013,120000.140729859
gdp_per_capita,LUX,2012,112584.676270958
gdp_per_capita,LUX,2011,119025.057203467
gdp_per_capita,LUX,2010,110885.991378721
gdp_per_capita,LVA,2024,23578.9663562625
gdp_per_capita,LVA,2023,22710.2637544197
gdp_per_capita,LVA,2022,20221.103686109
gdp_per_capita,LVA,2021,20261.8887788916
gdp_per_capita,LVA,2020,17564.2321549354
gdp_per_capita,LVA,2019,17294.9751600969
gdp_per_capita,LVA,2018,17252.1710428626
gdp_per_capita,LVA,2017,15132.4958333982
gdp_per_capita,LVA,2016,13838.5266823272
gdp_per_capita,LVA,2015,13321.9753140616
gdp_per_capita,LVA,2014,15185.814581236
gdp_per_capita,LVA,2013,14484.4715282132
gdp_per_capita,LVA,2012,13329.3499931271
gdp_per_capita,LVA,2011,12902.574053337
gdp_per_capita,LVA,2010,11188.4191700977
gdp_per_capita,MDA,2024,7578.90216348853
gdp_per_capita,MDA,2023,6799.58594644576
gdp_per_capita,MDA,2022,5744.29618434435
gdp_per_capita,MDA,2021,5274.60582195352
gdp_per_capita,MDA,2020,4375.7788930524
gdp_per_capita,MDA,2019,4405.33418162155
gdp_per_capita,MDA,2018,4156.44981956646
gdp_per_capita,MDA,2017,3453.26727720294
gdp_per_capita,MDA,2016,2847.08794770479
gdp_per_capita,MDA,2015,2749.55137054338
gdp_per_capita,MDA,2014,3289.95758568777
gdp_per_capita,MDA,2013,3321.04397795719
gdp_per_capita,MDA,2012,3044.8084324815
gdp_per_capita,MDA,2011,2941.36224066021
gdp_per_capita,MDA,2010,2436.79935102421
gdp_per_capita,MLT,2024,44023.6341078148
gdp_per_capita,MLT,2023,40932.5238774461
gdp_per_capita,MLT,2022,35658.8318250199
gdp_per_capita,MLT,2021,38078.0064279067
gdp_per_capita,MLT,2020,31823.422001724
gdp_per_capita,MLT,2019,32421.9087471186
gdp_per_capita,MLT,2018,33382.280781103
gdp_per_capita,MLT,2017,30317.2611769875
gdp_per_capita,MLT,2016,26459.0644285369
gdp_per_capita,MLT,2015,25529.6693210673
gdp_per_capita,MLT,2014,27424.5693619702
gdp_per_capita,MLT,2013,25415.5525389054
gdp_per_capita,MLT,2012,22878.3095862582
gdp_per_capita,MLT,2011,23516.972445816
gdp_per_capita,MLT,2010,21946.6073066905
gdp_per_capita,NLD,2024,67465.3208126875
gdp_per_capita,NLD,2023,63515.6030780019
gdp_per_capita,NLD,2022,59123.318556487
gdp_per_capita,NLD,2021,60141.9880911492
gdp_per_capita,NLD,2020,53467.9277413737
gdp_per_capita,NLD,2019,53554.9007491475
gdp_per_capita,NLD,2018,53955.0770024266
gdp_per_capita,NLD,2017,49513.6817346384
gdp_per_capita,NLD,2016,46808.5291492503
gdp_per_capita,NLD,2015,45793.8135434697
gdp_per_capita,NLD,2014,53457.2234864322
gdp_per_capita,NLD,2013,52602.2860520766
gdp_per_capita,NLD,2012,50473.9442002689
gdp_per_capita,NLD,2011,54701.7728030611
gdp_per_capita,NLD,2010,51305.7338533973
gdp_per_capita,POL,2024,25103.565661423
gdp_per_capita,POL,2023,22145.2660647429
gdp_per_capita,POL,2022,18891.2121169279
gdp_per_capita,POL,2021,18635.5104895754
gdp_per_capita,POL,2020,16150.9304813473
gdp_per_capita,POL,2019,15874.5220531254
gdp_per_capita,POL,2018,15658.210586693
gdp_per_capita,POL,2017,13913.3415190124
gdp_per_capita,POL,2016,12464.0121044827
gdp_per_capita,POL,2015,12637.5220324406
gdp_per_capita,POL,2014,14262.2841914116
gdp_per_capita,POL,2013,13621.9023794031
gdp_per_capita,POL,2012,13087.420943321
gdp_per_capita,POL,2011,13867.6669408192
gdp_per_capita,POL,2010,12567.7317676382
gdp_per_capita,PRT,2024,29328.3067415343
gdp_per_capita,PRT,2023,27634.6183139773
gdp_per_capita,PRT,2022,24620.5197587181
gdp_per_capita,PRT,2021,24711.4510062111
gdp_per_capita,PRT,2020,22299.4044062173
gdp_per_capita,PRT,2019,23343.3628970034
gdp_per_capita,PRT,2018,23541.1401075289
gdp_per_capita,PRT,2017,21442.3842768879
gdp_per_capita,PRT,2016,19980.2808866516
gdp_per_capita,PRT,2015,19215.7813014347
gdp_per_capita,PRT,2014,22120.6850127107
gdp_per_capita,PRT,2013,21676.4859642714
gdp_per_capita,PRT,2012,20593.4274224109
gdp_per_capita,PRT,2011,23246.5425416481
gdp_per_capita,PRT,2010,22551.935098809
gdp_per_capita,ROU,2024,20080.2096215595
gdp_per_capita,ROU,2023,18244.4186876321
gdp_per_capita,ROU,2022,15503.4691366242
gdp_per_capita,ROU,2021,14908.0412813921
gdp_per_capita,ROU,2020,13009.1525348396
gdp_per_capita,ROU,2019,12909.6104013244
gdp_per_capita,ROU,2018,12416.134317959
gdp_per_capita,ROU,2017,10727.9822007426
gdp_per_capita,ROU,2016,9404.54005870715
gdp_per_capita,ROU,2015,8977.01748158196
gdp_per_capita,ROU,2014,10031.7710755404
gdp_per_capita,ROU,2013,9497.67411615237
gdp_per_capita,ROU,2012,8929.95366231474
gdp_per_capita,ROU,2011,9560.6755277458
gdp_per_capita,ROU,2010,8399.5374234284
gdp_per_capita,SVK,2024,25992.6748502048
gdp_per_capita,SVK,2023,24614.8734642794
gdp_per_capita,SVK,2022,21317.7943982363
gdp_per_capita,SVK,2021,22123.3342114545
gdp_per_capita,SVK,2020,19735.4858280801
gdp_per_capita,SVK,2019,19406.0589683582
gdp_per_capita,SVK,2018,19573.3717031314
gdp_per_capita,SVK,2017,17645.5298716761
gdp_per_capita,SVK,2016,16636.0769133073
gdp_per_capita,SVK,2015,16442.0760860018
gdp_per_capita,SVK,2014,18770.9289896545
gdp_per_capita,SVK,2013,18312.7805149823
gdp_per_capita,SVK,2012,17516.9691054078
gdp_per_capita,SVK,2011,18469.4354316836
gdp_per_capita,SVK,2010,16899.448680529
gdp_per_capita,SVN,2024,34301.0318686594
gdp_per_capita,SVN,2023,32660.4753581346
gdp_per_capita,SVN,2022,28360.3041467268
gdp_per_capita,SVN,2021,29192.8401933019
gdp_per_capita,SVN,2020,25392.0651093612
gdp_per_capita,SVN,2019,25814.1687167572
gdp_per_capita,SVN,2018,25888.0481065655
gdp_per_capita,SVN,2017,23303.077705959
gdp_per_capita,SVN,2016,21447.8377796036
gdp_per_capita,SVN,2015,20697.2748530619
gdp_per_capita,SVN,2014,24013.0682060959
gdp_per_capita,SVN,2013,23236.9655321695
gdp_per_capita,SVN,2012,22442.1417859955
gdp_per_capita,SVN,2011,24940.6284841605
gdp_per_capita,SVN,2010,23329.8417691156
gdp_per_capita,SWE,2024,57222.7100565003
gdp_per_capita,SWE,2023,54950.2834725622
gdp_per_capita,SWE,2022,54836.8907235124
gdp_per_capita,SWE,2021,60647.5416365347
gdp_per_capita,SWE,2020,52568.5726980146
gdp_per_capita,SWE,2019,51648.9892820514
gdp_per_capita,SWE,2018,54018.4554391861
gdp_per_capita,SWE,2017,53210.2233318965
gdp_per_capita,SWE,2016,51703.5088332851
gdp_per_capita,SWE,2015,51188.1652120493
gdp_per_capita,SWE,2014,59583.4584491714
gdp_per_capita,SWE,2013,60843.9888799369
gdp_per_capita,SWE,2012,57749.5615420853
gdp_per_capita,SWE,2011,60379.4814599322
gdp_per_capita,SWE,2010,52542.5759090299
gdp_per_capita,UKR,2024,5391.62255859375
gdp_per_capita,UKR,2023,5139.59814453125
gdp_per_capita,UKR,2022,4199.6708984375
gdp_per_capita,UKR,2021,4775.94580078125
gdp_per_capita,UKR,2020,3709.76928710938
gdp_per_capita,UKR,2019,3619.86157226563
gdp_per_capita,UKR,2018,3059.0517578125
gdp_per_capita,UKR,2017,2604.28759765625
gdp_per_capita,UKR,2016,2158.46118164063
gdp_per_capita,UKR,2015,2094.47387695313
gdp_per_capita,UKR,2014,3054.908203125
gdp_per_capita,UKR,2013,4129.89697265625
gdp_per_capita,UKR,2012,3951.34228515625
gdp_per_capita,UKR,2011,3656.69799804688
gdp_per_capita,UKR,2010,3039.63232421875
urban_population_pct,ARM,2024,65.8113671449901
urban_population_pct,ARM,2023,65.6956882008852
urban_population_pct,ARM,2022,65.5624462874485
urban_population_pct,ARM,2021,65.3572875314441
urban_population_pct,ARM,2020,65.174217253699
urban_population_pct,ARM,2019,65.0047033570428
urban_population_pct,ARM,2018,64.8502833795679
urban_population_pct,ARM,2017,64.7124948593667
urban_population_pct,ARM,2016,64.5928753345316
urban_population_pct,ARM,2015,64.4929623431549
urban_population_pct,ARM,2014,64.4142934233291
urban_population_pct,ARM,2013,64.3584061131466
urban_population_pct,ARM,2012,64.3268379506998
urban_population_pct,ARM,2011,64.3207449145194
urban_population_pct,ARM,2010,64.3304164043132
urban_population_pct,AUT,2024,69.4658181096788
urban_population_pct,AUT,2023,69.2265358276021
urban_population_pct,AUT,2022,68.998085127906
urban_population_pct,AUT,2021,68.773601700253
urban_population_pct,AUT,2020,68.5410177924001
urban_population_pct,AUT,2019,68.3176044750522
urban_population_pct,AUT,2018,68.1046787227623
urban_population_pct,AUT,2017,67.9051196052802
urban_population_pct,AUT,2016,67.7218061923556
urban_population_pct,AUT,2015,67.5576175537383
urban_population_pct,AUT,2014,67.4154327591781
urban_population_pct,AUT,2013,67.2981308784247
urban_population_pct,AUT,2012,67.2085909812279
urban_population_pct,AUT,2011,67.1484255415056
urban_population_pct,AUT,2010,67.1047429254747
urban_population_pct,AZE,2024,58.573795837717
urban_population_pct,AZE,2023,58.5075350483702
urban_population_pct,AZE,2022,58.4382815854684
urban_population_pct,AZE,2021,58.3659969744818
urban_population_pct,AZE,2020,58.2934691761937
urban_population_pct,AZE,2019,58.1308191977779
urban_population_pct,AZE,2018,57.1841534654123
urban_population_pct,AZE,2017,56.4331887124691
urban_population_pct,AZE,2016,55.7574797205266
urban_population_pct,AZE,2015,55.1570486328276
urban_population_pct,AZE,2014,54.6319175926151
urban_population_pct,AZE,2013,54.1821087431318
urban_population_pct,AZE,2012,53.8076442276208
urban_population_pct,AZE,2011,53.5085461893249
urban_population_pct,AZE,2010,53.2848367714869
urban_population_pct,BEL,2024,87.6126557010527
urban_population_pct,BEL,2023,87.551492636772
urban_population_pct,BEL,2022,87.489200269855
urban_population_pct,BEL,2021,87.4305564090635
urban_population_pct,BEL,2020,87.2964994991269
urban_population_pct,BEL,2019,87.0961631189222
urban_population_pct,BEL,2018,86.8883449485575
urban_population_pct,BEL,2017,86.6731739531869
urban_population_pct,BEL,2016,86.4507790979645
urban_population_pct,BEL,2015,86.2212893480444
urban_population_pct,BEL,2014,85.9848336685807
urban_population_pct,BEL,2013,85.7415410247275
urban_population_pct,BEL,2012,85.4915403816388
urban_population_pct,BEL,2011,85.2349607044689
urban_population_pct,BEL,2010,84.9719309583717
urban_population_pct,BGR,2024,73.9499356882481
urban_population_pct,BGR,2023,73.7322671584613
urban_population_pct,BGR,2022,73.4799164005224
urban_population_pct,BGR,2021,73.346765618041
urban_population_pct,BGR,2020,73.3239898681641
urban_population_pct,BGR,2019,73.7162322998047
urban_population_pct,BGR,2018,73.600212097168
urban_population_pct,BGR,2017,73.3904571533203
urban_population_pct,BGR,2016,73.1750030517578
urban_population_pct,BGR,2015,73.1030578613281
urban_population_pct,BGR,2014,73.0844879150391
urban_population_pct,BGR,2013,72.9632821572019
urban_population_pct,BGR,2012,72.7684860229492
urban_population_pct,BGR,2011,72.6101653885532
urban_population_pct,BGR,2010,71.5149307250977
urban_population_pct,BLR,2024,79.1551015210848
urban_population_pct,BLR,2023,78.8146420666327
urban_population_pct,BLR,2022,78.4732787892908
urban_population_pct,BLR,2021,78.131086803694
urban_population_pct,BLR,2020,77.7890385790408
urban_population_pct,BLR,2019,77.4550771852757
urban_population_pct,BLR,2018,77.2132720947266
urban_population_pct,BLR,2017,77.0208206176758
urban_population_pct,BLR,2016,76.8458709716797
urban_population_pct,BLR,2015,76.6263885498047
urban_population_pct,BLR,2014,76.3405227661133
urban_population_pct,BLR,2013,75.94970703125
urban_population_pct,BLR,2012,75.5281066894531
urban_population_pct,BLR,2011,75.0597534179688
urban_population_pct,BLR,2010,74.5501403808594
urban_population_pct,CYP,2024,66.6824259192483
urban_population_pct,CYP,2023,66.6739477522639
urban_population_pct,CYP,2022,66.6694829407584
urban_population_pct,CYP,2021,66.6718365394971
urban_population_pct,CYP,2020,66.7180443478713
urban_population_pct,CYP,2019,66.7677357070518
urban_population_pct,CYP,2018,66.8255530496405
urban_population_pct,CYP,2017,66.8907450570326
urban_population_pct,CYP,2016,66.9625604106231
urban_population_pct,CYP,2015,67.0402477918073
urban_population_pct,CYP,2014,67.1230558819804
urban_population_pct,CYP,2013,67.2102333625375
urban_population_pct,CYP,2012,67.3010289148738
urban_population_pct,CYP,2011,67.3979892758544
urban_population_pct,CYP,2010,67.5229111556342
urban_population_pct,CZE,2024,72.7947984592185
urban_population_pct,CZE,2023,72.7352388396817
urban_population_pct,CZE,2022,72.6967638379524
urban_population_pct,CZE,2021,72.6810594374316
urban_population_pct,CZE,2020,72.7254901604208
urban_population_pct,CZE,2019,72.7876426709563
urban_population_pct,CZE,2018,72.8498744351241
urban_population_pct,CZE,2017,72.9121853567256
urban_population_pct,CZE,2016,72.9745753395623
urban_population_pct,CZE,2015,73.0370442874355
urban_population_pct,CZE,2014,73.0995921041469
urban_population_pct,CZE,2013,73.1622186934979
urban_population_pct,CZE,2012,73.2249239592898
urban_population_pct,CZE,2011,73.2878338394746
urban_population_pct,CZE,2010,73.3495599222723
urban_population_pct,DEU,2024,82.0211432579125
urban_population_pct,DEU,2023,81.9034366692129
urban_population_pct,DEU,2022,81.7867852780995
urban_population_pct,DEU,2021,81.6325870653934
urban_population_pct,DEU,2020,81.4700055002738
urban_population_pct,DEU,2019,81.3053991689039
urban_population_pct,DEU,2018,81.1423036204018
urban_population_pct,DEU,2017,80.9842544038853
urban_population_pct,DEU,2016,80.8347870684725
urban_population_pct,DEU,2015,80.6974371632814
urban_population_pct,DEU,2014,80.57574023743
urban_population_pct,DEU,2013,80.4732318400362
urban_population_pct,DEU,2012,80.393447520218
urban_population_pct,DEU,2011,80.3405762928198
urban_population_pct,DEU,2010,80.305702559949
urban_population_pct,DNK,2024,88.6960552688405
urban_population_pct,DNK,2023,88.552638542867
urban_population_pct,DNK,2022,88.3880239837703
urban_population_pct,DNK,2021,88.2616449318149
urban_population_pct,DNK,2020,88.2394485473632
urban_population_pct,DNK,2019,88.2096490810669
urban_population_pct,DNK,2018,88.1059762310689
urban_population_pct,DNK,2017,88.0161943799509
urban_population_pct,DNK,2016,87.6999969482422
urban_population_pct,DNK,2015,87.7254056577329
urban_population_pct,DNK,2014,87.6823985731907
urban_population_pct,DNK,2013,87.5436524760432
urban_population_pct,DNK,2012,87.2336196899414
urban_population_pct,DNK,2011,87.1567653955846
urban_population_pct,DNK,2010,86.8652420043945
urban_population_pct,ESP,2024,80.315199821207
urban_population_pct,ESP,2023,80.128491001856
urban_population_pct,ESP,2022,79.9548794567814
urban_population_pct,ESP,2021,79.7846242983598
urban_population_pct,ESP,2020,79.6955674617799
urban_population_pct,ESP,2019,79.6349761108307
urban_population_pct,ESP,2018,79.5580057813361
urban_population_pct,ESP,2017,79.4663233085683
urban_population_pct,ESP,2016,79.3615955277997
urban_population_pct,ESP,2015,79.2454892743023
urban_population_pct,ESP,2014,79.1196713833488
urban_population_pct,ESP,2013,78.9858086902112
urban_population_pct,ESP,2012,78.8455680301618
urban_population_pct,ESP,2011,78.695397956495
urban_population_pct,ESP,2010,78.5138156234888
urban_population_pct,EST,2024,70.6981161541961
urban_population_pct,EST,2023,70.6770085523126
urban_population_pct,EST,2022,70.4892333736738
urban_population_pct,EST,2021,70.1777274135822
urban_population_pct,EST,2020,69.8815778947665
urban_population_pct,EST,2019,69.5787397662154
urban_population_pct,EST,2018,69.2803532930133
urban_population_pct,EST,2017,68.9931941915158
urban_population_pct,EST,2016,68.724038178078
urban_population_pct,EST,2015,68.4796609690553
urban_population_pct,EST,2014,68.2668382808032
urban_population_pct,EST,2013,68.0923458296768
urban_population_pct,EST,2012,67.9629593320316
urban_population_pct,EST,2011,67.8775556334506
urban_population_pct,EST,2010,67.8048042926262
urban_population_pct,FIN,2024,74.2637190463636
urban_population_pct,FIN,2023,74.0062548602828
urban_population_pct,FIN,2022,73.6967597835949
urban_population_pct,FIN,2021,73.3710215780329
urban_population_pct,FIN,2020,73.0849439791673
urban_population_pct,FIN,2019,72.7431214358314
urban_population_pct,FIN,2018,72.3423467740343
urban_population_pct,FIN,2017,71.9563038312956
urban_population_pct,FIN,2016,71.6158383428171
urban_population_pct,FIN,2015,71.3054930040604
urban_population_pct,FIN,2014,70.9879168940753
urban_population_pct,FIN,2013,70.6742118159277
urban_population_pct,FIN,2012,70.3661363168712
urban_population_pct,FIN,2011,70.0583261874252
urban_population_pct,FIN,2010,69.7855798796947
urban_population_pct,FRA,2024,78.7999750964116
urban_population_pct,FRA,2023,78.7804323126547
urban_population_pct,FRA,2022,78.7591921123356
urban_population_pct,FRA,2021,78.7364603392338
urban_population_pct,FRA,2020,78.7119131765249
urban_population_pct,FRA,2019,78.6890784549356
urban_population_pct,FRA,2018,78.6714432536599
urban_population_pct,FRA,2017,78.6467804026368
urban_population_pct,FRA,2016,78.5999114705779
urban_population_pct,FRA,2015,77.7610919150066
urban_population_pct,FRA,2014,77.3524296788613
urban_population_pct,FRA,2013,77.2440721470918
urban_population_pct,FRA,2012,77.1669464919916
urban_population_pct,FRA,2011,77.1182717387509
urban_population_pct,FRA,2010,77.0962844808803
urban_population_pct,GEO,2024,61.0789605093733
urban_population_pct,GEO,2023,60.7523077799724
urban_population_pct,GEO,2022,60.0101622679115
urban_population_pct,GEO,2021,59.4293560618005
urban_population_pct,GEO,2020,58.9990552763878
urban_population_pct,GEO,2019,58.6304091780343
urban_population_pct,GEO,2018,58.3038181862576
urban_population_pct,GEO,2017,57.9996827205757
urban_population_pct,GEO,2016,57.6984032005062
urban_population_pct,GEO,2015,57.3803800455672
urban_population_pct,GEO,2014,57.0237612994258
urban_population_pct,GEO,2013,56.6182119019407
urban_population_pct,GEO,2012,56.1683526759979
urban_population_pct,GEO,2011,55.6899257648533
urban_population_pct,GEO,2010,55.1969344748228
urban_population_pct,GRC,2024,78.9967856500534
urban_population_pct,GRC,2023,78.7746303842088
urban_population_pct,GRC,2022,78.5502190980809
urban_population_pct,GRC,2021,78.3884898647442
urban_population_pct,GRC,2020,78.3066842455552
urban_population_pct,GRC,2019,78.1888100466875
urban_population_pct,GRC,2018,78.0490656849874
urban_population_pct,GRC,2017,77.8895342613411
urban_population_pct,GRC,2016,77.7122988766348
urban_population_pct,GRC,2015,77.5194426317545
urban_population_pct,GRC,2014,77.3130486275866
urban_population_pct,GRC,2013,77.0951999650171
urban_population_pct,GRC,2012,76.8679797449322
urban_population_pct,GRC,2011,76.6352609929407
urban_population_pct,GRC,2010,76.3631476983077
urban_population_pct,HRV,2024,57.5158981711443
urban_population_pct,HRV,2023,57.2431560672198
urban_population_pct,HRV,2022,56.9977571733605
urban_population_pct,HRV,2021,56.7683502560171
urban_population_pct,HRV,2020,56.5284863367411
urban_population_pct,HRV,2019,56.303247958306
urban_population_pct,HRV,2018,56.093170097094
urban_population_pct,HRV,2017,55.9009887365155
urban_population_pct,HRV,2016,55.7294398599808
urban_population_pct,HRV,2015,55.5812594509004
urban_population_pct,HRV,2014,55.4591834926844
urban_population_pct,HRV,2013,55.3659479687433
urban_population_pct,HRV,2012,55.3042888624873
urban_population_pct,HRV,2011,55.2773793281248
urban_population_pct,HRV,2010,55.2824979327886
urban_population_pct,HUN,2024,70.491825943218
urban_population_pct,HUN,2023,70.2923026891431
urban_population_pct,HUN,2022,70.1585064243445
urban_population_pct,HUN,2021,70.2059275331413
urban_population_pct,HUN,2020,70.2917327880859
urban_population_pct,HUN,2019,70.4565277099609
urban_population_pct,HUN,2018,70.4711761474609
urban_population_pct,HUN,2017,70.4542541503906
urban_population_pct,HUN,2016,70.4733810424805
urban_population_pct,HUN,2015,70.4847717285156
urban_population_pct,HUN,2014,70.3071053512008
urban_population_pct,HUN,2013,69.9277636266638
urban_population_pct,HUN,2012,69.5772326660156
urban_population_pct,HUN,2011,69.4779934082031
urban_population_pct,HUN,2010,69.5305480957031
urban_population_pct,IRL,2024,64.3470379255585
urban_population_pct,IRL,2023,64.1152082461268
urban_population_pct,IRL,2022,63.8920250215059
urban_population_pct,IRL,2021,63.6774229356985
urban_population_pct,IRL,2020,63.4713366724915
urban_population_pct,IRL,2019,63.2737009154127
urban_population_pct,IRL,2018,63.0844503476779
urban_population_pct,IRL,2017,62.9035196521232
urban_population_pct,IRL,2016,62.7229399123734
urban_population_pct,IRL,2015,62.6392123492764
urban_population_pct,IRL,2014,62.535401730577
urban_population_pct,IRL,2013,62.4047157756118
urban_population_pct,IRL,2012,62.2529318511038
urban_population_pct,IRL,2011,62.0872735820277
urban_population_pct,IRL,2010,61.8910689348512
urban_population_pct,ITA,2024,69.6047535143071
urban_population_pct,ITA,2023,69.5381540123301
urban_population_pct,ITA,2022,69.4839779766539
urban_population_pct,ITA,2021,69.4812507629394
urban_population_pct,ITA,2020,69.5187492370606
urban_population_pct,ITA,2019,69.5050010681153
urban_population_pct,ITA,2018,69.4800033569336
urban_population_pct,ITA,2017,69.5180784259382
urban_population_pct,ITA,2016,69.5969232525286
urban_population_pct,ITA,2015,69.6100006103516
urban_population_pct,ITA,2014,69.5807638614879
urban_population_pct,ITA,2013,69.3073989916076
urban_population_pct,ITA,2012,68.7608794235259
urban_population_pct,ITA,2011,68.4015073889511
urban_population_pct,ITA,2010,68.2163741829857
urban_population_pct,LTU,2024,68.8285833315315
urban_population_pct,LTU,2023,68.575454583199
urban_population_pct,LTU,2022,68.2866452426813
urban_population_pct,LTU,2021,68.1912117004395
urban_population_pct,LTU,2020,67.4254608154297
urban_population_pct,LTU,2019,67.245735168457
urban_population_pct,LTU,2018,67.1464742010457
urban_population_pct,LTU,2017,67.1012954711914
urban_population_pct,LTU,2016,67.1894226074219
urban_population_pct,LTU,2015,67.2282485961914
urban_population_pct,LTU,2014,67.1514937628023
urban_population_pct,LTU,2013,67.0092086791992
urban_population_pct,LTU,2012,66.8536758422852
urban_population_pct,LTU,2011,66.7518340055756
urban_population_pct,LTU,2010,66.7712860107422
urban_population_pct,LUX,2024,94.8438702866393
urban_population_pct,LUX,2023,94.8015300320787
urban_population_pct,LUX,2022,94.7605400940185
urban_population_pct,LUX,2021,94.5861743396533
urban_population_pct,LUX,2020,93.8600689970981
urban_population_pct,LUX,2019,93.2589839734767
urban_population_pct,LUX,2018,92.6709441899184
urban_population_pct,LUX,2017,92.0963768119916
urban_population_pct,LUX,2016,91.5357090052649
urban_population_pct,LUX,2015,90.9893679353068
urban_population_pct,LUX,2014,90.4577807676859
urban_population_pct,LUX,2013,89.9413746679705
urban_population_pct,LUX,2012,89.4405768017292
urban_population_pct,LUX,2011,88.9562814837254
urban_population_pct,LUX,2010,88.48791681658
urban_population_pct,LVA,2024,68.4839492628509
urban_population_pct,LVA,2023,68.3586316343061
urban_population_pct,LVA,2022,68.2570218109034
urban_population_pct,LVA,2021,68.1808791463693
urban_population_pct,LVA,2020,68.1211222872228
urban_population_pct,LVA,2019,68.066323694246
urban_population_pct,LVA,2018,68.0160346376376
urban_population_pct,LVA,2017,67.9706866054779
urban_population_pct,LVA,2016,67.9307110858472
urban_population_pct,LVA,2015,67.8965395668259
urban_population_pct,LVA,2014,67.8686035364944
urban_population_pct,LVA,2013,67.847334482933
urban_population_pct,LVA,2012,67.8331638942219
urban_population_pct,LVA,2011,67.8266897008267
urban_population_pct,LVA,2010,67.8270681752453
urban_population_pct,MDA,2024,43.516471862793
urban_population_pct,MDA,2023,43.0011825561523
urban_population_pct,MDA,2022,42.4048843383789
urban_population_pct,MDA,2021,41.8115425109863
urban_population_pct,MDA,2020,41.3368530273438
urban_population_pct,MDA,2019,40.772289276123
urban_population_pct,MDA,2018,40.3258094787598
urban_population_pct,MDA,2017,39.9736557006836
urban_population_pct,MDA,2016,39.7373237609863
urban_population_pct,MDA,2015,39.6954040527344
urban_population_pct,MDA,2014,39.6298484802246
urban_population_pct,MDA,2013,39.4275512695312
urban_population_pct,MDA,2012,39.3614196777344
urban_population_pct,MDA,2011,39.3469161987305
urban_population_pct,MDA,2010,39.2804946899414
urban_population_pct,MLT,2024,95.6546264490509
urban_population_pct,MLT,2023,95.6272277147965
urban_population_pct,MLT,2022,95.6003155132879
urban_population_pct,MLT,2021,95.5145343617045
urban_population_pct,MLT,2020,95.1841082280263
urban_population_pct,MLT,2019,94.9332032524644
urban_population_pct,MLT,2018,94.7242373261706
urban_population_pct,MLT,2017,94.5691806330314
urban_population_pct,MLT,2016,94.4800033569336
urban_population_pct,MLT,2015,94.4387696268011
urban_population_pct,MLT,2014,94.412512773898
urban_population_pct,MLT,2013,94.3906567856206
urban_population_pct,MLT,2012,94.3626256493653
urban_population_pct,MLT,2011,94.3155916422812
urban_population_pct,MLT,2010,94.2412435620154
urban_population_pct,NLD,2024,95.6396517079336
urban_population_pct,NLD,2023,95.3221682092129
urban_population_pct,NLD,2022,94.9856177734136
urban_population_pct,NLD,2021,94.6294783220315
urban_population_pct,NLD,2020,94.2532277765935
urban_population_pct,NLD,2019,93.8898028856479
urban_population_pct,NLD,2018,92.6062472401044
urban_population_pct,NLD,2017,91.1219700676602
urban_population_pct,NLD,2016,90.5803239452777
urban_population_pct,NLD,2015,90.2787737214621
urban_population_pct,NLD,2014,89.8364787097165
urban_population_pct,NLD,2013,89.1749992370605
urban_population_pct,NLD,2012,88.5342462391333
urban_population_pct,NLD,2011,88.0059204972573
urban_population_pct,NLD,2010,87.3502790247129
urban_population_pct,POL,2024,59.9705468695101
urban_population_pct,POL,2023,59.8859561370214
urban_population_pct,POL,2022,59.8315488048321
urban_population_pct,POL,2021,59.8096513205543
urban_population_pct,POL,2020,59.8738141138092
urban_population_pct,POL,2019,59.9626184068963
urban_population_pct,POL,2018,60.0533306480907
urban_population_pct,POL,2017,60.145888199417
urban_population_pct,POL,2016,60.2402284228997
urban_population_pct,POL,2015,60.3362886805635
urban_population_pct,POL,2014,60.4340063344328
urban_population_pct,POL,2013,60.5333187465323
urban_population_pct,POL,2012,60.6341632788866
urban_population_pct,POL,2011,60.7357090652544
urban_population_pct,POL,2010,60.8474783987677
urban_population_pct,PRT,2024,61.3281907341332
urban_population_pct,PRT,2023,61.2048652633664
urban_population_pct,PRT,2022,61.1259255772782
urban_population_pct,PRT,2021,61.0951249296597
urban_population_pct,PRT,2020,61.1042566768691
urban_population_pct,PRT,2019,61.114927250613
urban_population_pct,PRT,2018,61.1233069673808
urban_population_pct,PRT,2017,61.1296726507436
urban_population_pct,PRT,2016,61.1343011242723
urban_population_pct,PRT,2015,61.137469211538
urban_population_pct,PRT,2014,61.1394537361116
urban_population_pct,PRT,2013,61.1405315215642
urban_population_pct,PRT,2012,61.1409793914666
urban_population_pct,PRT,2011,61.1410698395502
urban_population_pct,PRT,2010,61.0788867241731
urban_population_pct,ROU,2024,52.1674778928768
urban_population_pct,ROU,2023,52.1645747011867
urban_population_pct,ROU,2022,52.1634832477272
urban_population_pct,ROU,2021,52.2321512130811
urban_population_pct,ROU,2020,52.611947245178
urban_population_pct,ROU,2019,52.8931835224862
urban_population_pct,ROU,2018,53.1445711571868
urban_population_pct,ROU,2017,53.3648643239046
urban_population_pct,ROU,2016,53.5528171972639
urban_population_pct,ROU,2015,53.7071839518893
urban_population_pct,ROU,2014,53.8267187624053
urban_population_pct,ROU,2013,53.9101758034365
urban_population_pct,ROU,2012,53.9563092496073
urban_population_pct,ROU,2011,53.9608874244169
urban_population_pct,ROU,2010,53.9038227941329
urban_population_pct,SVK,2024,53.1919702985684
urban_population_pct,SVK,2023,53.190805019646
urban_population_pct,SVK,2022,53.1902831072528
urban_population_pct,SVK,2021,53.1901479870605
urban_population_pct,SVK,2020,53.2481998906526
urban_population_pct,SVK,2019,53.3666558664583
urban_population_pct,SVK,2018,53.4881496935559
urban_population_pct,SVK,2017,53.6126018237016
urban_population_pct,SVK,2016,53.7399327086517
urban_population_pct,SVK,2015,53.8700628001622
urban_population_pct,SVK,2014,54.0029125499893
urban_population_pct,SVK,2013,54.1384024098892
urban_population_pct,SVK,2012,54.2764528316182
urban_population_pct,SVK,2011,54.4167387988534
urban_population_pct,SVK,2010,54.5650740704331
urban_population_pct,SVN,2024,55.7577708405917
urban_population_pct,SVN,2023,55.5378927789875
urban_population_pct,SVN,2022,55.3377817873563
urban_population_pct,SVN,2021,55.3046289429588
urban_population_pct,SVN,2020,55.384391784668
urban_population_pct,SVN,2019,55.4523277282715
urban_population_pct,SVN,2018,55.1913430955675
urban_population_pct,SVN,2017,55.2451133728027
urban_population_pct,SVN,2016,53.647274017334
urban_population_pct,SVN,2015,53.6612160294144
urban_population_pct,SVN,2014,50.983470916748
urban_population_pct,SVN,2013,50.0466580754027
urban_population_pct,SVN,2012,49.7619476318359
urban_population_pct,SVN,2011,49.9463818748723
urban_population_pct,SVN,2010,50.1194862794826
urban_population_pct,SWE,2024,88.8559748346228
urban_population_pct,SWE,2023,88.631216160938
urban_population_pct,SWE,2022,88.4038576504809
urban_population_pct,SWE,2021,88.1741651958315
urban_population_pct,SWE,2020,87.9424046895699
urban_population_pct,SWE,2019,87.7088420242759
urban_population_pct,SWE,2018,87.4737430925296
urban_population_pct,SWE,2017,87.237373786911
urban_population_pct,SWE,2016,87.0
urban_population_pct,SWE,2015,86.6158654081858
urban_population_pct,SWE,2014,86.2563838747314
urban_population_pct,SWE,2013,85.9249771259894
urban_population_pct,SWE,2012,85.6250668883122
urban_population_pct,SWE,2011,85.3600748880524
urban_population_pct,SWE,2010,85.1334228515625
urban_population_pct,UKR,2024,69.5315643200148
urban_population_pct,UKR,2023,69.4754455027606
urban_population_pct,UKR,2022,69.42345912103
urban_population_pct,UKR,2021,69.4027032653896
urban_population_pct,UKR,2020,69.3839100516745
urban_population_pct,UKR,2019,69.3527648708735
urban_population_pct,UKR,2018,69.3157992777909
urban_population_pct,UKR,2017,69.2633108489282
urban_population_pct,UKR,2016,69.2102241609089
urban_population_pct,UKR,2015,69.1587317201337
urban_population_pct,UKR,2014,69.0554339301313
urban_population_pct,UKR,2013,68.9326288082226
urban_population_pct,UKR,2012,68.8241983107739
urban_population_pct,UKR,2011,68.7234299826222
urban_population_pct,UKR,2010,68.637397133357
education_tertiary_pct,ARM,2024,52.7748065090859
education_tertiary_pct,ARM,2023,56.2770051010456
education_tertiary_pct,ARM,2022,57.1818422625098
education_tertiary_pct,ARM,2021,56.6235144830279
education_tertiary_pct,ARM,2020,52.3331534448642
education_tertiary_pct,ARM,2019,53.5944174785534
education_tertiary_pct,ARM,2018,57.4585357681354
education_tertiary_pct,ARM,2017,55.5065519523494
education_tertiary_pct,ARM,2016,54.3432877365993
education_tertiary_pct,ARM,2015,48.7313687040259
education_tertiary_pct,ARM,2014,47.7150849538629
education_tertiary_pct,ARM,2013,44.8347790892711
education_tertiary_pct,ARM,2012,44.4855719494927
education_tertiary_pct,ARM,2011,51.2949290708131
education_tertiary_pct,ARM,2010,50.5839875932926
education_tertiary_pct,AUT,2024,92.6126708984375
education_tertiary_pct,AUT,2023,91.6818237304688
education_tertiary_pct,AUT,2022,94.5116882324219
education_tertiary_pct,AUT,2021,93.940071105957
education_tertiary_pct,AUT,2020,88.7071990966797
education_tertiary_pct,AUT,2019,86.3234329223633
education_tertiary_pct,AUT,2018,85.8698883056641
education_tertiary_pct,AUT,2017,83.8392562866211
education_tertiary_pct,AUT,2016,82.8496932983398
education_tertiary_pct,AUT,2015,82.2563095092773
education_tertiary_pct,AUT,2014,81.0195693969727
education_tertiary_pct,AUT,2013,80.9616012573242
education_tertiary_pct,AUT,2012,79.5471267700195
education_tertiary_pct,AUT,2011,77.2625122070312
education_tertiary_pct,AUT,2010,75.0402526855469
education_tertiary_pct,AZE,2024,41.3413783372226
education_tertiary_pct,AZE,2023,41.3907560278377
education_tertiary_pct,AZE,2022,41.0017793895325
education_tertiary_pct,AZE,2021,39.0095977224788
education_tertiary_pct,AZE,2020,36.3854742250215
education_tertiary_pct,AZE,2019,32.9221812477847
education_tertiary_pct,AZE,2018,28.9724903670069
education_tertiary_pct,AZE,2017,28.4670565431322
education_tertiary_pct,AZE,2016,27.2368629930846
education_tertiary_pct,AZE,2015,25.4831961094662
education_tertiary_pct,AZE,2014,23.1597349800287
education_tertiary_pct,AZE,2013,21.4404253568261
education_tertiary_pct,AZE,2012,20.4384614704139
education_tertiary_pct,AZE,2011,19.6473062365442
education_tertiary_pct,AZE,2010,19.2600431394615
education_tertiary_pct,BEL,2024,
education_tertiary_pct,BEL,2023,82.1475601196289
education_tertiary_pct,BEL,2022,83.5736465454102
education_tertiary_pct,BEL,2021,82.6882019042969
education_tertiary_pct,BEL,2020,79.4996032714844
education_tertiary_pct,BEL,2019,79.3044815063477
education_tertiary_pct,BEL,2018,79.1237487792969
education_tertiary_pct,BEL,2017,80.7738189697266
education_tertiary_pct,BEL,2016,77.2435073852539
education_tertiary_pct,BEL,2015,76.423942565918
education_tertiary_pct,BEL,2014,74.0397262573242
education_tertiary_pct,BEL,2013,71.7841110229492
education_tertiary_pct,BEL,2012,69.7490615844727
education_tertiary_pct,BEL,2011,67.7034072875977
education_tertiary_pct,BEL,2010,66.8578872680664
education_tertiary_pct,BGR,2024,69.5460433959961
education_tertiary_pct,BGR,2023,79.8532333374023
education_tertiary_pct,BGR,2022,84.1293563842773
education_tertiary_pct,BGR,2021,85.3017501831055
education_tertiary_pct,BGR,2020,85.5331115722656
education_tertiary_pct,BGR,2019,84.7503128051758
education_tertiary_pct,BGR,2018,83.134880065918
education_tertiary_pct,BGR,2017,81.2245864868164
education_tertiary_pct,BGR,2016,80.6399612426758
education_tertiary_pct,BGR,2015,78.2999572753906
education_tertiary_pct,BGR,2014,72.981559753418
education_tertiary_pct,BGR,2013,68.2013397216797
education_tertiary_pct,BGR,2012,62.1616516113281
education_tertiary_pct,BGR,2011,59.8246803283691
education_tertiary_pct,BGR,2010,58.354850769043
education_tertiary_pct,BLR,2024,70.1107509145358
education_tertiary_pct,BLR,2023,72.8250212584046
education_tertiary_pct,BLR,2022,77.0977334087936
education_tertiary_pct,BLR,2021,78.6027133367864
education_tertiary_pct,BLR,2020,79.900160036935
education_tertiary_pct,BLR,2019,81.2921953254514
education_tertiary_pct,BLR,2018,84.7097808751504
education_tertiary_pct,BLR,2017,89.4706479354735
education_tertiary_pct,BLR,2016,91.5206757734477
education_tertiary_pct,BLR,2015,93.7888271999214
education_tertiary_pct,BLR,2014,94.316359554493
education_tertiary_pct,BLR,2013,95.4975003100193
education_tertiary_pct,BLR,2012,93.4729592664074
education_tertiary_pct,BLR,2011,87.3373753061346
education_tertiary_pct,BLR,2010,80.1169697729485
education_tertiary_pct,CYP,2024,120.87727355957
education_tertiary_pct,CYP,2023,107.26212310791
education_tertiary_pct,CYP,2022,105.384979248047
education_tertiary_pct,CYP,2021,106.362930297852
education_tertiary_pct,CYP,2020,102.390762329102
education_tertiary_pct,CYP,2019,93.9260711669922
education_tertiary_pct,CYP,2018,86.5899276733398
education_tertiary_pct,CYP,2017,79.827522277832
education_tertiary_pct,CYP,2016,68.3754730224609
education_tertiary_pct,CYP,2015,59.8640594482422
education_tertiary_pct,CYP,2014,52.1083793640137
education_tertiary_pct,CYP,2013,47.470890045166
education_tertiary_pct,CYP,2012,45.8635902404785
education_tertiary_pct,CYP,2011,46.5397300720215
education_tertiary_pct,CYP,2010,48.311580657959
education_tertiary_pct,CZE,2024,
education_tertiary_pct,CZE,2023,66.7282867431641
education_tertiary_pct,CZE,2022,70.8145904541016
education_tertiary_pct,CZE,2021,69.8369293212891
education_tertiary_pct,CZE,2020,67.1843719482422
education_tertiary_pct,CZE,2019,66.8802185058594
education_tertiary_pct,CZE,2018,66.7902221679688
education_tertiary_pct,CZE,2017,67.7142181396484
education_tertiary_pct,CZE,2016,67.5056381225586
education_tertiary_pct,CZE,2015,67.2303619384766
education_tertiary_pct,CZE,2014,67.3959732055664
education_tertiary_pct,CZE,2013,66.3243179321289
education_tertiary_pct,CZE,2012,66.9287719726562
education_tertiary_pct,CZE,2011,66.7968215942383
education_tertiary_pct,CZE,2010,64.9327697753906
education_tertiary_pct,DEU,2024,76.7096862792969
education_tertiary_pct,DEU,2023,78.5947494506836
education_tertiary_pct,DEU,2022,77.3656997680664
education_tertiary_pct,DEU,2021,75.6655426025391
education_tertiary_pct,DEU,2020,72.3894195556641
education_tertiary_pct,DEU,2019,72.705078125
education_tertiary_pct,DEU,2018,69.1634292602539
education_tertiary_pct,DEU,2017,68.4692306518555
education_tertiary_pct,DEU,2016,67.9464111328125
education_tertiary_pct,DEU,2015,68.23291015625
education_tertiary_pct,DEU,2014,65.1844787597656
education_tertiary_pct,DEU,2013,60.8984489440918
education_tertiary_pct,DEU,2012,
education_tertiary_pct,DEU,2011,
education_tertiary_pct,DEU,2010,
education_tertiary_pct,DNK,2024,78.9604110717773
education_tertiary_pct,DNK,2023,81.2308197021484
education_tertiary_pct,DNK,2022,84.5866088867188
education_tertiary_pct,DNK,2021,83.982292175293
education_tertiary_pct,DNK,2020,82.6643295288086
education_tertiary_pct,DNK,2019,81.6945877075195
education_tertiary_pct,DNK,2018,81.1405487060547
education_tertiary_pct,DNK,2017,81.3220062255859
education_tertiary_pct,DNK,2016,82.1714935302734
education_tertiary_pct,DNK,2015,83.300407409668
education_tertiary_pct,DNK,2014,81.3143615722656
education_tertiary_pct,DNK,2013,80.4186782836914
education_tertiary_pct,DNK,2012,77.7465515136719
education_tertiary_pct,DNK,2011,75.9300231933594
education_tertiary_pct,DNK,2010,72.4951477050781
education_tertiary_pct,ESP,2024,93.7689666748047
education_tertiary_pct,ESP,2023,93.7303466796875
education_tertiary_pct,ESP,2022,95.0271606445312
education_tertiary_pct,ESP,2021,95.3768997192383
education_tertiary_pct,ESP,2020,91.59912109375
education_tertiary_pct,ESP,2019,91.5387725830078
education_tertiary_pct,ESP,2018,92.5194931030273
education_tertiary_pct,ESP,2017,92.070182800293
education_tertiary_pct,ESP,2016,89.810791015625
education_tertiary_pct,ESP,2015,88.5305328369141
education_tertiary_pct,ESP,2014,87.9358520507812
education_tertiary_pct,ESP,2013,85.1826324462891
education_tertiary_pct,ESP,2012,82.89208984375
education_tertiary_pct,ESP,2011,80.7240905761719
education_tertiary_pct,ESP,2010,76.3829116821289
education_tertiary_pct,EST,2024,65.6692276000977
education_tertiary_pct,EST,2023,67.6179275512695
education_tertiary_pct,EST,2022,71.4251937866211
education_tertiary_pct,EST,2021,73.1502075195312
education_tertiary_pct,EST,2020,72.0443572998047
education_tertiary_pct,EST,2019,72.7060317993164
education_tertiary_pct,EST,2018,72.0659637451172
education_tertiary_pct,EST,2017,72.1369781494141
education_tertiary_pct,EST,2016,73.0334320068359
education_tertiary_pct,EST,2015,74.5832824707031
education_tertiary_pct,EST,2014,76.2024536132812
education_tertiary_pct,EST,2013,75.4523162841797
education_tertiary_pct,EST,2012,72.9364700317383
education_tertiary_pct,EST,2011,71.0235290527344
education_tertiary_pct,EST,2010,68.7101593017578
education_tertiary_pct,FIN,2024,110.304496765137
education_tertiary_pct,FIN,2023,108.130409240723
education_tertiary_pct,FIN,2022,104.944221496582
education_tertiary_pct,FIN,2021,100.868072509766
education_tertiary_pct,FIN,2020,96.4726333618164
education_tertiary_pct,FIN,2019,94.5891189575195
education_tertiary_pct,FIN,2018,92.3850021362305
education_tertiary_pct,FIN,2017,90.6983871459961
education_tertiary_pct,FIN,2016,89.3280029296875
education_tertiary_pct,FIN,2015,89.6573791503906
education_tertiary_pct,FIN,2014,89.9938812255859
education_tertiary_pct,FIN,2013,91.2365264892578
education_tertiary_pct,FIN,2012,91.5533828735352
education_tertiary_pct,FIN,2011,93.2884292602539
education_tertiary_pct,FIN,2010,93.1867599487305
education_tertiary_pct,FRA,2024,71.5346908569336
education_tertiary_pct,FRA,2023,70.4536437988281
education_tertiary_pct,FRA,2022,71.5107269287109
education_tertiary_pct,FRA,2021,69.9397888183594
education_tertiary_pct,FRA,2020,68.8709411621094
education_tertiary_pct,FRA,2019,67.7331314086914
education_tertiary_pct,FRA,2018,67.5435180664062
education_tertiary_pct,FRA,2017,65.8022308349609
education_tertiary_pct,FRA,2016,64.7276763916016
education_tertiary_pct,FRA,2015,62.7859306335449
education_tertiary_pct,FRA,2014,61.5104789733887
education_tertiary_pct,FRA,2013,59.8487586975098
education_tertiary_pct,FRA,2012,57.9090118408203
education_tertiary_pct,FRA,2011,55.6257286071777
education_tertiary_pct,FRA,2010,54.881721496582
education_tertiary_pct,GEO,2024,
education_tertiary_pct,GEO,2023,78.2652247393707
education_tertiary_pct,GEO,2022,79.3253367493498
education_tertiary_pct,GEO,2021,77.2303110681266
education_tertiary_pct,GEO,2020,71.8064531290391
education_tertiary_pct,GEO,2019,69.6463934713126
education_tertiary_pct,GEO,2018,66.747813990461
education_tertiary_pct,GEO,2017,63.535040959252
education_tertiary_pct,GEO,2016,58.1988080034057
education_tertiary_pct,GEO,2015,51.9050659422441
education_tertiary_pct,GEO,2014,46.3290537874173
education_tertiary_pct,GEO,2013,40.5870663959566
education_tertiary_pct,GEO,2012,33.6164699594408
education_tertiary_pct,GEO,2011,35.9205541584628
education_tertiary_pct,GEO,2010,32.7360912804725
education_tertiary_pct,GRC,2024,
education_tertiary_pct,GRC,2023,165.113418579102
education_tertiary_pct,GRC,2022,166.389556884766
education_tertiary_pct,GRC,2021,150.605484008789
education_tertiary_pct,GRC,2020,143.693344116211
education_tertiary_pct,GRC,2019,143.96272277832
education_tertiary_pct,GRC,2018,140.950317382812
education_tertiary_pct,GRC,2017,135.333923339844
education_tertiary_pct,GRC,2016,131.403213500977
education_tertiary_pct,GRC,2015,
education_tertiary_pct,GRC,2014,119.104209899902
education_tertiary_pct,GRC,2013,112.705833435059
education_tertiary_pct,GRC,2012,110.122978210449
education_tertiary_pct,GRC,2011,105.812690734863
education_tertiary_pct,GRC,2010,101.694053649902
education_tertiary_pct,HRV,2024,
education_tertiary_pct,HRV,2023,81.1775207519531
education_tertiary_pct,HRV,2022,80.7626724243164
education_tertiary_pct,HRV,2021,78.0067901611328
education_tertiary_pct,HRV,2020,74.738037109375
education_tertiary_pct,HRV,2019,74.0501174926758
education_tertiary_pct,HRV,2018,72.8625411987305
education_tertiary_pct,HRV,2017,71.3775863647461
education_tertiary_pct,HRV,2016,69.5889511108398
education_tertiary_pct,HRV,2015,68.4413986206055
education_tertiary_pct,HRV,2014,68.6392517089844
education_tertiary_pct,HRV,2013,66.7111129760742
education_tertiary_pct,HRV,2012,62.0256614685059
education_tertiary_pct,HRV,2011,59.3388595581055
education_tertiary_pct,HRV,2010,57.0685997009277
education_tertiary_pct,HUN,2024,60.5168685913086
education_tertiary_pct,HUN,2023,56.5924415588379
education_tertiary_pct,HUN,2022,60.2746810913086
education_tertiary_pct,HUN,2021,58.6536102294922
education_tertiary_pct,HUN,2020,56.6071815490723
education_tertiary_pct,HUN,2019,54.2122917175293
education_tertiary_pct,HUN,2018,52.5629386901855
education_tertiary_pct,HUN,2017,51.3840599060059
education_tertiary_pct,HUN,2016,50.7361488342285
education_tertiary_pct,HUN,2015,50.9797401428223
education_tertiary_pct,HUN,2014,53.4245910644531
education_tertiary_pct,HUN,2013,57.5212211608887
education_tertiary_pct,HUN,2012,60.6758003234863
education_tertiary_pct,HUN,2011,59.9984893798828
education_tertiary_pct,HUN,2010,60.7487602233887
education_tertiary_pct,IRL,2024,
education_tertiary_pct,IRL,2023,
education_tertiary_pct,IRL,2022,77.5933380126953
education_tertiary_pct,IRL,2021,78.4613265991211
education_tertiary_pct,IRL,2020,74.1961975097656
education_tertiary_pct,IRL,2019,74.444580078125
education_tertiary_pct,IRL,2018,76.7604675292969
education_tertiary_pct,IRL,2017,77.5191116333008
education_tertiary_pct,IRL,2016,77.5571365356445
education_tertiary_pct,IRL,2015,77.2321472167969
education_tertiary_pct,IRL,2014,73.813232421875
education_tertiary_pct,IRL,2013,71.6995468139648
education_tertiary_pct,IRL,2012,68.1972503662109
education_tertiary_pct,IRL,2011,67.7985916137695
education_tertiary_pct,IRL,2010,63.1264381408691
education_tertiary_pct,ITA,2024,
education_tertiary_pct,ITA,2023,75.9496536254883
education_tertiary_pct,ITA,2022,73.8962097167969
education_tertiary_pct,ITA,2021,71.2745208740234
education_tertiary_pct,ITA,2020,68.7231063842773
education_tertiary_pct,ITA,2019,65.6895065307617
education_tertiary_pct,ITA,2018,64.4753265380859
education_tertiary_pct,ITA,2017,62.69580078125
education_tertiary_pct,ITA,2016,61.3571014404297
education_tertiary_pct,ITA,2015,60.941291809082
education_tertiary_pct,ITA,2014,60.8831481933594
education_tertiary_pct,ITA,2013,60.8925285339355
education_tertiary_pct,ITA,2012,62.3447418212891
education_tertiary_pct,ITA,2011,64.2492523193359
education_tertiary_pct,ITA,2010,65.3790435791016
education_tertiary_pct,LTU,2024,75.6177368164062
education_tertiary_pct,LTU,2023,77.0064163208008
education_tertiary_pct,LTU,2022,76.9154586791992
education_tertiary_pct,LTU,2021,75.0314712524414
education_tertiary_pct,LTU,2020,73.5892868041992
education_tertiary_pct,LTU,2019,75.0942306518555
education_tertiary_pct,LTU,2018,77.3577728271484
education_tertiary_pct,LTU,2017,76.5389785766602
education_tertiary_pct,LTU,2016,74.0858306884766
education_tertiary_pct,LTU,2015,72.1163330078125
education_tertiary_pct,LTU,2014,72.034538269043
education_tertiary_pct,LTU,2013,74.3968200683594
education_tertiary_pct,LTU,2012,79.7516326904297
education_tertiary_pct,LTU,2011,84.0555877685547
education_tertiary_pct,LTU,2010,86.5725708007812
education_tertiary_pct,LUX,2024,22.4103698730469
education_tertiary_pct,LUX,2023,21.5371704101562
education_tertiary_pct,LUX,2022,21.032600402832
education_tertiary_pct,LUX,2021,20.7341499328613
education_tertiary_pct,LUX,2020,19.961389541626
education_tertiary_pct,LUX,2019,19.3969497680664
education_tertiary_pct,LUX,2018,19.3915195465088
education_tertiary_pct,LUX,2017,19.5990200042725
education_tertiary_pct,LUX,2016,19.9203605651856
education_tertiary_pct,LUX,2015,20.2907104492188
education_tertiary_pct,LUX,2014,
education_tertiary_pct,LUX,2013,
education_tertiary_pct,LUX,2012,19.117790222168
education_tertiary_pct,LUX,2011,
education_tertiary_pct,LUX,2010,18.2021293640137
education_tertiary_pct,LVA,2024,82.917350769043
education_tertiary_pct,LVA,2023,85.7360610961914
education_tertiary_pct,LVA,2022,91.3303680419922
education_tertiary_pct,LVA,2021,93.4839324951172
education_tertiary_pct,LVA,2020,94.5108337402344
education_tertiary_pct,LVA,2019,94.8645324707031
education_tertiary_pct,LVA,2018,93.0244827270508
education_tertiary_pct,LVA,2017,88.0574264526367
education_tertiary_pct,LVA,2016,80.6048126220703
education_tertiary_pct,LVA,2015,74.2998809814453
education_tertiary_pct,LVA,2014,70.8979415893555
education_tertiary_pct,LVA,2013,69.0765991210938
education_tertiary_pct,LVA,2012,66.6435470581055
education_tertiary_pct,LVA,2011,67.9534683227539
education_tertiary_pct,LVA,2010,69.0510406494141
education_tertiary_pct,MDA,2024,74.7109378669046
education_tertiary_pct,MDA,2023,71.1679028753075
education_tertiary_pct,MDA,2022,68.0572346521372
education_tertiary_pct,MDA,2021,61.3014036981023
education_tertiary_pct,MDA,2020,56.2498196612517
education_tertiary_pct,MDA,2019,54.7812048030675
education_tertiary_pct,MDA,2018,52.8423092059456
education_tertiary_pct,MDA,2017,51.9490291393525
education_tertiary_pct,MDA,2016,52.8435823784374
education_tertiary_pct,MDA,2015,52.1000519119307
education_tertiary_pct,MDA,2014,52.151516238366
education_tertiary_pct,MDA,2013,41.2771708905345
education_tertiary_pct,MDA,2012,40.1086414991241
education_tertiary_pct,MDA,2011,39.4480430115419
education_tertiary_pct,MDA,2010,38.1453631147397
education_tertiary_pct,MLT,2024,
education_tertiary_pct,MLT,2023,80.5250091552734
education_tertiary_pct,MLT,2022,74.5901336669922
education_tertiary_pct,MLT,2021,70.2313537597656
education_tertiary_pct,MLT,2020,61.4767112731934
education_tertiary_pct,MLT,2019,58.4985084533691
education_tertiary_pct,MLT,2018,57.8407592773438
education_tertiary_pct,MLT,2017,54.0890197753906
education_tertiary_pct,MLT,2016,49.2171897888184
education_tertiary_pct,MLT,2015,48.0389709472656
education_tertiary_pct,MLT,2014,45.4103507995605
education_tertiary_pct,MLT,2013,44.4813919067383
education_tertiary_pct,MLT,2012,42.5473289489746
education_tertiary_pct,MLT,2011,39.4486618041992
education_tertiary_pct,MLT,2010,36.8344192504883
education_tertiary_pct,NLD,2024,
education_tertiary_pct,NLD,2023,86.5938262939453
education_tertiary_pct,NLD,2022,
education_tertiary_pct,NLD,2021,89.3898620605469
education_tertiary_pct,NLD,2020,85.3370819091797
education_tertiary_pct,NLD,2019,
education_tertiary_pct,NLD,2018,83.652473449707
education_tertiary_pct,NLD,2017,83.2009887695312
education_tertiary_pct,NLD,2016,79.8454895019531
education_tertiary_pct,NLD,2015,80.1601486206055
education_tertiary_pct,NLD,2014,
education_tertiary_pct,NLD,2013,
education_tertiary_pct,NLD,2012,75.8141632080078
education_tertiary_pct,NLD,2011,75.518798828125
education_tertiary_pct,NLD,2010,63.7049789428711
education_tertiary_pct,POL,2024,80.9149627685547
education_tertiary_pct,POL,2023,76.8794097900391
education_tertiary_pct,POL,2022,75.2911071777344
education_tertiary_pct,POL,2021,72.2060623168945
education_tertiary_pct,POL,2020,70.9730377197266
education_tertiary_pct,POL,2019,70.9065017700195
education_tertiary_pct,POL,2018,71.0217437744141
education_tertiary_pct,POL,2017,70.6174621582031
education_tertiary_pct,POL,2016,69.8503799438477
education_tertiary_pct,POL,2015,69.3731994628906
education_tertiary_pct,POL,2014,70.2389678955078
education_tertiary_pct,POL,2013,73.317268371582
education_tertiary_pct,POL,2012,75.0382919311523
education_tertiary_pct,POL,2011,75.8021011352539
education_tertiary_pct,POL,2010,76.5571212768555
education_tertiary_pct,PRT,2024,
education_tertiary_pct,PRT,2023,77.6778182983398
education_tertiary_pct,PRT,2022,75.0714797973633
education_tertiary_pct,PRT,2021,72.5122375488281
education_tertiary_pct,PRT,2020,68.1568908691406
education_tertiary_pct,PRT,2019,66.0920562744141
education_tertiary_pct,PRT,2018,65.1127395629883
education_tertiary_pct,PRT,2017,64.2040176391602
education_tertiary_pct,PRT,2016,63.2387504577637
education_tertiary_pct,PRT,2015,61.7960205078125
education_tertiary_pct,PRT,2014,
education_tertiary_pct,PRT,2013,
education_tertiary_pct,PRT,2012,
education_tertiary_pct,PRT,2011,
education_tertiary_pct,PRT,2010,
education_tertiary_pct,ROU,2024,
education_tertiary_pct,ROU,2023,55.1682891845703
education_tertiary_pct,ROU,2022,58.2390403747559
education_tertiary_pct,ROU,2021,55.2656097412109
education_tertiary_pct,ROU,2020,53.4911117553711
education_tertiary_pct,ROU,2019,52.4439697265625
education_tertiary_pct,ROU,2018,51.9943504333496
education_tertiary_pct,ROU,2017,50.5108184814453
education_tertiary_pct,ROU,2016,49.911319732666
education_tertiary_pct,ROU,2015,49.3609886169434
education_tertiary_pct,ROU,2014,51.0950393676758
education_tertiary_pct,ROU,2013,51.3826103210449
education_tertiary_pct,ROU,2012,54.9534912109375
education_tertiary_pct,ROU,2011,66.7865829467773
education_tertiary_pct,ROU,2010,75.2290267944336
education_tertiary_pct,SVK,2024,54.4743194580078
education_tertiary_pct,SVK,2023,53.417610168457
education_tertiary_pct,SVK,2022,52.4959106445312
education_tertiary_pct,SVK,2021,50.7342491149902
education_tertiary_pct,SVK,2020,48.3790016174316
education_tertiary_pct,SVK,2019,48.1902389526367
education_tertiary_pct,SVK,2018,47.8138313293457
education_tertiary_pct,SVK,2017,49.1256103515625
education_tertiary_pct,SVK,2016,50.3014488220215
education_tertiary_pct,SVK,2015,52.7206687927246
education_tertiary_pct,SVK,2014,53.8843002319336
education_tertiary_pct,SVK,2013,55.253978729248
education_tertiary_pct,SVK,2012,57.0384407043457
education_tertiary_pct,SVK,2011,57.1524887084961
education_tertiary_pct,SVK,2010,58.0442390441895
education_tertiary_pct,SVN,2024,
education_tertiary_pct,SVN,2023,80.0806884765625
education_tertiary_pct,SVN,2022,82.3922576904297
education_tertiary_pct,SVN,2021,82.2400436401367
education_tertiary_pct,SVN,2020,75.8166809082031
education_tertiary_pct,SVN,2019,76.4720077514648
education_tertiary_pct,SVN,2018,77.3015975952148
education_tertiary_pct,SVN,2017,79.2703475952148
education_tertiary_pct,SVN,2016,79.4747467041016
education_tertiary_pct,SVN,2015,82.1997833251953
education_tertiary_pct,SVN,2014,84.3780288696289
education_tertiary_pct,SVN,2013,87.8572082519531
education_tertiary_pct,SVN,2012,89.0215606689453
education_tertiary_pct,SVN,2011,87.1887130737305
education_tertiary_pct,SVN,2010,90.2514877319336
education_tertiary_pct,SWE,2024,83.9988098144531
education_tertiary_pct,SWE,2023,81.3998184204102
education_tertiary_pct,SWE,2022,83.8976135253906
education_tertiary_pct,SWE,2021,85.9426193237305
education_tertiary_pct,SWE,2020,79.1196365356445
education_tertiary_pct,SWE,2019,75.1148529052734
education_tertiary_pct,SWE,2018,73.4083786010742
education_tertiary_pct,SWE,2017,70.4342498779297
education_tertiary_pct,SWE,2016,68.306037902832
education_tertiary_pct,SWE,2015,66.4283218383789
education_tertiary_pct,SWE,2014,64.9541931152344
education_tertiary_pct,SWE,2013,65.7820892333984
education_tertiary_pct,SWE,2012,68.742301940918
education_tertiary_pct,SWE,2011,71.9184112548828
education_tertiary_pct,SWE,2010,73.0818328857422
education_tertiary_pct,UKR,2024,87.1920013427734
education_tertiary_pct,UKR,2023,82.5533599853516
education_tertiary_pct,UKR,2022,
education_tertiary_pct,UKR,2021,75.9079435107907
education_tertiary_pct,UKR,2020,82.1345992180731
education_tertiary_pct,UKR,2019,84.48135621115
education_tertiary_pct,UKR,2018,81.4946716210446
education_tertiary_pct,UKR,2017,80.1990246943391
education_tertiary_pct,UKR,2016,77.0398374695438
education_tertiary_pct,UKR,2015,76.8646556476929
education_tertiary_pct,UKR,2014,83.7842174613245
education_tertiary_pct,UKR,2013,81.5320112568844
education_tertiary_pct,UKR,2012,83.8798999891598
education_tertiary_pct,UKR,2011,84.7981059629784
education_tertiary_pct,UKR,2010,81.9082510858655
population_ages_15_64,ARM,2024,67.0601533606123
population_ages_15_64,ARM,2023,67.2436198631987
population_ages_15_64,ARM,2022,67.2222792072338
population_ages_15_64,ARM,2021,67.3509680096337
population_ages_15_64,ARM,2020,67.4875319646095
population_ages_15_64,ARM,2019,67.6540902691366
population_ages_15_64,ARM,2018,67.836738214504
population_ages_15_64,ARM,2017,68.1111272919884
population_ages_15_64,ARM,2016,68.5339571072627
population_ages_15_64,ARM,2015,68.961951131008
population_ages_15_64,ARM,2014,69.3383433330299
population_ages_15_64,ARM,2013,69.6400159040937
population_ages_15_64,ARM,2012,69.877939557455
population_ages_15_64,ARM,2011,69.9991499247162
population_ages_15_64,ARM,2010,69.9705705545878
population_ages_15_64,AUT,2024,65.1655943390134
population_ages_15_64,AUT,2023,65.5333445996897
population_ages_15_64,AUT,2022,65.8640953229773
population_ages_15_64,AUT,2021,66.1764816581673
population_ages_15_64,AUT,2020,66.4370522356064
population_ages_15_64,AUT,2019,66.6368554183168
population_ages_15_64,AUT,2018,66.8074529749847
population_ages_15_64,AUT,2017,66.974326831199
population_ages_15_64,AUT,2016,67.1339749165576
population_ages_15_64,AUT,2015,67.234719049435
population_ages_15_64,AUT,2014,67.3108310981136
population_ages_15_64,AUT,2013,67.4266821192924
population_ages_15_64,AUT,2012,67.5601644337772
population_ages_15_64,AUT,2011,67.6180439804748
population_ages_15_64,AUT,2010,67.5198292810067
population_ages_15_64,AZE,2024,69.6325984108376
population_ages_15_64,AZE,2023,69.64501196768
population_ages_15_64,AZE,2022,69.6758832959182
population_ages_15_64,AZE,2021,69.708000115884
population_ages_15_64,AZE,2020,69.7266672756005
population_ages_15_64,AZE,2019,69.825581884135
population_ages_15_64,AZE,2018,69.8692138262529
population_ages_15_64,AZE,2017,69.9448498293551
population_ages_15_64,AZE,2016,70.2891585164324
population_ages_15_64,AZE,2015,70.7521032313631
population_ages_15_64,AZE,2014,71.2018299395149
population_ages_15_64,AZE,2013,71.6592530898028
population_ages_15_64,AZE,2012,72.0406993018106
population_ages_15_64,AZE,2011,72.0939429460413
population_ages_15_64,AZE,2010,71.8007526197132
population_ages_15_64,BEL,2024,63.4457922250499
population_ages_15_64,BEL,2023,63.5639803078539
population_ages_15_64,BEL,2022,63.7031280332457
population_ages_15_64,BEL,2021,63.8651840723626
population_ages_15_64,BEL,2020,63.9755896544114
population_ages_15_64,BEL,2019,64.0794211416653
population_ages_15_64,BEL,2018,64.2447525310394
population_ages_15_64,BEL,2017,64.4426328280277
population_ages_15_64,BEL,2016,64.6607620134318
population_ages_15_64,BEL,2015,64.8430252778753
population_ages_15_64,BEL,2014,65.0395058250497
population_ages_15_64,BEL,2013,65.2910824069226
population_ages_15_64,BEL,2012,65.5288562215249
population_ages_15_64,BEL,2011,65.771386607117
population_ages_15_64,BEL,2010,65.9424518102042
population_ages_15_64,BGR,2024,63.4952025385603
population_ages_15_64,BGR,2023,63.6293606509783
population_ages_15_64,BGR,2022,63.7634737521873
population_ages_15_64,BGR,2021,63.8135029889597
population_ages_15_64,BGR,2020,63.8814581406739
population_ages_15_64,BGR,2019,64.1335371141353
population_ages_15_64,BGR,2018,64.5280031853111
population_ages_15_64,BGR,2017,64.9588436261308
population_ages_15_64,BGR,2016,65.3990271954816
population_ages_15_64,BGR,2015,65.8828672924077
population_ages_15_64,BGR,2014,66.4196171095264
population_ages_15_64,BGR,2013,66.9753508090845
population_ages_15_64,BGR,2012,67.4917027281691
population_ages_15_64,BGR,2011,67.9655488971921
population_ages_15_64,BGR,2010,68.3958807402685
population_ages_15_64,BLR,2024,66.0362068021274
population_ages_15_64,BLR,2023,66.2627417811946
population_ages_15_64,BLR,2022,66.5333622144506
population_ages_15_64,BLR,2021,66.8571610783922
population_ages_15_64,BLR,2020,67.2194165637181
population_ages_15_64,BLR,2019,67.6546230933346
population_ages_15_64,BLR,2018,68.079682439857
population_ages_15_64,BLR,2017,68.4886180343404
population_ages_15_64,BLR,2016,68.9918011391333
population_ages_15_64,BLR,2015,69.5172848567025
population_ages_15_64,BLR,2014,70.0684624749577
population_ages_15_64,BLR,2013,70.5764717728536
population_ages_15_64,BLR,2012,70.9909034339942
population_ages_15_64,BLR,2011,71.2520882300624
population_ages_15_64,BLR,2010,71.2064002518662
population_ages_15_64,CYP,2024,69.3116377895017
population_ages_15_64,CYP,2023,69.6228295608359
population_ages_15_64,CYP,2022,69.8887987561685
population_ages_15_64,CYP,2021,70.1591161068193
population_ages_15_64,CYP,2020,70.4395285842361
population_ages_15_64,CYP,2019,70.6890608830614
population_ages_15_64,CYP,2018,70.908704590838
population_ages_15_64,CYP,2017,71.117190760722
population_ages_15_64,CYP,2016,71.326455758874
population_ages_15_64,CYP,2015,71.5197152279025
population_ages_15_64,CYP,2014,71.6676353521237
population_ages_15_64,CYP,2013,71.7655281929563
population_ages_15_64,CYP,2012,71.8250518921878
population_ages_15_64,CYP,2011,71.8255025654333
population_ages_15_64,CYP,2010,71.6949964821405
population_ages_15_64,CZE,2024,63.7573202107069
population_ages_15_64,CZE,2023,63.7804637975688
population_ages_15_64,CZE,2022,63.5339892495353
population_ages_15_64,CZE,2021,63.3939300705344
population_ages_15_64,CZE,2020,63.7032085719896
population_ages_15_64,CZE,2019,64.1400490294769
population_ages_15_64,CZE,2018,64.6915656051411
population_ages_15_64,CZE,2017,65.3001802474571
population_ages_15_64,CZE,2016,65.9601528606104
population_ages_15_64,CZE,2015,66.6295181305301
population_ages_15_64,CZE,2014,67.2980768549652
population_ages_15_64,CZE,2013,67.9917611396456
population_ages_15_64,CZE,2012,68.7404703476191
population_ages_15_64,CZE,2011,69.5092644845973
population_ages_15_64,CZE,2010,70.1383514992853
population_ages_15_64,DEU,2024,62.8942524078782
population_ages_15_64,DEU,2023,63.2943857808214
population_ages_15_64,DEU,2022,63.6285624993021
population_ages_15_64,DEU,2021,64.007731691245
population_ages_15_64,DEU,2020,64.3935455490144
population_ages_15_64,DEU,2019,64.709009583285
population_ages_15_64,DEU,2018,64.9876223341919
population_ages_15_64,DEU,2017,65.2493405041228
population_ages_15_64,DEU,2016,65.5385099359924
population_ages_15_64,DEU,2015,65.7365353514053
population_ages_15_64,DEU,2014,65.8621937797938
population_ages_15_64,DEU,2013,65.9544693115349
population_ages_15_64,DEU,2012,65.9715437998931
population_ages_15_64,DEU,2011,65.8994933869984
population_ages_15_64,DEU,2010,65.7386429233445
population_ages_15_64,DNK,2024,63.4375462156532
population_ages_15_64,DNK,2023,63.5328644525895
population_ages_15_64,DNK,2022,63.5629737128517
population_ages_15_64,DNK,2021,63.5779425764326
population_ages_15_64,DNK,2020,63.6927358686314
population_ages_15_64,DNK,2019,63.8569667124335
population_ages_15_64,DNK,2018,64.0075911860982
population_ages_15_64,DNK,2017,64.1478791251183
population_ages_15_64,DNK,2016,64.2825644561006
population_ages_15_64,DNK,2015,64.3803658918722
population_ages_15_64,DNK,2014,64.4747664425739
population_ages_15_64,DNK,2013,64.6171531249485
population_ages_15_64,DNK,2012,64.8353207706159
population_ages_15_64,DNK,2011,65.1391017778439
population_ages_15_64,DNK,2010,65.4503784115053
population_ages_15_64,ESP,2024,65.9328112372132
population_ages_15_64,ESP,2023,66.0876417150889
population_ages_15_64,ESP,2022,66.2160904145149
population_ages_15_64,ESP,2021,66.2783015470184
population_ages_15_64,ESP,2020,66.2408766587242
population_ages_15_64,ESP,2019,66.1693765330282
population_ages_15_64,ESP,2018,66.1319737035927
population_ages_15_64,ESP,2017,66.1865982307919
population_ages_15_64,ESP,2016,66.3143685616246
population_ages_15_64,ESP,2015,66.4614550787613
population_ages_15_64,ESP,2014,66.6930927877804
population_ages_15_64,ESP,2013,67.0770392025555
population_ages_15_64,ESP,2012,67.4834730652077
population_ages_15_64,ESP,2011,67.8223406857849
population_ages_15_64,ESP,2010,68.1859842081222
population_ages_15_64,EST,2024,63.065048884786
population_ages_15_64,EST,2023,63.1176144459171
population_ages_15_64,EST,2022,63.1367948024264
population_ages_15_64,EST,2021,63.1847055320839
population_ages_15_64,EST,2020,63.3615345768253
population_ages_15_64,EST,2019,63.6685115518553
population_ages_15_64,EST,2018,63.9606434212114
population_ages_15_64,EST,2017,64.2570788686562
population_ages_15_64,EST,2016,64.6626626611412
population_ages_15_64,EST,2015,65.0969209844087
population_ages_15_64,EST,2014,65.5532115284544
population_ages_15_64,EST,2013,66.0628361595682
population_ages_15_64,EST,2012,66.5458455061787
population_ages_15_64,EST,2011,66.9955155261488
population_ages_15_64,EST,2010,67.3236704236026
population_ages_15_64,FIN,2024,61.4695769443402
population_ages_15_64,FIN,2023,61.4871173254305
population_ages_15_64,FIN,2022,61.5502866698304
population_ages_15_64,FIN,2021,61.6707046917791
population_ages_15_64,FIN,2020,61.8489868728584
population_ages_15_64,FIN,2019,62.0624967514881
population_ages_15_64,FIN,2018,62.3153408434214
population_ages_15_64,FIN,2017,62.6552811381026
population_ages_15_64,FIN,2016,63.0282055999224
population_ages_15_64,FIN,2015,63.4339270226978
population_ages_15_64,FIN,2014,63.9319576160027
population_ages_15_64,FIN,2013,64.5043907459626
population_ages_15_64,FIN,2012,65.1075093394932
population_ages_15_64,FIN,2011,65.6919391690164
population_ages_15_64,FIN,2010,66.1834985425622
population_ages_15_64,FRA,2024,61.3483170751607
population_ages_15_64,FRA,2023,61.4660792751563
population_ages_15_64,FRA,2022,61.5912351189772
population_ages_15_64,FRA,2021,61.7040398746753
population_ages_15_64,FRA,2020,61.8134010588151
population_ages_15_64,FRA,2019,61.9811666181521
population_ages_15_64,FRA,2018,62.1793955597294
population_ages_15_64,FRA,2017,62.3980765439097
population_ages_15_64,FRA,2016,62.632173096763
population_ages_15_64,FRA,2015,62.9034115542196
population_ages_15_64,FRA,2014,63.2660590407766
population_ages_15_64,FRA,2013,63.6262148936628
population_ages_15_64,FRA,2012,63.9822023210968
population_ages_15_64,FRA,2011,64.4012852086265
population_ages_15_64,FRA,2010,64.6865895755283
population_ages_15_64,GEO,2024,63.5635441096524
population_ages_15_64,GEO,2023,63.6417358197995
population_ages_15_64,GEO,2022,63.7158878760804
population_ages_15_64,GEO,2021,63.8378060056736
population_ages_15_64,GEO,2020,64.1121823294811
population_ages_15_64,GEO,2019,64.4923615039024
population_ages_15_64,GEO,2018,64.9358595812196
population_ages_15_64,GEO,2017,65.3998342675011
population_ages_15_64,GEO,2016,65.8971898365452
population_ages_15_64,GEO,2015,66.4359840145481
population_ages_15_64,GEO,2014,66.9676005173329
population_ages_15_64,GEO,2013,67.3865651560398
population_ages_15_64,GEO,2012,67.6326862206997
population_ages_15_64,GEO,2011,67.7397638084288
population_ages_15_64,GEO,2010,67.6946640008039
population_ages_15_64,GRC,2024,62.840827158816
population_ages_15_64,GRC,2023,62.9301872607766
population_ages_15_64,GRC,2022,62.9235782445681
population_ages_15_64,GRC,2021,63.1383476119661
population_ages_15_64,GRC,2020,63.4362736718399
population_ages_15_64,GRC,2019,63.5769463955355
population_ages_15_64,GRC,2018,63.7348406022322
population_ages_15_64,GRC,2017,63.9236489103791
population_ages_15_64,GRC,2016,64.1636112798065
population_ages_15_64,GRC,2015,64.4361225877416
population_ages_15_64,GRC,2014,64.7156591244612
population_ages_15_64,GRC,2013,65.0482485111407
population_ages_15_64,GRC,2012,65.4403133152416
population_ages_15_64,GRC,2011,65.8451124997845
population_ages_15_64,GRC,2010,66.2088808027564
population_ages_15_64,HRV,2024,62.8890222110404
population_ages_15_64,HRV,2023,63.0460776224784
population_ages_15_64,HRV,2022,63.2143699032538
population_ages_15_64,HRV,2021,63.519292362808
population_ages_15_64,HRV,2020,63.8820518579105
population_ages_15_64,HRV,2019,64.2827891136582
population_ages_15_64,HRV,2018,64.7650804945653
population_ages_15_64,HRV,2017,65.2937585801138
population_ages_15_64,HRV,2016,65.7635720154282
population_ages_15_64,HRV,2015,66.146261641978
population_ages_15_64,HRV,2014,66.4871658325589
population_ages_15_64,HRV,2013,66.7137862494026
population_ages_15_64,HRV,2012,66.8433180453821
population_ages_15_64,HRV,2011,66.9100271349628
population_ages_15_64,HRV,2010,66.8289063924947
population_ages_15_64,HUN,2024,64.6054217208328
population_ages_15_64,HUN,2023,64.695458770892
population_ages_15_64,HUN,2022,64.8418515917326
population_ages_15_64,HUN,2021,65.0297164165967
population_ages_15_64,HUN,2020,65.3516634491369
population_ages_15_64,HUN,2019,65.8474599647003
population_ages_15_64,HUN,2018,66.3242430335959
population_ages_15_64,HUN,2017,66.6846693017279
population_ages_15_64,HUN,2016,67.0502119558858
population_ages_15_64,HUN,2015,67.4528577545496
population_ages_15_64,HUN,2014,67.8503265083229
population_ages_15_64,HUN,2013,68.2352317213276
population_ages_15_64,HUN,2012,68.5314900042081
population_ages_15_64,HUN,2011,68.7322393565328
population_ages_15_64,HUN,2010,68.8006623023243
population_ages_15_64,IRL,2024,65.5524363144366
population_ages_15_64,IRL,2023,65.4412571224043
population_ages_15_64,IRL,2022,65.3822772161846
population_ages_15_64,IRL,2021,65.3403436125284
population_ages_15_64,IRL,2020,65.3365964179592
population_ages_15_64,IRL,2019,65.3435974647567
population_ages_15_64,IRL,2018,65.3471982002052
population_ages_15_64,IRL,2017,65.3844318826392
population_ages_15_64,IRL,2016,65.4546867857241
population_ages_15_64,IRL,2015,65.5717708523171
population_ages_15_64,IRL,2014,65.7693782746418
population_ages_15_64,IRL,2013,66.0510609746196
population_ages_15_64,IRL,2012,66.4288763887645
population_ages_15_64,IRL,2011,66.9266273655847
population_ages_15_64,IRL,2010,67.5334058625863
population_ages_15_64,ITA,2024,63.4829186800159
population_ages_15_64,ITA,2023,63.6367816692365
population_ages_15_64,ITA,2022,63.6810296805062
population_ages_15_64,ITA,2021,63.7233470647178
population_ages_15_64,ITA,2020,63.7947913907968
population_ages_15_64,ITA,2019,63.8719351973526
population_ages_15_64,ITA,2018,63.976292081862
population_ages_15_64,ITA,2017,64.0491957667784
population_ages_15_64,ITA,2016,64.1355493804101
population_ages_15_64,ITA,2015,64.264608211041
population_ages_15_64,ITA,2014,64.4745737605598
population_ages_15_64,ITA,2013,64.7515846412995
population_ages_15_64,ITA,2012,65.0318565461314
population_ages_15_64,ITA,2011,65.3052108613489
population_ages_15_64,ITA,2010,65.5049888211785
population_ages_15_64,LTU,2024,65.1275335904414
population_ages_15_64,LTU,2023,65.2566711946572
population_ages_15_64,LTU,2022,65.0902697077428
population_ages_15_64,LTU,2021,64.9429993871864
population_ages_15_64,LTU,2020,64.9504098074069
population_ages_15_64,LTU,2019,65.0326934181688
population_ages_15_64,LTU,2018,65.2222782837189
population_ages_15_64,LTU,2017,65.5868165853012
population_ages_15_64,LTU,2016,66.0821066606207
population_ages_15_64,LTU,2015,66.5062097265986
population_ages_15_64,LTU,2014,66.8115157399781
population_ages_15_64,LTU,2013,66.993627044439
population_ages_15_64,LTU,2012,67.084553426923
population_ages_15_64,LTU,2011,67.1777759104206
population_ages_15_64,LTU,2010,67.4680196189487
population_ages_15_64,LUX,2024,68.7463969237901
population_ages_15_64,LUX,2023,69.0738808416203
population_ages_15_64,LUX,2022,69.2787142447144
population_ages_15_64,LUX,2021,69.3493722999841
population_ages_15_64,LUX,2020,69.440387442376
population_ages_15_64,LUX,2019,69.5105964077186
population_ages_15_64,LUX,2018,69.5280060384706
population_ages_15_64,LUX,2017,69.5106668868415
population_ages_15_64,LUX,2016,69.4058844296374
population_ages_15_64,LUX,2015,69.2426817619957
population_ages_15_64,LUX,2014,69.1279915294304
population_ages_15_64,LUX,2013,69.0605655434262
population_ages_15_64,LUX,2012,68.9684008305906
population_ages_15_64,LUX,2011,68.6826049396048
population_ages_15_64,LUX,2010,68.3512347017205
population_ages_15_64,LVA,2024,62.850868769571
population_ages_15_64,LVA,2023,62.9758563022871
population_ages_15_64,LVA,2022,63.0622419344807
population_ages_15_64,LVA,2021,63.1497512445726
population_ages_15_64,LVA,2020,63.329999339864
population_ages_15_64,LVA,2019,63.6525649819278
population_ages_15_64,LVA,2018,63.9690120502929
population_ages_15_64,LVA,2017,64.3170163194162
population_ages_15_64,LVA,2016,64.8189694891939
population_ages_15_64,LVA,2015,65.3585402860759
population_ages_15_64,LVA,2014,65.9121509977439
population_ages_15_64,LVA,2013,66.4975087058683
population_ages_15_64,LVA,2012,66.9611259226785
population_ages_15_64,LVA,2011,67.2837068431312
population_ages_15_64,LVA,2010,67.5682168868703
population_ages_15_64,MDA,2024,63.9997621056353
population_ages_15_64,MDA,2023,64.3930689550613
population_ages_15_64,MDA,2022,64.7372708643745
population_ages_15_64,MDA,2021,65.1563102257656
population_ages_15_64,MDA,2020,65.7164519859204
population_ages_15_64,MDA,2019,66.4191106875943
population_ages_15_64,MDA,2018,67.1972110865303
population_ages_15_64,MDA,2017,68.0235384558779
population_ages_15_64,MDA,2016,68.983696924511
population_ages_15_64,MDA,2015,70.0589368131714
population_ages_15_64,MDA,2014,71.1653482250474
population_ages_15_64,MDA,2013,71.9494974312337
population_ages_15_64,MDA,2012,72.1829774166136
population_ages_15_64,MDA,2011,72.0969137534275
population_ages_15_64,MDA,2010,71.8248376957931
population_ages_15_64,MLT,2024,66.7571955145133
population_ages_15_64,MLT,2023,67.0481240477638
population_ages_15_64,MLT,2022,67.5041462195565
population_ages_15_64,MLT,2021,68.00171251
population_ages_15_64,MLT,2020,68.1674197448314
population_ages_15_64,MLT,2019,67.8634883252598
population_ages_15_64,MLT,2018,67.4529854558025
population_ages_15_64,MLT,2017,67.1569397470627
population_ages_15_64,MLT,2016,67.1891782660361
population_ages_15_64,MLT,2015,67.4423935430878
population_ages_15_64,MLT,2014,67.7141532091479
population_ages_15_64,MLT,2013,68.1661327685099
population_ages_15_64,MLT,2012,68.7511207530054
population_ages_15_64,MLT,2011,69.2825611092991
population_ages_15_64,MLT,2010,69.7042828530902
population_ages_15_64,NLD,2024,64.4782773402102
population_ages_15_64,NLD,2023,64.6719699066872
population_ages_15_64,NLD,2022,64.74772068865
population_ages_15_64,NLD,2021,64.8512129916232
population_ages_15_64,NLD,2020,65.0100463629003
population_ages_15_64,NLD,2019,65.1412740704822
population_ages_15_64,NLD,2018,65.248775211947
population_ages_15_64,NLD,2017,65.3662757423029
population_ages_15_64,NLD,2016,65.4890558058781
population_ages_15_64,NLD,2015,65.6050618465085
population_ages_15_64,NLD,2014,65.7829993073729
population_ages_15_64,NLD,2013,66.0375664309138
population_ages_15_64,NLD,2012,66.3807718191341
population_ages_15_64,NLD,2011,66.8305287911613
population_ages_15_64,NLD,2010,67.1415432435357
population_ages_15_64,POL,2024,65.0508166995989
population_ages_15_64,POL,2023,65.3423219583981
population_ages_15_64,POL,2022,65.6570295546479
population_ages_15_64,POL,2021,66.0026656203027
population_ages_15_64,POL,2020,66.4351589630372
population_ages_15_64,POL,2019,67.0192549762975
population_ages_15_64,POL,2018,67.6767403778615
population_ages_15_64,POL,2017,68.3269085235055
population_ages_15_64,POL,2016,68.9521816813071
population_ages_15_64,POL,2015,69.5235017932482
population_ages_15_64,POL,2014,70.0250512784321
population_ages_15_64,POL,2013,70.4628284457914
population_ages_15_64,POL,2012,70.8309123377924
population_ages_15_64,POL,2011,71.1217900505102
population_ages_15_64,POL,2010,71.3558267076234
population_ages_15_64,PRT,2024,62.6679299405748
population_ages_15_64,PRT,2023,62.9948427426708
population_ages_15_64,PRT,2022,63.3097782510393
population_ages_15_64,PRT,2021,63.5636491754777
population_ages_15_64,PRT,2020,63.7995986507522
population_ages_15_64,PRT,2019,64.0780142495373
population_ages_15_64,PRT,2018,64.3500227062455
population_ages_15_64,PRT,2017,64.6083708165567
population_ages_15_64,PRT,2016,64.8902291547221
population_ages_15_64,PRT,2015,65.126992390842
population_ages_15_64,PRT,2014,65.3302452379704
population_ages_15_64,PRT,2013,65.5944048254508
population_ages_15_64,PRT,2012,65.8555190404398
population_ages_15_64,PRT,2011,66.0859174471284
population_ages_15_64,PRT,2010,66.2951498582996
population_ages_15_64,ROU,2024,64.3032364614878
population_ages_15_64,ROU,2023,64.3703890976471
population_ages_15_64,ROU,2022,64.4688744544758
population_ages_15_64,ROU,2021,64.5750261544466
population_ages_15_64,ROU,2020,64.8847498479951
population_ages_15_64,ROU,2019,65.3516450135071
population_ages_15_64,ROU,2018,65.8004680304066
population_ages_15_64,ROU,2017,66.2634006422186
population_ages_15_64,ROU,2016,66.7152920502478
population_ages_15_64,ROU,2015,67.1333496502281
population_ages_15_64,ROU,2014,67.5465618438621
population_ages_15_64,ROU,2013,67.8443383194302
population_ages_15_64,ROU,2012,67.987473244784
population_ages_15_64,ROU,2011,68.173303919419
population_ages_15_64,ROU,2010,68.4129224247518
population_ages_15_64,SVK,2024,65.7013984358678
population_ages_15_64,SVK,2023,66.0419899803454
population_ages_15_64,SVK,2022,66.4610251066265
population_ages_15_64,SVK,2021,66.9089610618438
population_ages_15_64,SVK,2020,67.3811945998033
population_ages_15_64,SVK,2019,67.9466053941882
population_ages_15_64,SVK,2018,68.5861635146178
population_ages_15_64,SVK,2017,69.2551309624215
population_ages_15_64,SVK,2016,69.9313041813556
population_ages_15_64,SVK,2015,70.5178405978439
population_ages_15_64,SVK,2014,70.9768771615539
population_ages_15_64,SVK,2013,71.3702712441166
population_ages_15_64,SVK,2012,71.7045328186371
population_ages_15_64,SVK,2011,71.947544218498
population_ages_15_64,SVK,2010,72.0906326973798
population_ages_15_64,SVN,2024,63.5127305869434
population_ages_15_64,SVN,2023,63.7378233342586
population_ages_15_64,SVN,2022,64.0225309044699
population_ages_15_64,SVN,2021,64.4067832697893
population_ages_15_64,SVN,2020,64.7403622350344
population_ages_15_64,SVN,2019,65.0408615176971
population_ages_15_64,SVN,2018,65.452513323996
population_ages_15_64,SVN,2017,65.9854248185375
population_ages_15_64,SVN,2016,66.5706788630685
population_ages_15_64,SVN,2015,67.157989987121
population_ages_15_64,SVN,2014,67.7481374494419
population_ages_15_64,SVN,2013,68.2843640336961
population_ages_15_64,SVN,2012,68.7880511619956
population_ages_15_64,SVN,2011,69.2279739789653
population_ages_15_64,SVN,2010,69.4944321954483
population_ages_15_64,SWE,2024,62.2674518966203
population_ages_15_64,SWE,2023,62.2137917151827
population_ages_15_64,SWE,2022,62.1693131278881
population_ages_15_64,SWE,2021,62.1530987776028
population_ages_15_64,SWE,2020,62.2041144475448
population_ages_15_64,SWE,2019,62.2726593946469
population_ages_15_64,SWE,2018,62.3768470334521
population_ages_15_64,SWE,2017,62.5219734831306
population_ages_15_64,SWE,2016,62.700911392201
population_ages_15_64,SWE,2015,62.9579789502128
population_ages_15_64,SWE,2014,63.3172186453916
population_ages_15_64,SWE,2013,63.7580854153169
population_ages_15_64,SWE,2012,64.2350876804122
population_ages_15_64,SWE,2011,64.6999145647294
population_ages_15_64,SWE,2010,65.1182387042675
population_ages_15_64,UKR,2024,67.1490154911006
population_ages_15_64,UKR,2023,67.1469283033341
population_ages_15_64,UKR,2022,67.3213331187593
population_ages_15_64,UKR,2021,67.4674594976279
population_ages_15_64,UKR,2020,67.6202746084606
population_ages_15_64,UKR,2019,67.9121159385835
population_ages_15_64,UKR,2018,68.2325299304405
population_ages_15_64,UKR,2017,68.6550169648912
population_ages_15_64,UKR,2016,69.2108781249868
population_ages_15_64,UKR,2015,69.7670395494619
population_ages_15_64,UKR,2014,70.3752093063791
population_ages_15_64,UKR,2013,70.7630587483478
population_ages_15_64,UKR,2012,71.0053023956517
population_ages_15_64,UKR,2011,71.1659513650314
population_ages_15_64,UKR,2010,70.9888738274457
gdp_growth,ARM,2024,5.90000000046228
gdp_growth,ARM,2023,8.29999999959539
gdp_growth,ARM,2022,12.5999999997766
gdp_growth,ARM,2021,5.80000000065645
gdp_growth,ARM,2020,-7.19999999920631
gdp_growth,ARM,2019,7.59999999853918
gdp_growth,ARM,2018,5.19999999965324
gdp_growth,ARM,2017,7.50000000164144
gdp_growth,ARM,2016,0.199999999825991
gdp_growth,ARM,2015,3.19999999896625
gdp_growth,ARM,2014,3.60000000058993
gdp_growth,ARM,2013,3.3
gdp_growth,ARM,2012,7.20000000096486
gdp_growth,ARM,2011,4.69999999867412
gdp_growth,ARM,2010,2.2000000002151
gdp_growth,AUT,2024,-0.659089573171372
gdp_growth,AUT,2023,-0.786244288594673
gdp_growth,AUT,2022,5.33096379400371
gdp_growth,AUT,2021,4.92309171717903
gdp_growth,AUT,2020,-6.31825509209936
gdp_growth,AUT,2019,1.75497619649288
gdp_growth,AUT,2018,2.48422114080024
gdp_growth,AUT,2017,2.27224992038207
gdp_growth,AUT,2016,2.11721964494312
gdp_growth,AUT,2015,1.30352331826198
gdp_growth,AUT,2014,0.755798850316665
gdp_growth,AUT,2013,-0.250726423318454
gdp_growth,AUT,2012,0.628246239479637
gdp_growth,AUT,2011,2.92746800169145
gdp_growth,AUT,2010,1.80898243043663
gdp_growth,AZE,2024,4.15806800428062
gdp_growth,AZE,2023,1.35447749115767
gdp_growth,AZE,2022,4.71468033247649
gdp_growth,AZE,2021,5.61644027150554
gdp_growth,AZE,2020,-4.19896065333343
gdp_growth,AZE,2019,2.47980879185565
gdp_growth,AZE,2018,1.50040167167313
gdp_growth,AZE,2017,0.153614661745507
gdp_growth,AZE,2016,-3.06359842251706
gdp_growth,AZE,2015,1.04954641215085
gdp_growth,AZE,2014,2.79758521448559
gdp_growth,AZE,2013,5.84341590483928
gdp_growth,AZE,2012,2.20293891708398
gdp_growth,AZE,2011,-1.5729973511111
gdp_growth,AZE,2010,4.78883248761557
gdp_growth,BEL,2024,1.09775383828703
gdp_growth,BEL,2023,1.56125539542029
gdp_growth,BEL,2022,4.02460852835887
gdp_growth,BEL,2021,6.25445686466593
gdp_growth,BEL,2020,-4.7929839083518
gdp_growth,BEL,2019,2.4428900448156
gdp_growth,BEL,2018,1.87796847383565
gdp_growth,BEL,2017,1.47446761556785
gdp_growth,BEL,2016,1.19350273007754
gdp_growth,BEL,2015,1.47416433731927
gdp_growth,BEL,2014,1.76554038149924
gdp_growth,BEL,2013,0.305494549070232
gdp_growth,BEL,2012,0.215803612089744
gdp_growth,BEL,2011,1.93115502411325
gdp_growth,BEL,2010,2.71031150254662
gdp_growth,BGR,2024,3.38708962009333
gdp_growth,BGR,2023,1.68151075832925
gdp_growth,BGR,2022,4.08386398118941
gdp_growth,BGR,2021,7.82817310703665
gdp_growth,BGR,2020,-3.13323543125917
gdp_growth,BGR,2019,3.79331964589196
gdp_growth,BGR,2018,2.33015054210419
gdp_growth,BGR,2017,2.74592737750996
gdp_growth,BGR,2016,3.02662820096305
gdp_growth,BGR,2015,3.39755351999294
gdp_growth,BGR,2014,0.949449772002041
gdp_growth,BGR,2013,-0.542753400392826
gdp_growth,BGR,2012,0.748814556346105
gdp_growth,BGR,2011,2.09017598337418
gdp_growth,BGR,2010,1.55536266288017
gdp_growth,BLR,2024,4.34999638140579
gdp_growth,BLR,2023,4.12654007153881
gdp_growth,BLR,2022,-4.65839591328999
gdp_growth,BLR,2021,2.43886210234947
gdp_growth,BLR,2020,-0.672742918585868
gdp_growth,BLR,2019,1.44645548204305
gdp_growth,BLR,2018,3.14919758275296
gdp_growth,BLR,2017,2.53218349471909
gdp_growth,BLR,2016,-2.5264464460425
gdp_growth,BLR,2015,-3.82957056812593
gdp_growth,BLR,2014,1.65112470228097
gdp_growth,BLR,2013,0.998719299661161
gdp_growth,BLR,2012,1.70785253368828
gdp_growth,BLR,2011,5.54997471638077
gdp_growth,BLR,2010,7.75001707500896
gdp_growth,CYP,2024,3.94076934447787
gdp_growth,CYP,2023,3.62045368236082
gdp_growth,CYP,2022,8.73854684881674
gdp_growth,CYP,2021,11.3975590801512
gdp_growth,CYP,2020,-3.22063018637567
gdp_growth,CYP,2019,5.87559583386607
gdp_growth,CYP,2018,6.27166360056404
gdp_growth,CYP,2017,5.75083236554525
gdp_growth,CYP,2016,6.57359080924678
gdp_growth,CYP,2015,3.41892038889013
gdp_growth,CYP,2014,-1.77605867728616
gdp_growth,CYP,2013,-6.58747751118347
gdp_growth,CYP,2012,-3.44738151374587
gdp_growth,CYP,2011,0.416711868408683
gdp_growth,CYP,2010,2.28267100119788
gdp_growth,CZE,2024,1.25131096245923
gdp_growth,CZE,2023,0.0475803308973752
gdp_growth,CZE,2022,2.8471706583814
gdp_growth,CZE,2021,4.02901832055149
gdp_growth,CZE,2020,-5.30487955463876
gdp_growth,CZE,2019,3.56577658128261
gdp_growth,CZE,2018,2.83030588267866
gdp_growth,CZE,2017,5.17356529967881
gdp_growth,CZE,2016,2.58087013921376
gdp_growth,CZE,2015,4.95875848915604
gdp_growth,CZE,2014,2.24521219862635
gdp_growth,CZE,2013,-0.0418124160447491
gdp_growth,CZE,2012,-0.770668190622743
gdp_growth,CZE,2011,1.77238085338473
gdp_growth,CZE,2010,2.71466509907701
gdp_growth,DEU,2024,-0.495851897260366
gdp_growth,DEU,2023,-0.869647578573321
gdp_growth,DEU,2022,1.8092581243061
gdp_growth,DEU,2021,3.90999994204108
gdp_growth,DEU,2020,-4.13191443239947
gdp_growth,DEU,2019,0.977734697038784
gdp_growth,DEU,2018,1.13569604599849
gdp_growth,DEU,2017,2.797906720551
gdp_growth,DEU,2016,2.22222216259371
gdp_growth,DEU,2015,1.66300602334775
gdp_growth,DEU,2014,2.18018602168017
gdp_growth,DEU,2013,0.396995583779145
gdp_growth,DEU,2012,0.463512036709204
gdp_growth,DEU,2011,3.75796884489337
gdp_growth,DEU,2010,4.13463778522758
gdp_growth,DNK,2024,3.47783593140312
gdp_growth,DNK,2023,0.604587766175584
gdp_growth,DNK,2022,0.443832614908331
gdp_growth,DNK,2021,6.50025445756295
gdp_growth,DNK,2020,-1.78010601831291
gdp_growth,DNK,2019,1.71140093932736
gdp_growth,DNK,2018,1.8600074900921
gdp_growth,DNK,2017,3.05647723922718
gdp_growth,DNK,2016,3.07304549209093
gdp_growth,DNK,2015,2.10441456445301
gdp_growth,DNK,2014,1.27799983192831
gdp_growth,DNK,2013,1.39267343161971
gdp_growth,DNK,2012,-0.00543230161670749
gdp_growth,DNK,2011,1.3108037609606
gdp_growth,DNK,2010,1.58289703108802
gdp_growth,ESP,2024,3.45525405630191
gdp_growth,ESP,2023,2.46085796805582
gdp_growth,ESP,2022,6.37031712129601
gdp_growth,ESP,2021,6.68314420473001
gdp_growth,ESP,2020,-10.9400706350371
gdp_growth,ESP,2019,1.96117850841711
gdp_growth,ESP,2018,2.39541124478878
gdp_growth,ESP,2017,2.89604207865007
gdp_growth,ESP,2016,2.91515598595787
gdp_growth,ESP,2015,4.06086672473866
gdp_growth,ESP,2014,1.52048593647231
gdp_growth,ESP,2013,-1.42732224757626
gdp_growth,ESP,2012,-2.86511368637748
gdp_growth,ESP,2011,-0.639920636520344
gdp_growth,ESP,2010,0.0941223116369514
gdp_growth,EST,2024,-0.0900428648493801
gdp_growth,EST,2023,-2.74421914571231
gdp_growth,EST,2022,-1.22616966587796
gdp_growth,EST,2021,8.25488044580031
gdp_growth,EST,2020,-2.88380751483778
gdp_growth,EST,2019,3.72664943466884
gdp_growth,EST,2018,3.69969756161726
gdp_growth,EST,2017,5.63467248963991
gdp_growth,EST,2016,3.09301920751959
gdp_growth,EST,2015,1.83815262882932
gdp_growth,EST,2014,3.32278988182702
gdp_growth,EST,2013,1.75649379621869
gdp_growth,EST,2012,3.67201872506541
gdp_growth,EST,2011,7.60697458913162
gdp_growth,EST,2010,2.4497502063999
gdp_growth,FIN,2024,0.374566568538427
gdp_growth,FIN,2023,-1.28973484453397
gdp_growth,FIN,2022,0.763041912763526
gdp_growth,FIN,2021,2.67634641498897
gdp_growth,FIN,2020,-2.49103605535707
gdp_growth,FIN,2019,1.34973845741737
gdp_growth,FIN,2018,1.19297759742292
gdp_growth,FIN,2017,3.30337003591039
gdp_growth,FIN,2016,2.57193414898754
gdp_growth,FIN,2015,0.466503766322674
gdp_growth,FIN,2014,-0.4780684247837
gdp_growth,FIN,2013,-0.979741024949618
gdp_growth,FIN,2012,-1.52284013040689
gdp_growth,FIN,2011,2.39039455396828
gdp_growth,FIN,2010,3.1682879121621
gdp_growth,FRA,2024,1.19046798275883
gdp_growth,FRA,2023,1.43921494437743
gdp_growth,FRA,2022,2.71676264185913
gdp_growth,FRA,2021,6.88233783360239
gdp_growth,FRA,2020,-7.44064589948231
gdp_growth,FRA,2019,2.02744646419237
gdp_growth,FRA,2018,1.64590872395887
gdp_growth,FRA,2017,2.08361485997399
gdp_growth,FRA,2016,0.860031075424033
gdp_growth,FRA,2015,1.06675474783462
gdp_growth,FRA,2014,0.997832947295251
gdp_growth,FRA,2013,0.781756446231
gdp_growth,FRA,2012,0.183835264973013
gdp_growth,FRA,2011,2.43757653729007
gdp_growth,FRA,2010,2.00032476039051
gdp_growth,GEO,2024,9.67979379712661
gdp_growth,GEO,2023,7.83220126555726
gdp_growth,GEO,2022,10.9585321385624
gdp_growth,GEO,2021,10.6442336580969
gdp_growth,GEO,2020,-6.2904717853839
gdp_growth,GEO,2019,5.38071926589951
gdp_growth,GEO,2018,6.062036412677
gdp_growth,GEO,2017,5.15990261658827
gdp_growth,GEO,2016,3.45021517996871
gdp_growth,GEO,2015,3.35102350265353
gdp_growth,GEO,2014,4.09049059581743
gdp_growth,GEO,2013,5.13288531209382
gdp_growth,GEO,2012,6.57883101954195
gdp_growth,GEO,2011,7.9343365253078
gdp_growth,GEO,2010,6.24640865303363
gdp_growth,GRC,2024,2.0865743380603
gdp_growth,GRC,2023,2.13591131996631
gdp_growth,GRC,2022,5.52198580589408
gdp_growth,GRC,2021,8.65449786002131
gdp_growth,GRC,2020,-9.19623149726978
gdp_growth,GRC,2019,2.27718065334808
gdp_growth,GRC,2018,2.06467207892409
gdp_growth,GRC,2017,1.47312472702352
gdp_growth,GRC,2016,-0.0317947678412054
gdp_growth,GRC,2015,-0.228301892172851
gdp_growth,GRC,2014,0.792225060962835
gdp_growth,GRC,2013,-2.27211699888024
gdp_growth,GRC,2012,-8.33113421099992
gdp_growth,GRC,2011,-9.87677875300243
gdp_growth,GRC,2010,-5.6937412158003
gdp_growth,HRV,2024,3.82578440126859
gdp_growth,HRV,2023,3.76204092717136
gdp_growth,HRV,2022,7.29479114889533
gdp_growth,HRV,2021,12.6312741312741
gdp_growth,HRV,2020,-8.31046995309319
gdp_growth,HRV,2019,3.10247285336254
gdp_growth,HRV,2018,2.91107146210912
gdp_growth,HRV,2017,3.2840626939789
gdp_growth,HRV,2016,3.46613146011039
gdp_growth,HRV,2015,2.32056679330526
gdp_growth,HRV,2014,-0.559537666687092
gdp_growth,HRV,2013,-0.132561080066893
gdp_growth,HRV,2012,-2.23702049605232
gdp_growth,HRV,2011,-0.111527124990047
gdp_growth,HRV,2010,-1.33616285467264
gdp_growth,HUN,2024,0.709070599066038
gdp_growth,HUN,2023,-0.817107370513455
gdp_growth,HUN,2022,4.15238057779229
gdp_growth,HUN,2021,7.22291580811137
gdp_growth,HUN,2020,-4.33872540024058
gdp_growth,HUN,2019,5.07718495088933
gdp_growth,HUN,2018,5.60613813768876
gdp_growth,HUN,2017,4.12418389451805
gdp_growth,HUN,2016,2.43864141309342
gdp_growth,HUN,2015,3.65981615406955
gdp_growth,HUN,2014,4.33435364113967
gdp_growth,HUN,2013,2.03216990678146
gdp_growth,HUN,2012,-1.33948446518181
gdp_growth,HUN,2011,1.91670916599742
gdp_growth,HUN,2010,1.06795068152046
gdp_growth,IRL,2024,2.59946721553708
gdp_growth,IRL,2023,-2.53637409313261
gdp_growth,IRL,2022,7.51113888415304
gdp_growth,IRL,2021,16.2581881158197
gdp_growth,IRL,2020,7.15369505735335
gdp_growth,IRL,2019,4.97288003766816
gdp_growth,IRL,2018,7.68865937437435
gdp_growth,IRL,2017,10.1088576065965
gdp_growth,IRL,2016,1.22271661130947
gdp_growth,IRL,2015,24.6239856364006
gdp_growth,IRL,2014,9.38579335130922
gdp_growth,IRL,2013,2.1929375750029
gdp_growth,IRL,2012,-0.40502941658977
gdp_growth,IRL,2011,1.60886648916944
gdp_growth,IRL,2010,1.68297175486512
gdp_growth,ITA,2024,0.783039135276795
gdp_growth,ITA,2023,0.922796543670316
gdp_growth,ITA,2022,4.82117669913565
gdp_growth,ITA,2021,8.93106210800055
gdp_growth,ITA,2020,-8.86822122185345
gdp_growth,ITA,2019,0.429162533780342
gdp_growth,ITA,2018,0.826646712344115
gdp_growth,ITA,2017,1.60369995294101
gdp_growth,ITA,2016,1.23622108511661
gdp_growth,ITA,2015,0.885667635240807
gdp_growth,ITA,2014,-0.00138761730454462
gdp_growth,ITA,2013,-1.81802510749792
gdp_growth,ITA,2012,-3.12523877282996
gdp_growth,ITA,2011,0.695463154440176
gdp_growth,ITA,2010,1.52910573247101
gdp_growth,LTU,2024,3.03019543767596
gdp_growth,LTU,2023,0.739537398185803
gdp_growth,LTU,2022,2.46532013155011
gdp_growth,LTU,2021,6.39481772930206
gdp_growth,LTU,2020,0.0428158336981426
gdp_growth,LTU,2019,4.67735183530451
gdp_growth,LTU,2018,4.91836780106811
gdp_growth,LTU,2017,4.61224310312809
gdp_growth,LTU,2016,2.67192215053329
gdp_growth,LTU,2015,2.83280643343234
gdp_growth,LTU,2014,3.7725437958099
gdp_growth,LTU,2013,4.04691318575325
gdp_growth,LTU,2012,4.38290584355157
gdp_growth,LTU,2011,6.32363664821298
gdp_growth,LTU,2010,0.427199566550769
gdp_growth,LUX,2024,0.358614003982225
gdp_growth,LUX,2023,0.0994370594039111
gdp_growth,LUX,2022,-1.09741256293819
gdp_growth,LUX,2021,6.92973270801744
gdp_growth,LUX,2020,-0.510051634039826
gdp_growth,LUX,2019,2.74932091920692
gdp_growth,LUX,2018,1.61129891211624
gdp_growth,LUX,2017,1.31711942298405
gdp_growth,LUX,2016,4.97819047122638
gdp_growth,LUX,2015,2.26836572735107
gdp_growth,LUX,2014,2.62308838097542
gdp_growth,LUX,2013,3.17168513780955
gdp_growth,LUX,2012,1.64971134354685
gdp_growth,LUX,2011,1.0442860057217
gdp_growth,LUX,2010,3.76040578658925
gdp_growth,LVA,2024,-0.0370556648288982
gdp_growth,LVA,2023,-0.941606068823631
gdp_growth,LVA,2022,1.90853419029801
gdp_growth,LVA,2021,6.94254173062592
gdp_growth,LVA,2020,-3.46922750780554
gdp_growth,LVA,2019,0.675372771884227
gdp_growth,LVA,2018,4.30971286294503
gdp_growth,LVA,2017,3.39894872623931
gdp_growth,LVA,2016,2.55168601974034
gdp_growth,LVA,2015,3.78336712084972
gdp_growth,LVA,2014,2.0949597710559
gdp_growth,LVA,2013,2.09609028156248
gdp_growth,LVA,2012,7.30524057200897
gdp_growth,LVA,2011,3.03634482668815
gdp_growth,LVA,2010,-3.66125859554762
gdp_growth,MDA,2024,0.270670455512573
gdp_growth,MDA,2023,1.18802067937429
gdp_growth,MDA,2022,-4.64785101037361
gdp_growth,MDA,2021,13.9299997889786
gdp_growth,MDA,2020,-8.27597831976949
gdp_growth,MDA,2019,3.5523140853476
gdp_growth,MDA,2018,4.07559546585034
gdp_growth,MDA,2017,4.17561205106279
gdp_growth,MDA,2016,4.64601436259409
gdp_growth,MDA,2015,-0.338235622387202
gdp_growth,MDA,2014,4.99962585407656
gdp_growth,MDA,2013,9.0438656074181
gdp_growth,MDA,2012,-0.589733954762579
gdp_growth,MDA,2011,5.81816614684824
gdp_growth,MDA,2010,7.10000010705836
gdp_growth,MLT,2024,6.21275996991034
gdp_growth,MLT,2023,10.6340558017004
gdp_growth,MLT,2022,2.59276776884379
gdp_growth,MLT,2021,13.3509818925498
gdp_growth,MLT,2020,-3.45728232537419
gdp_growth,MLT,2019,4.0850557312243
gdp_growth,MLT,2018,7.18921425536917
gdp_growth,MLT,2017,12.9713425287845
gdp_growth,MLT,2016,4.07800422216982
gdp_growth,MLT,2015,9.62070302842181
gdp_growth,MLT,2014,7.6313628225042
gdp_growth,MLT,2013,6.29233378116625
gdp_growth,MLT,2012,4.10167460261891
gdp_growth,MLT,2011,0.992201768011597
gdp_growth,MLT,2010,6.19734978656928
gdp_growth,NLD,2024,1.07383137319854
gdp_growth,NLD,2023,-0.598061017580278
gdp_growth,NLD,2022,5.00723453395074
gdp_growth,NLD,2021,6.27683593745216
gdp_growth,NLD,2020,-3.86799714191608
gdp_growth,NLD,2019,2.3001616053659
gdp_growth,NLD,2018,2.25873158164956
gdp_growth,NLD,2017,2.78150834679987
gdp_growth,NLD,2016,2.42428065449427
gdp_growth,NLD,2015,2.12064007193544
gdp_growth,NLD,2014,1.61255885112396
gdp_growth,NLD,2013,-0.0302410184270769
gdp_growth,NLD,2012,-0.977826121310997
gdp_growth,NLD,2011,1.77330320575034
gdp_growth,NLD,2010,1.31935287897116
gdp_growth,POL,2024,3.02841630700273
gdp_growth,POL,2023,0.249610834017872
gdp_growth,POL,2022,5.25545697386036
gdp_growth,POL,2021,6.92718266052501
gdp_growth,POL,2020,-2.03556882399977
gdp_growth,POL,2019,4.58045817256199
gdp_growth,POL,2018,6.2458584723942
gdp_growth,POL,2017,5.15245773325907
gdp_growth,POL,2016,3.03117767594847
gdp_growth,POL,2015,4.43176700264478
gdp_growth,POL,2014,3.92050862390032
gdp_growth,POL,2013,0.684240607051805
gdp_growth,POL,2012,1.51178167644575
gdp_growth,POL,2011,5.25546256612796
gdp_growth,POL,2010,3.16892748258036
gdp_growth,PRT,2024,2.21459232301109
gdp_growth,PRT,2023,3.09998745904281
gdp_growth,PRT,2022,6.98584137580278
gdp_growth,PRT,2021,5.55875672070374
gdp_growth,PRT,2020,-8.20463159324387
gdp_growth,PRT,2019,2.74568432648596
gdp_growth,PRT,2018,2.94628343449202
gdp_growth,PRT,2017,3.31472008175986
gdp_growth,PRT,2016,2.00414129666575
gdp_growth,PRT,2015,1.58979803702681
gdp_growth,PRT,2014,0.741391420706506
gdp_growth,PRT,2013,-0.984106574148328
gdp_growth,PRT,2012,-4.05090267621935
gdp_growth,PRT,2011,-1.71352745905065
gdp_growth,PRT,2010,1.73762453640036
gdp_growth,ROU,2024,0.916003764382594
gdp_growth,ROU,2023,2.25773416555121
gdp_growth,ROU,2022,4.18771305104109
gdp_growth,ROU,2021,5.58735072538869
gdp_growth,ROU,2020,-3.59802546034757
gdp_growth,ROU,2019,3.96028958497598
gdp_growth,ROU,2018,5.39452228185675
gdp_growth,ROU,2017,8.19547826641261
gdp_growth,ROU,2016,2.85993252302089
gdp_growth,ROU,2015,3.1570360543854
gdp_growth,ROU,2014,4.11600109267832
gdp_growth,ROU,2013,0.278771877470234
gdp_growth,ROU,2012,1.90361696799603
gdp_growth,ROU,2011,4.49558909946313
gdp_growth,ROU,2010,-3.90581157302972
gdp_growth,SVK,2024,1.93867445549446
gdp_growth,SVK,2023,2.11263633214959
gdp_growth,SVK,2022,0.544591632137454
gdp_growth,SVK,2021,5.6558588065555
gdp_growth,SVK,2020,-2.58551241733207
gdp_growth,SVK,2019,2.27589910019393
gdp_growth,SVK,2018,4.06211981896483
gdp_growth,SVK,2017,2.87473327453695
gdp_growth,SVK,2016,1.94781841524558
gdp_growth,SVK,2015,5.17687909722133
gdp_growth,SVK,2014,2.70795151449488
gdp_growth,SVK,2013,0.703323545247201
gdp_growth,SVK,2012,1.56917104702706
gdp_growth,SVK,2011,2.56242473215553
gdp_growth,SVK,2010,6.79058159142423
gdp_growth,SVN,2024,1.73139722479493
gdp_growth,SVN,2023,2.3758326648385
gdp_growth,SVN,2022,2.66850555542486
gdp_growth,SVN,2021,8.41686457725321
gdp_growth,SVN,2020,-4.08500094942896
gdp_growth,SVN,2019,3.50525332381912
gdp_growth,SVN,2018,4.37908347331195
gdp_growth,SVN,2017,5.17440215579958
gdp_growth,SVN,2016,3.03441486663654
gdp_growth,SVN,2015,2.39330621338168
gdp_growth,SVN,2014,2.76283327639742
gdp_growth,SVN,2013,-0.823776417691676
gdp_growth,SVN,2012,-2.91553782040462
gdp_growth,SVN,2011,0.655438128379743
gdp_growth,SVN,2010,1.11213719306735
gdp_growth,SWE,2024,1.01779633304398
gdp_growth,SWE,2023,-0.204061304891439
gdp_growth,SWE,2022,1.25543620445816
gdp_growth,SWE,2021,5.2258643028773
gdp_growth,SWE,2020,-1.93379704032216
gdp_growth,SWE,2019,2.60823012869524
gdp_growth,SWE,2018,1.7702553546772
gdp_growth,SWE,2017,1.88282184966646
gdp_growth,SWE,2016,2.13117914731151
gdp_growth,SWE,2015,4.38824673608589
gdp_growth,SWE,2014,2.29577238758284
gdp_growth,SWE,2013,1.13766671801426
gdp_growth,SWE,2012,-0.414397702454409
gdp_growth,SWE,2011,3.16388567406926
gdp_growth,SWE,2010,5.75076477579255
gdp_growth,UKR,2024,3.24811808426423
gdp_growth,UKR,2023,5.53473354963334
gdp_growth,UKR,2022,-28.7585842155085
gdp_growth,UKR,2021,3.44562065945944
gdp_growth,UKR,2020,-3.75281793983162
gdp_growth,UKR,2019,3.19950386354134
gdp_growth,UKR,2018,3.48836234022659
gdp_growth,UKR,2017,2.35997228099491
gdp_growth,UKR,2016,2.44098194492067
gdp_growth,UKR,2015,-9.7729872128676
gdp_growth,UKR,2014,-10.0788949840953
gdp_growth,UKR,2013,0.045439094492707
gdp_growth,UKR,2012,0.152314967200653
gdp_growth,UKR,2011,5.44528081048476
gdp_growth,UKR,2010,4.09200436668087
inflation_gdp_deflator,ARM,2024,1.40106081544975
inflation_gdp_deflator,ARM,2023,3.10027629995311
inflation_gdp_deflator,ARM,2022,7.98587852828175
inflation_gdp_deflator,ARM,2021,6.90051365787157
inflation_gdp_deflator,ARM,2020,1.80659270159933
inflation_gdp_deflator,ARM,2019,1.06562263923419
inflation_gdp_deflator,ARM,2018,2.78770951425761
inflation_gdp_deflator,ARM,2017,2.15064189848613
inflation_gdp_deflator,ARM,2016,0.268575076501392
inflation_gdp_deflator,ARM,2015,1.21390990471085
inflation_gdp_deflator,ARM,2014,2.30918242990974
inflation_gdp_deflator,ARM,2013,3.36682464224465
inflation_gdp_deflator,ARM,2012,5.34580441814725
inflation_gdp_deflator,ARM,2011,4.28154999826118
inflation_gdp_deflator,ARM,2010,7.76871548067652
inflation_gdp_deflator,AUT,2024,4.08681239792917
inflation_gdp_deflator,AUT,2023,7.1747129124039
inflation_gdp_deflator,AUT,2022,5.02343156333271
inflation_gdp_deflator,AUT,2021,1.80187299270295
inflation_gdp_deflator,AUT,2020,2.59313253599376
inflation_gdp_deflator,AUT,2019,1.47368502823586
inflation_gdp_deflator,AUT,2018,1.81047996133594
inflation_gdp_deflator,AUT,2017,0.975317906732371
inflation_gdp_deflator,AUT,2016,1.81475082333313
inflation_gdp_deflator,AUT,2015,2.29263470154871
inflation_gdp_deflator,AUT,2014,2.00674413208939
inflation_gdp_deflator,AUT,2013,1.70872288191161
inflation_gdp_deflator,AUT,2012,2.09166476490424
inflation_gdp_deflator,AUT,2011,1.81993743804168
inflation_gdp_deflator,AUT,2010,0.891338694909649
inflation_gdp_deflator,AZE,2024,-1.34423961292765
inflation_gdp_deflator,AZE,2023,-9.32261504785629
inflation_gdp_deflator,AZE,2022,37.2707211293747
inflation_gdp_deflator,AZE,2021,21.5888365787351
inflation_gdp_deflator,AZE,2020,-7.49363345867255
inflation_gdp_deflator,AZE,2019,-0.221652784964604
inflation_gdp_deflator,AZE,2018,12.1844330031831
inflation_gdp_deflator,AZE,2017,16.226204549171
inflation_gdp_deflator,AZE,2016,14.6283389647903
inflation_gdp_deflator,AZE,2015,-8.80961556609952
inflation_gdp_deflator,AZE,2014,-1.33020421239041
inflation_gdp_deflator,AZE,2013,0.413163922120958
inflation_gdp_deflator,AZE,2012,2.84498268342621
inflation_gdp_deflator,AZE,2011,24.6069496884519
inflation_gdp_deflator,AZE,2010,13.8276658365282
inflation_gdp_deflator,BEL,2024,1.88024411217241
inflation_gdp_deflator,BEL,2023,5.50779389634111
inflation_gdp_deflator,BEL,2022,6.69902524819976
inflation_gdp_deflator,BEL,2021,2.69731875410955
inflation_gdp_deflator,BEL,2020,1.59611667576401
inflation_gdp_deflator,BEL,2019,1.85424076568934
inflation_gdp_deflator,BEL,2018,1.71728236623039
inflation_gdp_deflator,BEL,2017,1.98316343604859
inflation_gdp_deflator,BEL,2016,1.89528913569444
inflation_gdp_deflator,BEL,2015,1.12183851916816
inflation_gdp_deflator,BEL,2014,0.840395740063599
inflation_gdp_deflator,BEL,2013,1.41248965471736
inflation_gdp_deflator,BEL,2012,2.20573642403188
inflation_gdp_deflator,BEL,2011,2.29252172328242
inflation_gdp_deflator,BEL,2010,1.70310444520605
inflation_gdp_deflator,BGR,2024,7.20423580050331
inflation_gdp_deflator,BGR,2023,7.99709199455781
inflation_gdp_deflator,BGR,2022,15.9184610592695
inflation_gdp_deflator,BGR,2021,6.96609956897447
inflation_gdp_deflator,BGR,2020,4.34990779928985
inflation_gdp_deflator,BGR,2019,5.28264348943156
inflation_gdp_deflator,BGR,2018,4.23528219652766
inflation_gdp_deflator,BGR,2017,4.81312201964556
inflation_gdp_deflator,BGR,2016,3.32355888853566
inflation_gdp_deflator,BGR,2015,2.94773984858946
inflation_gdp_deflator,BGR,2014,1.34078607268415
inflation_gdp_deflator,BGR,2013,0.0719574385567938
inflation_gdp_deflator,BGR,2012,1.11217130423154
inflation_gdp_deflator,BGR,2011,6.11282837292184
inflation_gdp_deflator,BGR,2010,0.764130914968717
inflation_gdp_deflator,BLR,2024,12.1668402198719
inflation_gdp_deflator,BLR,2023,8.04676215128896
inflation_gdp_deflator,BLR,2022,14.8848623635367
inflation_gdp_deflator,BLR,2021,15.3265737193908
inflation_gdp_deflator,BLR,2020,11.8774650462643
inflation_gdp_deflator,BLR,2019,8.57698909105054
inflation_gdp_deflator,BLR,2018,12.1392299880648
inflation_gdp_deflator,BLR,2017,8.62314741010877
inflation_gdp_deflator,BLR,2016,8.34191706191312
inflation_gdp_deflator,BLR,2015,16.0224937897335
inflation_gdp_deflator,BLR,2014,18.1925984572644
inflation_gdp_deflator,BLR,2013,21.2630002283286
inflation_gdp_deflator,BLR,2012,75.2416667116347
inflation_gdp_deflator,BLR,2011,70.76129097803
inflation_gdp_deflator,BLR,2010,11.3403098732787
inflation_gdp_deflator,CYP,2024,3.1220034017947
inflation_gdp_deflator,CYP,2023,5.60068698105447
inflation_gdp_deflator,CYP,2022,6.16482950856525
inflation_gdp_deflator,CYP,2021,3.03406314812496
inflation_gdp_deflator,CYP,2020,-1.20792857395175
inflation_gdp_deflator,CYP,2019,1.35009076801123
inflation_gdp_deflator,CYP,2018,1.02575360460912
inflation_gdp_deflator,CYP,2017,1.02039376290533
inflation_gdp_deflator,CYP,2016,-0.574742494242457
inflation_gdp_deflator,CYP,2015,-0.754231430452322
inflation_gdp_deflator,CYP,2014,-1.33826573105922
inflation_gdp_deflator,CYP,2013,-0.937738949964341
inflation_gdp_deflator,CYP,2012,1.67877418981877
inflation_gdp_deflator,CYP,2011,1.61625502234671
inflation_gdp_deflator,CYP,2010,1.88138203943318
inflation_gdp_deflator,CZE,2024,3.90248023036213
inflation_gdp_deflator,CZE,2023,8.59789006156055
inflation_gdp_deflator,CZE,2022,8.67110087967065
inflation_gdp_deflator,CZE,2021,4.03442637497191
inflation_gdp_deflator,CZE,2020,4.51623223406736
inflation_gdp_deflator,CZE,2019,3.8413178989087
inflation_gdp_deflator,CZE,2018,2.81335980001735
inflation_gdp_deflator,CZE,2017,1.6836205033357
inflation_gdp_deflator,CZE,2016,1.49123391004676
inflation_gdp_deflator,CZE,2015,1.23453645859612
inflation_gdp_deflator,CZE,2014,2.7067159395823
inflation_gdp_deflator,CZE,2013,1.2715877867745
inflation_gdp_deflator,CZE,2012,1.34339010085863
inflation_gdp_deflator,CZE,2011,-0.221133416037063
inflation_gdp_deflator,CZE,2010,-0.485125297413731
inflation_gdp_deflator,DEU,2024,3.1102774214087
inflation_gdp_deflator,DEU,2023,6.6911238945853
inflation_gdp_deflator,DEU,2022,6.41315910830296
inflation_gdp_deflator,DEU,2021,2.69677840082888
inflation_gdp_deflator,DEU,2020,1.75745290166456
inflation_gdp_deflator,DEU,2019,2.00929122727773
inflation_gdp_deflator,DEU,2018,1.87085953898291
inflation_gdp_deflator,DEU,2017,1.47661425586129
inflation_gdp_deflator,DEU,2016,1.25424485239203
inflation_gdp_deflator,DEU,2015,1.74443989037543
inflation_gdp_deflator,DEU,2014,1.89470416699187
inflation_gdp_deflator,DEU,2013,1.99569888138804
inflation_gdp_deflator,DEU,2012,1.43633622765856
inflation_gdp_deflator,DEU,2011,1.22973443987648
inflation_gdp_deflator,DEU,2010,0.699760025176531
inflation_gdp_deflator,DNK,2024,1.45545513933037
inflation_gdp_deflator,DNK,2023,-2.12250636567327
inflation_gdp_deflator,DNK,2022,10.3984104940467
inflation_gdp_deflator,DNK,2021,3.04435420134703
inflation_gdp_deflator,DNK,2020,2.82692168535247
inflation_gdp_deflator,DNK,2019,0.950878606508979
inflation_gdp_deflator,DNK,2018,0.593022199554014
inflation_gdp_deflator,DNK,2017,1.10061874801856
inflation_gdp_deflator,DNK,2016,0.42651293565801
inflation_gdp_deflator,DNK,2015,0.409102918740629
inflation_gdp_deflator,DNK,2014,1.01870648692126
inflation_gdp_deflator,DNK,2013,0.846911259922024
inflation_gdp_deflator,DNK,2012,2.40784261053872
inflation_gdp_deflator,DNK,2011,0.646380343342173
inflation_gdp_deflator,DNK,2010,3.18685979296221
inflation_gdp_deflator,ESP,2024,2.89236477965287
inflation_gdp_deflator,ESP,2023,6.24520480258481
inflation_gdp_deflator,ESP,2022,4.69383953106939
inflation_gdp_deflator,ESP,2021,2.55611236501613
inflation_gdp_deflator,ESP,2020,1.13391454164042
inflation_gdp_deflator,ESP,2019,1.42867123652391
inflation_gdp_deflator,ESP,2018,1.18735470237598
inflation_gdp_deflator,ESP,2017,1.25794431812474
inflation_gdp_deflator,ESP,2016,0.372182539615821
inflation_gdp_deflator,ESP,2015,0.552441816045786
inflation_gdp_deflator,ESP,2014,-0.22068679671149
inflation_gdp_deflator,ESP,2013,0.438175032697188
inflation_gdp_deflator,ESP,2012,-0.202954992229195
inflation_gdp_deflator,ESP,2011,-0.145958771821014
inflation_gdp_deflator,ESP,2010,0.292837731273394
inflation_gdp_deflator,EST,2024,3.98984389478063
inflation_gdp_deflator,EST,2023,8.6352827532792
inflation_gdp_deflator,EST,2022,16.844809078341
inflation_gdp_deflator,EST,2021,4.29149270003289
inflation_gdp_deflator,EST,2020,0.753338456718083
inflation_gdp_deflator,EST,2019,3.8226798680774
inflation_gdp_deflator,EST,2018,4.84907461768212
inflation_gdp_deflator,EST,2017,3.74109847269489
inflation_gdp_deflator,EST,2016,2.43852660721117
inflation_gdp_deflator,EST,2015,1.30643907694559
inflation_gdp_deflator,EST,2014,2.85654308393384
inflation_gdp_deflator,EST,2013,4.12395389036655
inflation_gdp_deflator,EST,2012,4.20552981379841
inflation_gdp_deflator,EST,2011,5.53917467550018
inflation_gdp_deflator,EST,2010,1.81653769106526
inflation_gdp_deflator,FIN,2024,0.717232367777584
inflation_gdp_deflator,FIN,2023,3.92171117971077
inflation_gdp_deflator,FIN,2022,6.17278075702792
inflation_gdp_deflator,FIN,2021,2.49284202465265
inflation_gdp_deflator,FIN,2020,1.63841596860614
inflation_gdp_deflator,FIN,2019,1.48185903627636
inflation_gdp_deflator,FIN,2018,1.98705901186365
inflation_gdp_deflator,FIN,2017,0.836045933090816
inflation_gdp_deflator,FIN,2016,0.05519539775689
inflation_gdp_deflator,FIN,2015,1.63270237918134
inflation_gdp_deflator,FIN,2014,1.64467051608914
inflation_gdp_deflator,FIN,2013,2.56139415952232
inflation_gdp_deflator,FIN,2012,2.94534602282646
inflation_gdp_deflator,FIN,2011,2.60092840038482
inflation_gdp_deflator,FIN,2010,0.348872946424805
inflation_gdp_deflator,FRA,2024,2.08759965215148
inflation_gdp_deflator,FRA,2023,4.99026368272813
inflation_gdp_deflator,FRA,2022,3.01818420778099
inflation_gdp_deflator,FRA,2021,1.22181614073425
inflation_gdp_deflator,FRA,2020,2.97797868174696
inflation_gdp_deflator,FRA,2019,1.21052308336793
inflation_gdp_deflator,FRA,2018,1.11459331332806
inflation_gdp_deflator,FRA,2017,0.586343157961707
inflation_gdp_deflator,FRA,2016,0.517258232209031
inflation_gdp_deflator,FRA,2015,1.13444009013935
inflation_gdp_deflator,FRA,2014,0.570795054388284
inflation_gdp_deflator,FRA,2013,0.747875807422233
inflation_gdp_deflator,FRA,2012,1.08204690089583
inflation_gdp_deflator,FRA,2011,0.851478363204762
inflation_gdp_deflator,FRA,2010,1.089446423803
inflation_gdp_deflator,GEO,2024,4.85867391433284
inflation_gdp_deflator,GEO,2023,2.94809953907664
inflation_gdp_deflator,GEO,2022,8.13545014384806
inflation_gdp_deflator,GEO,2021,10.229587650373
inflation_gdp_deflator,GEO,2020,6.84793338769904
inflation_gdp_deflator,GEO,2019,3.99568034557234
inflation_gdp_deflator,GEO,2018,3.48481628679124
inflation_gdp_deflator,GEO,2017,7.54674499838114
inflation_gdp_deflator,GEO,2016,2.27481842989697
inflation_gdp_deflator,GEO,2015,5.37742167651898
inflation_gdp_deflator,GEO,2014,4.58990448370156
inflation_gdp_deflator,GEO,2013,-0.650965016455302
inflation_gdp_deflator,GEO,2012,0.291166471422628
inflation_gdp_deflator,GEO,2011,9.17171128297396
inflation_gdp_deflator,GEO,2010,15.9058283591544
inflation_gdp_deflator,GRC,2024,3.20936406384638
inflation_gdp_deflator,GRC,2023,6.26971104079917
inflation_gdp_deflator,GRC,2022,6.28541243425478
inflation_gdp_deflator,GRC,2021,1.39275644673982
inflation_gdp_deflator,GRC,2020,-0.363959702932064
inflation_gdp_deflator,GRC,2019,0.245015781395267
inflation_gdp_deflator,GRC,2018,-0.234800451317412
inflation_gdp_deflator,GRC,2017,0.2036135315862
inflation_gdp_deflator,GRC,2016,-0.489961144384012
inflation_gdp_deflator,GRC,2015,-0.174753732642159
inflation_gdp_deflator,GRC,2014,-1.92347455777482
inflation_gdp_deflator,GRC,2013,-1.9603216018036
inflation_gdp_deflator,GRC,2012,-0.334569925784251
inflation_gdp_deflator,GRC,2011,0.976657802861098
inflation_gdp_deflator,GRC,2010,1.18092065228493
inflation_gdp_deflator,HRV,2024,4.48761487628609
inflation_gdp_deflator,HRV,2023,12.870303820317
inflation_gdp_deflator,HRV,2022,8.0097126152175
inflation_gdp_deflator,HRV,2021,2.0810342109412
inflation_gdp_deflator,HRV,2020,0.796428912481801
inflation_gdp_deflator,HRV,2019,1.98558869883709
inflation_gdp_deflator,HRV,2018,2.02671225148859
inflation_gdp_deflator,HRV,2017,1.22924105074425
inflation_gdp_deflator,HRV,2016,0.0142096735846025
inflation_gdp_deflator,HRV,2015,0.123740124401735
inflation_gdp_deflator,HRV,2014,0.129745689649098
inflation_gdp_deflator,HRV,2013,0.738572400563456
inflation_gdp_deflator,HRV,2012,1.4097508285585
inflation_gdp_deflator,HRV,2011,1.67118441203004
inflation_gdp_deflator,HRV,2010,0.920955278990149
inflation_gdp_deflator,HUN,2024,7.57999001730845
inflation_gdp_deflator,HUN,2023,14.9923041737904
inflation_gdp_deflator,HUN,2022,13.9678909516068
inflation_gdp_deflator,HUN,2021,6.16694892296121
inflation_gdp_deflator,HUN,2020,6.42661364413084
inflation_gdp_deflator,HUN,2019,4.75293653395626
inflation_gdp_deflator,HUN,2018,4.84538395103071
inflation_gdp_deflator,HUN,2017,4.03729273738615
inflation_gdp_deflator,HUN,2016,1.32255007729512
inflation_gdp_deflator,HUN,2015,2.81115788673696
inflation_gdp_deflator,HUN,2014,3.69012110404373
inflation_gdp_deflator,HUN,2013,2.83480957212036
inflation_gdp_deflator,HUN,2012,2.87712453550428
inflation_gdp_deflator,HUN,2011,1.92745966857339
inflation_gdp_deflator,HUN,2010,2.53120833175369
inflation_gdp_deflator,IRL,2024,4.53690860398667
inflation_gdp_deflator,IRL,2023,3.39258154333999
inflation_gdp_deflator,IRL,2022,8.00407718550366
inflation_gdp_deflator,IRL,2021,1.04875097676076
inflation_gdp_deflator,IRL,2020,-2.06419100307969
inflation_gdp_deflator,IRL,2019,3.39701463997982
inflation_gdp_deflator,IRL,2018,0.921717914808411
inflation_gdp_deflator,IRL,2017,1.49398382531361
inflation_gdp_deflator,IRL,2016,0.11646501817107
inflation_gdp_deflator,IRL,2015,8.91781250799578
inflation_gdp_deflator,IRL,2014,0.259310565967979
inflation_gdp_deflator,IRL,2013,1.33716015656439
inflation_gdp_deflator,IRL,2012,2.43747909951173
inflation_gdp_deflator,IRL,2011,1.86791206145536
inflation_gdp_deflator,IRL,2010,-2.9689268813618
inflation_gdp_deflator,ITA,2024,1.96841034856486
inflation_gdp_deflator,ITA,2023,6.26000409007918
inflation_gdp_deflator,ITA,2022,3.45535917134771
inflation_gdp_deflator,ITA,2021,1.28332187292641
inflation_gdp_deflator,ITA,2020,1.57740278796771
inflation_gdp_deflator,ITA,2019,1.04700690430435
inflation_gdp_deflator,ITA,2018,1.07058151640653
inflation_gdp_deflator,ITA,2017,0.709821715080693
inflation_gdp_deflator,ITA,2016,1.24817184167345
inflation_gdp_deflator,ITA,2015,0.782776477740896
inflation_gdp_deflator,ITA,2014,0.902550708834269
inflation_gdp_deflator,ITA,2013,1.12578403623358
inflation_gdp_deflator,ITA,2012,1.70237982317502
inflation_gdp_deflator,ITA,2011,1.72878370885738
inflation_gdp_deflator,ITA,2010,0.597839702916559
inflation_gdp_deflator,LTU,2024,3.17004636967202
inflation_gdp_deflator,LTU,2023,9.97342076445898
inflation_gdp_deflator,LTU,2022,15.4437711325066
inflation_gdp_deflator,LTU,2021,6.04010883761583
inflation_gdp_deflator,LTU,2020,2.03874418596244
inflation_gdp_deflator,LTU,2019,2.37586014042606
inflation_gdp_deflator,LTU,2018,3.59301167619761
inflation_gdp_deflator,LTU,2017,4.09579153130848
inflation_gdp_deflator,LTU,2016,0.987472424308564
inflation_gdp_deflator,LTU,2015,-0.0022527821753755
inflation_gdp_deflator,LTU,2014,0.609190658206288
inflation_gdp_deflator,LTU,2013,0.833827550890589
inflation_gdp_deflator,LTU,2012,2.50518093222925
inflation_gdp_deflator,LTU,2011,5.62227904002557
inflation_gdp_deflator,LTU,2010,2.12172150752954
inflation_gdp_deflator,LUX,2024,4.57509382798655
inflation_gdp_deflator,LUX,2023,6.91075240547165
inflation_gdp_deflator,LUX,2022,6.22005520174665
inflation_gdp_deflator,LUX,2021,5.9021312602124
inflation_gdp_deflator,LUX,2020,3.86906326889533
inflation_gdp_deflator,LUX,2019,0.916368822113782
inflation_gdp_deflator,LUX,2018,1.83958475950286
inflation_gdp_deflator,LUX,2017,2.14297279304374
inflation_gdp_deflator,LUX,2016,-1.10761695881988
inflation_gdp_deflator,LUX,2015,2.22059478443452
inflation_gdp_deflator,LUX,2014,2.79670380130254
inflation_gdp_deflator,LUX,2013,2.2761289412073
inflation_gdp_deflator,LUX,2012,3.26617103662434
inflation_gdp_deflator,LUX,2011,3.44947467054639
inflation_gdp_deflator,LUX,2010,4.64842633515492
inflation_gdp_deflator,LVA,2024,2.78829342003959
inflation_gdp_deflator,LVA,2023,10.6724737437668
inflation_gdp_deflator,LVA,2022,9.69246570259344
inflation_gdp_deflator,LVA,2021,3.29734326527044
inflation_gdp_deflator,LVA,2020,2.39332693904262
inflation_gdp_deflator,LVA,2019,4.31638188410186
inflation_gdp_deflator,LVA,2018,3.74027873968454
inflation_gdp_deflator,LVA,2017,2.70923995206107
inflation_gdp_deflator,LVA,2016,0.607930583315365
inflation_gdp_deflator,LVA,2015,0.38688741781985
inflation_gdp_deflator,LVA,2014,1.66994918996278
inflation_gdp_deflator,LVA,2013,1.90052969117932
inflation_gdp_deflator,LVA,2012,2.87856729481426
inflation_gdp_deflator,LVA,2011,4.70810709744489
inflation_gdp_deflator,LVA,2010,-0.483861317727076
inflation_gdp_deflator,MDA,2024,6.42522609005312
inflation_gdp_deflator,MDA,2023,9.29076127122789
inflation_gdp_deflator,MDA,2022,18.9149687443032
inflation_gdp_deflator,MDA,2021,6.38172855134019
inflation_gdp_deflator,MDA,2020,5.57500940096507
inflation_gdp_deflator,MDA,2019,5.35171200346649
inflation_gdp_deflator,MDA,2018,3.21103213223728
inflation_gdp_deflator,MDA,2017,6.25246649143298
inflation_gdp_deflator,MDA,2016,3.5508738308871
inflation_gdp_deflator,MDA,2015,11.5743149591168
inflation_gdp_deflator,MDA,2014,5.14320721702923
inflation_gdp_deflator,MDA,2013,3.92385122182326
inflation_gdp_deflator,MDA,2012,7.42422201997522
inflation_gdp_deflator,MDA,2011,8.19079859862242
inflation_gdp_deflator,MDA,2010,33.3049320977984
inflation_gdp_deflator,MLT,2024,4.10303845280858
inflation_gdp_deflator,MLT,2023,5.16394498940494
inflation_gdp_deflator,MLT,2022,5.08689483963084
inflation_gdp_deflator,MLT,2021,2.46807412821946
inflation_gdp_deflator,MLT,2020,1.93606292720301
inflation_gdp_deflator,MLT,2019,2.50605980096239
inflation_gdp_deflator,MLT,2018,1.79830463597945
inflation_gdp_deflator,MLT,2017,2.13572793737509
inflation_gdp_deflator,MLT,2016,2.12536920875499
inflation_gdp_deflator,MLT,2015,4.20061778303513
inflation_gdp_deflator,MLT,2014,2.27079151833954
inflation_gdp_deflator,MLT,2013,2.25515064392079
inflation_gdp_deflator,MLT,2012,2.16063836145139
inflation_gdp_deflator,MLT,2011,1.48263343132071
inflation_gdp_deflator,MLT,2010,2.76562470872177
inflation_gdp_deflator,NLD,2024,5.6654225778243
inflation_gdp_deflator,NLD,2023,6.30206908032835
inflation_gdp_deflator,NLD,2022,6.15557498292159
inflation_gdp_deflator,NLD,2021,2.74733820576721
inflation_gdp_deflator,NLD,2020,2.35577686266144
inflation_gdp_deflator,NLD,2019,3.02781317575136
inflation_gdp_deflator,NLD,2018,2.53341170885517
inflation_gdp_deflator,NLD,2017,1.43936441864196
inflation_gdp_deflator,NLD,2016,0.565548743031258
inflation_gdp_deflator,NLD,2015,0.888398541092599
inflation_gdp_deflator,NLD,2014,0.344128582413305
inflation_gdp_deflator,NLD,2013,1.14493599899532
inflation_gdp_deflator,NLD,2012,1.32907768194571
inflation_gdp_deflator,NLD,2011,0.242697164111121
inflation_gdp_deflator,NLD,2010,0.710240446809252
inflation_gdp_deflator,POL,2024,3.82894765990332
inflation_gdp_deflator,POL,2023,9.86569270234997
inflation_gdp_deflator,POL,2022,10.689577427514
inflation_gdp_deflator,POL,2021,5.34023602800748
inflation_gdp_deflator,POL,2020,4.23859434856777
inflation_gdp_deflator,POL,2019,3.02644690867653
inflation_gdp_deflator,POL,2018,1.22699825174134
inflation_gdp_deflator,POL,2017,1.77020284945432
inflation_gdp_deflator,POL,2016,0.0828624483893066
inflation_gdp_deflator,POL,2015,1.32071091723995
inflation_gdp_deflator,POL,2014,0.482272387523025
inflation_gdp_deflator,POL,2013,0.270975789944856
inflation_gdp_deflator,POL,2012,2.18343357394524
inflation_gdp_deflator,POL,2011,3.06571454649757
inflation_gdp_deflator,POL,2010,1.57921733174169
inflation_gdp_deflator,PRT,2024,4.86520313456742
inflation_gdp_deflator,PRT,2023,7.48763935838595
inflation_gdp_deflator,PRT,2022,5.32750036102243
inflation_gdp_deflator,PRT,2021,2.01977710282455
inflation_gdp_deflator,PRT,2020,2.10314290097442
inflation_gdp_deflator,PRT,2019,1.83436824863219
inflation_gdp_deflator,PRT,2018,1.85237145416053
inflation_gdp_deflator,PRT,2017,1.53220089864148
inflation_gdp_deflator,PRT,2016,1.8540870315521
inflation_gdp_deflator,PRT,2015,1.96244699137272
inflation_gdp_deflator,PRT,2014,0.724456767129396
inflation_gdp_deflator,PRT,2013,2.27438670185343
inflation_gdp_deflator,PRT,2012,-0.376402176726515
inflation_gdp_deflator,PRT,2011,-0.260435388033883
inflation_gdp_deflator,PRT,2010,0.782135844537365
inflation_gdp_deflator,ROU,2024,9.58453804755844
inflation_gdp_deflator,ROU,2023,12.3522995042078
inflation_gdp_deflator,ROU,2022,12.051275290788
inflation_gdp_deflator,ROU,2021,5.60376567562626
inflation_gdp_deflator,ROU,2020,4.10704737847854
inflation_gdp_deflator,ROU,2019,6.96708718391783
inflation_gdp_deflator,ROU,2018,6.18205429510977
inflation_gdp_deflator,ROU,2017,4.65130664700149
inflation_gdp_deflator,ROU,2016,2.61991857394388
inflation_gdp_deflator,ROU,2015,3.26453494332559
inflation_gdp_deflator,ROU,2014,1.71417093292732
inflation_gdp_deflator,ROU,2013,1.39458661535372
inflation_gdp_deflator,ROU,2012,3.81023942192328
inflation_gdp_deflator,ROU,2011,3.98254945792303
inflation_gdp_deflator,ROU,2010,5.93211185989944
inflation_gdp_deflator,SVK,2024,3.39369719128545
inflation_gdp_deflator,SVK,2023,10.0245901807717
inflation_gdp_deflator,SVK,2022,7.33387458944816
inflation_gdp_deflator,SVK,2021,2.24408410830694
inflation_gdp_deflator,SVK,2020,2.40777956608554
inflation_gdp_deflator,SVK,2019,2.40120783642419
inflation_gdp_deflator,SVK,2018,2.10864838172743
inflation_gdp_deflator,SVK,2017,1.18187258373648
inflation_gdp_deflator,SVK,2016,-0.390909342389534
inflation_gdp_deflator,SVK,2015,-0.185692827685429
inflation_gdp_deflator,SVK,2014,-0.132602518843782
inflation_gdp_deflator,SVK,2013,0.534061870297393
inflation_gdp_deflator,SVK,2012,1.33888239127128
inflation_gdp_deflator,SVK,2011,1.61977051205542
inflation_gdp_deflator,SVK,2010,0.470528553269702
inflation_gdp_deflator,SVN,2024,3.46708059724392
inflation_gdp_deflator,SVN,2023,9.98912481634724
inflation_gdp_deflator,SVN,2022,6.47825402744266
inflation_gdp_deflator,SVN,2021,2.68343077186124
inflation_gdp_deflator,SVN,2020,1.18953318282115
inflation_gdp_deflator,SVN,2019,2.33858654999968
inflation_gdp_deflator,SVN,2018,2.18095370305853
inflation_gdp_deflator,SVN,2017,1.28763102357318
inflation_gdp_deflator,SVN,2016,0.885482436856336
inflation_gdp_deflator,SVN,2015,0.867198319325425
inflation_gdp_deflator,SVN,2014,0.631551450779483
inflation_gdp_deflator,SVN,2013,1.13279718785073
inflation_gdp_deflator,SVN,2012,0.626618590822474
inflation_gdp_deflator,SVN,2011,1.3645204070481
inflation_gdp_deflator,SVN,2010,-0.491469444600767
inflation_gdp_deflator,SWE,2024,2.99536723630649
inflation_gdp_deflator,SWE,2023,5.83406618538046
inflation_gdp_deflator,SWE,2022,6.0271955711854
inflation_gdp_deflator,SWE,2021,2.70985550217829
inflation_gdp_deflator,SWE,2020,1.79876774959563
inflation_gdp_deflator,SWE,2019,2.42588744842773
inflation_gdp_deflator,SWE,2018,2.61445551998212
inflation_gdp_deflator,SWE,2017,2.22554282042857
inflation_gdp_deflator,SWE,2016,1.65920932545671
inflation_gdp_deflator,SWE,2015,2.25576478043419
inflation_gdp_deflator,SWE,2014,1.83274334863978
inflation_gdp_deflator,SWE,2013,1.01168043710824
inflation_gdp_deflator,SWE,2012,0.949478662939768
inflation_gdp_deflator,SWE,2011,1.11731713646294
inflation_gdp_deflator,SWE,2010,1.03023451831319
inflation_gdp_deflator,UKR,2024,11.9699207051318
inflation_gdp_deflator,UKR,2023,19.8744638522736
inflation_gdp_deflator,UKR,2022,34.9152851434932
inflation_gdp_deflator,UKR,2021,24.8047567675546
inflation_gdp_deflator,UKR,2020,10.2949601378763
inflation_gdp_deflator,UKR,2019,8.24622626642469
inflation_gdp_deflator,UKR,2018,15.3985303514156
inflation_gdp_deflator,UKR,2017,22.0983174978017
inflation_gdp_deflator,UKR,2016,17.0971349238438
inflation_gdp_deflator,UKR,2015,38.8816797599977
inflation_gdp_deflator,UKR,2014,15.901737523474
inflation_gdp_deflator,UKR,2013,4.30879343709354
inflation_gdp_deflator,UKR,2012,7.98256111045039
inflation_gdp_deflator,UKR,2011,14.1819086626365
inflation_gdp_deflator,UKR,2010,13.6732282073329
population_density,ARM,2024,
population_density,ARM,2023,105.119108748259
population_density,ARM,2022,105.297053157777
population_density,ARM,2021,105.056940272915
population_density,ARM,2020,105.027376627853
population_density,ARM,2019,104.056902002107
population_density,ARM,2018,104.285212504391
population_density,ARM,2017,104.650509308044
population_density,ARM,2016,105.103617843344
population_density,ARM,2015,105.535651563049
population_density,ARM,2014,105.858798735511
population_density,ARM,2013,106.146821215314
population_density,ARM,2012,106.220583069898
population_density,ARM,2011,106.354056902002
population_density,ARM,2010,106.947664207938
population_density,AUT,2024,
population_density,AUT,2023,110.661185167232
population_density,AUT,2022,109.571631119729
population_density,AUT,2021,108.528805138148
population_density,AUT,2020,108.057004362579
population_density,AUT,2019,107.609306834707
population_density,AUT,2018,107.131858943286
population_density,AUT,2017,106.61131846825
population_density,AUT,2016,105.873339796413
population_density,AUT,2015,104.734597673291
population_density,AUT,2014,103.567086766844
population_density,AUT,2013,102.760821619001
population_density,AUT,2012,102.156943771207
population_density,AUT,2011,101.692232186137
population_density,AUT,2010,101.350024236549
population_density,AZE,2024,
population_density,AZE,2023,122.854906231095
population_density,AZE,2022,122.707271627344
population_density,AZE,2021,122.658802177858
population_density,AZE,2020,122.124736829369
population_density,AZE,2019,121.280071139933
population_density,AZE,2018,120.25759188908
population_density,AZE,2017,119.208741622511
population_density,AZE,2016,118.033288980283
population_density,AZE,2015,116.731076781631
population_density,AZE,2014,115.348813858679
population_density,AZE,2013,113.923480806688
population_density,AZE,2012,112.460790244138
population_density,AZE,2011,110.976336228798
population_density,AZE,2010,109.542344173442
population_density,BEL,2024,
population_density,BEL,2023,386.303731881682
population_density,BEL,2022,383.033055683085
population_density,BEL,2021,379.949990161999
population_density,BEL,2020,378.38932248967
population_density,BEL,2019,376.761985964452
population_density,BEL,2018,374.74351490506
population_density,BEL,2017,375.009329772855
population_density,BEL,2016,373.567467774371
population_density,BEL,2015,371.680875614018
population_density,BEL,2014,369.533412455082
population_density,BEL,2013,367.896581281113
population_density,BEL,2012,366.166617215574
population_density,BEL,2011,363.902812118814
population_density,BEL,2010,359.199090099891
population_density,BGR,2024,
population_density,BGR,2023,59.3827929255711
population_density,BGR,2022,59.5532148120855
population_density,BGR,2021,59.9419767870302
population_density,BGR,2020,60.3417096536478
population_density,BGR,2019,60.9499447310243
population_density,BGR,2018,61.816488577745
population_density,BGR,2017,62.6701179071481
population_density,BGR,2016,63.5053334561533
population_density,BGR,2015,64.3351602800295
population_density,BGR,2014,65.1581798084009
population_density,BGR,2013,65.9543570375829
population_density,BGR,2012,67.2981577008106
population_density,BGR,2011,67.6890935887988
population_density,BGR,2010,68.1245302137067
population_density,BLR,2024,
population_density,BLR,2023,45.217077292187
population_density,BLR,2022,45.4607172767131
population_density,BLR,2021,45.8368317319537
population_density,BLR,2020,46.211212927382
population_density,BLR,2019,46.4107506220284
population_density,BLR,2018,46.5010592176569
population_density,BLR,2017,46.5987595325832
population_density,BLR,2016,46.6499448243246
population_density,BLR,2015,46.611337189252
population_density,BLR,2014,46.5506003261518
population_density,BLR,2013,46.5393725235082
population_density,BLR,2012,46.5593029044007
population_density,BLR,2011,46.6297521068454
population_density,BLR,2010,46.7409685463919
population_density,CYP,2024,
population_density,CYP,2023,145.560173160173
population_density,CYP,2022,144.087662337662
population_density,CYP,2021,142.565909090909
population_density,CYP,2020,140.935822510823
population_density,CYP,2019,139.250108225108
population_density,CYP,2018,137.525649350649
population_density,CYP,2017,135.744047619048
population_density,CYP,2016,133.88658008658
population_density,CYP,2015,131.980735930736
population_density,CYP,2014,130.065043290043
population_density,CYP,2013,128.127164502165
population_density,CYP,2012,126.125216450216
population_density,CYP,2011,124.079329004329
population_density,CYP,2010,122.058008658009
population_density,CZE,2024,
population_density,CZE,2023,140.785547662605
population_density,CZE,2022,138.290511305111
population_density,CZE,2021,136.108349053848
population_density,CZE,2020,138.575928842168
population_density,CZE,2019,138.226810266108
population_density,CZE,2018,137.675534257221
population_density,CZE,2017,137.21587877218
population_density,CZE,2016,136.851858567543
population_density,CZE,2015,136.589288952208
population_density,CZE,2014,136.30337995338
population_density,CZE,2013,136.159958559959
population_density,CZE,2012,136.097177262722
population_density,CZE,2011,135.90687556649
population_density,CZE,2010,135.626181535673
population_density,DEU,2024,
population_density,DEU,2023,238.351810090719
population_density,DEU,2022,238.086252003664
population_density,DEU,2021,238.118085806692
population_density,DEU,2020,238.017318755545
population_density,DEU,2019,237.822954291766
population_density,DEU,2018,237.294012250272
population_density,DEU,2017,236.588722557747
population_density,DEU,2016,235.712929356538
population_density,DEU,2015,234.152986871524
population_density,DEU,2014,232.108053883634
population_density,DEU,2013,231.155712565925
population_density,DEU,2012,230.750625466231
population_density,DEU,2011,230.304633348634
population_density,DEU,2010,234.606908225034
population_density,DNK,2024,
population_density,DNK,2023,148.6738
population_density,DNK,2022,147.575925
population_density,DNK,2021,146.418325
population_density,DNK,2020,145.7851
population_density,DNK,2019,145.36055
population_density,DNK,2018,144.8409
population_density,DNK,2017,144.1245
population_density,DNK,2016,143.20025
population_density,DNK,2015,142.087075
population_density,DNK,2014,141.086875
population_density,DNK,2013,140.3733
population_density,DNK,2012,139.7893
population_density,DNK,2011,139.2643
population_density,DNK,2010,138.692075
population_density,ESP,2024,
population_density,ESP,2023,96.7636173412149
population_density,ESP,2022,95.626963633201
population_density,ESP,2021,94.9382927184248
population_density,ESP,2020,94.802910688937
population_density,ESP,2019,94.3181087826492
population_density,ESP,2018,93.638281089712
population_density,ESP,2017,93.2268622784207
population_density,ESP,2016,92.9973717081295
population_density,ESP,2015,92.907597351004
population_density,ESP,2014,92.8824553687451
population_density,ESP,2013,93.169262909578
population_density,ESP,2012,93.5068371284061
population_density,ESP,2011,93.5078358806114
population_density,ESP,2010,93.1519309613808
population_density,EST,2024,
population_density,EST,2023,32.0684764802247
population_density,EST,2022,31.5665808565411
population_density,EST,2021,31.1329122807018
population_density,EST,2020,31.0999298245614
population_density,EST,2019,31.0385497076023
population_density,EST,2018,30.9234385964912
population_density,EST,2017,30.816
population_density,EST,2016,30.2689210950081
population_density,EST,2015,30.26011042098
population_density,EST,2014,30.2402806533241
population_density,EST,2013,30.3196917414309
population_density,EST,2012,31.2030195800896
population_density,EST,2011,31.3149091766926
population_density,EST,2010,31.4101203113942
population_density,FIN,2024,
population_density,FIN,2023,18.3705454665088
population_density,FIN,2022,18.2798093224591
population_density,FIN,2021,18.2301659134121
population_density,FIN,2020,18.1928768835954
population_density,FIN,2019,18.1673609054717
population_density,FIN,2018,18.1479501184522
population_density,FIN,2017,18.1238944459068
population_density,FIN,2016,18.0820078312658
population_density,FIN,2015,18.0301108880919
population_density,FIN,2014,17.9720030274112
population_density,FIN,2013,17.8978314521702
population_density,FIN,2012,17.8155615518773
population_density,FIN,2011,17.7309947678436
population_density,FIN,2010,17.6484106614018
population_density,FRA,2024,
population_density,FRA,2023,126.862020595603
population_density,FRA,2022,126.513511457464
population_density,FRA,2021,125.879601076167
population_density,FRA,2020,125.431134613601
population_density,FRA,2019,125.024698023935
population_density,FRA,2018,124.609607570276
population_density,FRA,2017,124.163688653864
population_density,FRA,2016,123.803885332591
population_density,FRA,2015,123.477636144355
population_density,FRA,2014,123.039367288246
population_density,FRA,2013,122.456502458484
population_density,FRA,2012,121.825139623342
population_density,FRA,2011,121.237276185175
population_density,FRA,2010,120.653513312923
population_density,GEO,2024,
population_density,GEO,2023,65.0037265124742
population_density,GEO,2022,64.9515728331992
population_density,GEO,2021,64.8834808775675
population_density,GEO,2020,65.1302704783232
population_density,GEO,2019,65.0855698239966
population_density,GEO,2018,65.197330207495
population_density,GEO,2017,65.2227859617201
population_density,GEO,2016,65.2140557752196
population_density,GEO,2015,65.1750586094685
population_density,GEO,2014,65.0725007872914
population_density,GEO,2013,65.0419538822212
population_density,GEO,2012,65.238006928164
population_density,GEO,2011,65.7203016200707
population_density,GEO,2010,66.2496063543161
population_density,GRC,2024,
population_density,GRC,2023,80.7397284716835
population_density,GRC,2022,80.9759891388673
population_density,GRC,2021,82.0025601241272
population_density,GRC,2020,82.999216446858
population_density,GRC,2019,83.1775174553918
population_density,GRC,2018,83.2651823118697
population_density,GRC,2017,83.4342823894492
population_density,GRC,2016,83.5994647013189
population_density,GRC,2015,83.947889837083
population_density,GRC,2014,84.5028161365399
population_density,GRC,2013,85.067579519007
population_density,GRC,2012,85.6866640806827
population_density,GRC,2011,86.1512723041117
population_density,GRC,2010,86.278828549263
population_density,HRV,2024,
population_density,HRV,2023,68.9722301644031
population_density,HRV,2022,68.8999463902788
population_density,HRV,2021,69.3170300214439
population_density,HRV,2020,69.946497498213
population_density,HRV,2019,70.5701879779859
population_density,HRV,2018,71.2739439639768
population_density,HRV,2017,72.2144056893717
population_density,HRV,2016,73.3840861982703
population_density,HRV,2015,74.1856371953399
population_density,HRV,2014,75.0767993710242
population_density,HRV,2013,75.6543849617611
population_density,HRV,2012,76.1269387463369
population_density,HRV,2011,76.4888499749839
population_density,HRV,2010,76.7533950396684
population_density,HUN,2024,
population_density,HUN,2023,105.108327854482
population_density,HUN,2022,105.249550734166
population_density,HUN,2021,105.532895025203
population_density,HUN,2020,105.965581854043
population_density,HUN,2019,106.233004602235
population_density,HUN,2018,106.366031119877
population_density,HUN,2017,106.582905982906
population_density,HUN,2016,106.944499232961
population_density,HUN,2015,107.360891957046
population_density,HUN,2014,107.747512601359
population_density,HUN,2013,109.05483265216
population_density,HUN,2012,109.580934496852
population_density,HUN,2011,110.148315475533
population_density,HUN,2010,110.460874848117
population_density,IRL,2024,
population_density,IRL,2023,77.1017273914937
population_density,IRL,2022,75.6689795325882
population_density,IRL,2021,74.1847147626651
population_density,IRL,2020,73.1564377993903
population_density,IRL,2019,72.237712294963
population_density,IRL,2018,71.0991725939904
population_density,IRL,2017,70.0746842792858
population_density,IRL,2016,69.1351720133546
population_density,IRL,2015,68.2531136594571
population_density,IRL,2014,67.6112643344462
population_density,IRL,2013,67.1188271156917
population_density,IRL,2012,66.7663376397155
population_density,IRL,2011,66.4840179997097
population_density,IRL,2010,66.1947307301495
population_density,ITA,2024,
population_density,ITA,2023,199.459678073854
population_density,ITA,2022,199.559268903016
population_density,ITA,2021,199.965416259464
population_density,ITA,2020,200.999100491348
population_density,ITA,2019,201.980545589195
population_density,ITA,2018,202.480812801385
population_density,ITA,2017,202.903617635721
population_density,ITA,2016,203.285640373599
population_density,ITA,2015,203.672434549131
population_density,ITA,2014,203.980505075782
population_density,ITA,2013,203.949752805037
population_density,ITA,2012,203.542723134878
population_density,ITA,2011,202.986767799052
population_density,ITA,2010,202.285308976795
population_density,LTU,2024,
population_density,LTU,2023,45.87196485623
population_density,LTU,2022,45.2309596830873
population_density,LTU,2021,44.8551349624661
population_density,LTU,2020,44.8797349089748
population_density,LTU,2019,44.8912328329607
population_density,LTU,2018,45.0135717707169
population_density,LTU,2017,45.3798470650213
population_density,LTU,2016,45.9328405861882
population_density,LTU,2015,46.4662250598563
population_density,LTU,2014,46.8835275339186
population_density,LTU,2013,47.2477064220183
population_density,LTU,2012,47.6934454478731
population_density,LTU,2011,48.3153301209433
population_density,LTU,2010,49.418141204627
population_density,LUX,2024,
population_density,LUX,2023,258.862052624628
population_density,LUX,2022,253.685433061691
population_density,LUX,2021,248.62068161867
population_density,LUX,2020,244.874264894386
population_density,LUX,2019,240.827591028798
population_density,LUX,2018,236.146609386046
population_density,LUX,2017,231.635372078028
population_density,LUX,2016,226.072263698018
population_density,LUX,2015,221.251835336342
population_density,LUX,2014,216.091529874226
population_density,LUX,2013,211.05785290896
population_density,LUX,2012,206.235870823396
population_density,LUX,2011,201.342029008025
population_density,LUX,2010,196.916246513832
population_density,LVA,2024,
population_density,LVA,2023,30.2701269484172
population_density,LVA,2022,30.2005945685361
population_density,LVA,2021,30.2826610959344
population_density,LVA,2020,30.5391129680219
population_density,LVA,2019,30.755491989008
population_density,LVA,2018,30.9700612274415
population_density,LVA,2017,31.2123033409935
population_density,LVA,2016,31.4901409356067
population_density,LVA,2015,31.7792437366417
population_density,LVA,2014,32.0404647500281
population_density,LVA,2013,32.3436289713468
population_density,LVA,2012,32.691902228936
population_density,LVA,2011,33.0999244700853
population_density,LVA,2010,33.7081170552975
population_density,MDA,2024,
population_density,MDA,2023,85.437584732506
population_density,MDA,2022,88.05425357802
population_density,MDA,2021,90.3612977338393
population_density,MDA,2020,91.7473260542588
population_density,MDA,2019,92.756093569939
population_density,MDA,2018,94.2543946689506
population_density,MDA,2017,95.9093883802694
population_density,MDA,2016,97.614165825121
population_density,MDA,2015,98.7560678343838
population_density,MDA,2014,99.5164884911377
population_density,MDA,2013,99.5771842462653
population_density,MDA,2012,99.6732759521901
population_density,MDA,2011,99.7210931780946
population_density,MDA,2010,99.7787848154216
population_density,MLT,2024,
population_density,MLT,2023,1727.334375
population_density,MLT,2022,1659.728125
population_density,MLT,2021,1619.21875
population_density,MLT,2020,1610.90625
population_density,MLT,2019,1574.725
population_density,MLT,2018,1512.196875
population_density,MLT,2017,1459.70625
population_density,MLT,2016,1420.328125
population_density,MLT,2015,1388.1875
population_density,MLT,2014,1354.628125
population_density,MLT,2013,1327.53125
population_density,MLT,2012,1312.5875
population_density,MLT,2011,1300.8375
population_density,MLT,2010,1295.3375
population_density,NLD,2024,
population_density,NLD,2023,530.950905850906
population_density,NLD,2022,525.719691119691
population_density,NLD,2021,520.731927531928
population_density,NLD,2020,518.013068013068
population_density,NLD,2019,515.143272943273
population_density,NLD,2018,511.779744579745
population_density,NLD,2017,508.8
population_density,NLD,2016,505.800831600832
population_density,NLD,2015,503.116216216216
population_density,NLD,2014,500.593885425942
population_density,NLD,2013,498.795844464233
population_density,NLD,2012,496.884994068802
population_density,NLD,2011,495.049644128114
population_density,NLD,2010,492.599881411207
population_density,POL,2024,
population_density,POL,2023,119.787615502661
population_density,POL,2022,120.297131562612
population_density,POL,2021,120.815285854296
population_density,POL,2020,122.548420605625
population_density,POL,2019,124.025595374212
population_density,POL,2018,124.031583760656
population_density,POL,2017,124.0237303635
population_density,POL,2016,124.008253045495
population_density,POL,2015,124.061569613639
population_density,POL,2014,124.144273163722
population_density,POL,2013,124.229110740995
population_density,POL,2012,124.300058781268
population_density,POL,2011,124.296296901022
population_density,POL,2010,124.209200731357
population_density,PRT,2024,
population_density,PRT,2023,115.475189289738
population_density,PRT,2022,113.904957775507
population_density,PRT,2021,113.113510527741
population_density,PRT,2020,112.406676011074
population_density,PRT,2019,112.288582794065
population_density,PRT,2018,112.261935951514
population_density,PRT,2017,112.441815784188
population_density,PRT,2016,112.716384151187
population_density,PRT,2015,113.072519583956
population_density,PRT,2014,113.541770372117
population_density,PRT,2013,114.156128691384
population_density,PRT,2012,114.803406485424
population_density,PRT,2011,115.269789278305
population_density,PRT,2010,115.439458456163
population_density,ROU,2024,
population_density,ROU,2023,82.8453668289291
population_density,ROU,2022,82.7907771210014
population_density,ROU,2021,83.1104789638387
population_density,ROU,2020,83.7328320584145
population_density,ROU,2019,84.1952712100139
population_density,ROU,2018,84.6399947844228
population_density,ROU,2017,85.1387126216968
population_density,ROU,2016,85.6322453059805
population_density,ROU,2015,86.1248956884562
population_density,ROU,2014,86.5306806328234
population_density,ROU,2013,86.8742903099596
population_density,ROU,2012,87.201265107382
population_density,ROU,2011,87.5332493374462
population_density,ROU,2010,88.0107411432297
population_density,SVK,2024,
population_density,SVK,2023,112.868968386023
population_density,SVK,2022,112.973211314476
population_density,SVK,2021,113.295486688852
population_density,SVK,2020,113.536335274542
population_density,SVK,2019,113.43899750416
population_density,SVK,2018,113.285586522463
population_density,SVK,2017,113.128785357737
population_density,SVK,2016,112.953369384359
population_density,SVK,2015,112.803148787488
population_density,SVK,2014,112.700686356073
population_density,SVK,2013,112.572637664282
population_density,SVK,2012,112.451734320413
population_density,SVK,2011,112.260522375645
population_density,SVK,2010,112.108876920838
population_density,SVN,2024,
population_density,SVN,2023,105.31480791676
population_density,SVN,2022,104.888460698039
population_density,SVN,2021,104.689964442502
population_density,SVN,2020,104.408881428657
population_density,SVN,2019,103.711934605987
population_density,SVN,2018,102.992292564709
population_density,SVN,2017,102.610871929328
population_density,SVN,2016,102.52417833383
population_density,SVN,2015,102.446109241111
population_density,SVN,2014,102.382323733863
population_density,SVN,2013,102.281678252234
population_density,SVN,2012,102.114049151928
population_density,SVN,2011,101.898292465005
population_density,SVN,2010,101.685826607499
population_density,SWE,2024,
population_density,SWE,2023,25.8713678886243
population_density,SWE,2022,25.7487256923983
population_density,SWE,2021,25.5740792575133
population_density,SWE,2020,25.4209438224317
population_density,SWE,2019,25.2378879395011
population_density,SWE,2018,24.9814588688378
population_density,SWE,2017,24.6929419766692
population_density,SWE,2016,24.362449750883
population_density,SWE,2015,24.0582617728817
population_density,SWE,2014,23.8034986523533
population_density,SWE,2013,23.5684835040631
population_density,SWE,2012,23.3696200002111
population_density,SWE,2011,23.1973780115221
population_density,SWE,2010,23.0228627359425
population_density,UKR,2024,
population_density,UKR,2023,65.1239834311357
population_density,UKR,2022,70.8470245081118
population_density,UKR,2021,76.4560579910252
population_density,UKR,2020,77.1142802899551
population_density,UKR,2019,77.5931273731446
population_density,UKR,2018,78.0271090783569
population_density,UKR,2017,78.432661833247
population_density,UKR,2016,78.7461064406429
population_density,UKR,2015,79.0362271055948
population_density,UKR,2014,79.3598715669181
population_density,UKR,2013,79.6222640336947
population_density,UKR,2012,79.7660291376096
population_density,UKR,2011,79.9348425740523
population_density,UKR,2010,80.190573430919
secure_internet_servers,ARM,2024,1735.28926982034
secure_internet_servers,ARM,2023,1177.00637587289
secure_internet_servers,ARM,2022,862.185100363734
secure_internet_servers,ARM,2021,712.95952469365
secure_internet_servers,ARM,2020,587.877764646294
secure_internet_servers,ARM,2019,477.974683544304
secure_internet_servers,ARM,2018,333.108790838666
secure_internet_servers,ARM,2017,268.174800295361
secure_internet_servers,ARM,2016,186.144437389299
secure_internet_servers,ARM,2015,74.5523530586434
secure_internet_servers,ARM,2014,60.3888778286549
secure_internet_servers,ARM,2013,52.2832561217737
secure_internet_servers,ARM,2012,28.7688899176615
secure_internet_servers,ARM,2011,17.8341424749827
secure_internet_servers,ARM,2010,9.85286389910667
secure_internet_servers,AUT,2024,47132.0383936251
secure_internet_servers,AUT,2023,42281.0014410145
secure_internet_servers,AUT,2022,39544.447259748
secure_internet_servers,AUT,2021,39775.2427840872
secure_internet_servers,AUT,2020,33802.6911703487
secure_internet_servers,AUT,2019,26298.32250741
secure_internet_servers,AUT,2018,16705.0109377038
secure_internet_servers,AUT,2017,7431.71463561626
secure_internet_servers,AUT,2016,4449.98024418463
secure_internet_servers,AUT,2015,3081.90763093797
secure_internet_servers,AUT,2014,2345.32706103046
secure_internet_servers,AUT,2013,1857.46801554702
secure_internet_servers,AUT,2012,1613.40623020831
secure_internet_servers,AUT,2011,1068.4439268925
secure_internet_servers,AUT,2010,690.149608939135
secure_internet_servers,AZE,2024,541.026362293599
secure_internet_servers,AZE,2023,549.736368813028
secure_internet_servers,AZE,2022,544.580248233146
secure_internet_servers,AZE,2021,416.857784025055
secure_internet_servers,AZE,2020,299.312769558593
secure_internet_servers,AZE,2019,368.804432197295
secure_internet_servers,AZE,2018,329.383845965868
secure_internet_servers,AZE,2017,259.487663578963
secure_internet_servers,AZE,2016,101.867098894711
secure_internet_servers,AZE,2015,33.2665204805178
secure_internet_servers,AZE,2014,22.9678222907225
secure_internet_servers,AZE,2013,16.7785217081682
secure_internet_servers,AZE,2012,10.7575649348135
secure_internet_servers,AZE,2011,4.90565766227752
secure_internet_servers,AZE,2010,2.5402205264839
secure_internet_servers,BEL,2024,36731.8766702
secure_internet_servers,BEL,2023,33664.5855592207
secure_internet_servers,BEL,2022,30850.8151822613
secure_internet_servers,BEL,2021,28369.365438783
secure_internet_servers,BEL,2020,24215.3210215031
secure_internet_servers,BEL,2019,19655.5307781892
secure_internet_servers,BEL,2018,13973.2427973124
secure_internet_servers,BEL,2017,8300.54404519041
secure_internet_servers,BEL,2016,3047.27862045911
secure_internet_servers,BEL,2015,2038.46021481266
secure_internet_servers,BEL,2014,1610.03731179171
secure_internet_servers,BEL,2013,1260.55085185082
secure_internet_servers,BEL,2012,957.330070986299
secure_internet_servers,BEL,2011,597.920107727085
secure_internet_servers,BEL,2010,401.814092422381
secure_internet_servers,BGR,2024,50750.6030113542
secure_internet_servers,BGR,2023,54104.3676383629
secure_internet_servers,BGR,2022,57819.5501165721
secure_internet_servers,BGR,2021,55100.7245553879
secure_internet_servers,BGR,2020,50889.4016757914
secure_internet_servers,BGR,2019,42421.4331982313
secure_internet_servers,BGR,2018,40013.7211699711
secure_internet_servers,BGR,2017,33602.2746046575
secure_internet_servers,BGR,2016,4180.50752965671
secure_internet_servers,BGR,2015,698.717466862823
secure_internet_servers,BGR,2014,648.752850752067
secure_internet_servers,BGR,2013,327.23440835586
secure_internet_servers,BGR,2012,251.714781283261
secure_internet_servers,BGR,2011,101.383607264129
secure_internet_servers,BGR,2010,62.3343693999634
secure_internet_servers,BLR,2024,12729.5218058239
secure_internet_servers,BLR,2023,11946.8772968583
secure_internet_servers,BLR,2022,10278.4211348179
secure_internet_servers,BLR,2021,9313.43277164358
secure_internet_servers,BLR,2020,7550.57168736045
secure_internet_servers,BLR,2019,5750.67852061592
secure_internet_servers,BLR,2018,3436.88303102571
secure_internet_servers,BLR,2017,2269.27000337985
secure_internet_servers,BLR,2016,440.472390005723
secure_internet_servers,BLR,2015,107.91584382157
secure_internet_servers,BLR,2014,61.2794709009828
secure_internet_servers,BLR,2013,38.7580029716587
secure_internet_servers,BLR,2012,25.5111870260053
secure_internet_servers,BLR,2011,9.08933046829182
secure_internet_servers,BLR,2010,5.06124315097815
secure_internet_servers,CYP,2024,221297.933713323
secure_internet_servers,CYP,2023,557174.254410488
secure_internet_servers,CYP,2022,58909.2438615862
secure_internet_servers,CYP,2021,55321.8720892365
secure_internet_servers,CYP,2020,23168.4158228047
secure_internet_servers,CYP,2019,7658.52342984337
secure_internet_servers,CYP,2018,5963.46844390303
secure_internet_servers,CYP,2017,16331.3467939646
secure_internet_servers,CYP,2016,4304.3798782972
secure_internet_servers,CYP,2015,2263.21892051018
secure_internet_servers,CYP,2014,2326.50829879489
secure_internet_servers,CYP,2013,947.719181177385
secure_internet_servers,CYP,2012,1467.31113946578
secure_internet_servers,CYP,2011,398.60688203068
secure_internet_servers,CYP,2010,272.207523213006
secure_internet_servers,CZE,2024,79335.8806598204
secure_internet_servers,CZE,2023,80152.0281309664
secure_internet_servers,CZE,2022,85606.0624517083
secure_internet_servers,CZE,2021,75932.7348813586
secure_internet_servers,CZE,2020,67601.7572863652
secure_internet_servers,CZE,2019,56186.8725912141
secure_internet_servers,CZE,2018,42344.5953726121
secure_internet_servers,CZE,2017,25419.9420488373
secure_internet_servers,CZE,2016,11991.389254095
secure_internet_servers,CZE,2015,2048.8222188023
secure_internet_servers,CZE,2014,1417.62547116024
secure_internet_servers,CZE,2013,1079.86553895505
secure_internet_servers,CZE,2012,834.666487802766
secure_internet_servers,CZE,2011,470.079900244739
secure_internet_servers,CZE,2010,305.506467667391
secure_internet_servers,DEU,2024,152113.844011812
secure_internet_servers,DEU,2023,139972.802327193
secure_internet_servers,DEU,2022,126884.076646738
secure_internet_servers,DEU,2021,113297.576359309
secure_internet_servers,DEU,2020,97517.56929049
secure_internet_servers,DEU,2019,77970.0331298817
secure_internet_servers,DEU,2018,56406.6207107244
secure_internet_servers,DEU,2017,34181.2784354313
secure_internet_servers,DEU,2016,11624.9602042748
secure_internet_servers,DEU,2015,4297.92588653237
secure_internet_servers,DEU,2014,3352.78609576143
secure_internet_servers,DEU,2013,2601.18328828955
secure_internet_servers,DEU,2012,2194.9044898179
secure_internet_servers,DEU,2011,1471.90314571602
secure_internet_servers,DEU,2010,1049.31794333683
secure_internet_servers,DNK,2024,246545.586810222
secure_internet_servers,DNK,2023,261262.408036924
secure_internet_servers,DNK,2022,258760.024712703
secure_internet_servers,DNK,2021,259654.486554193
secure_internet_servers,DNK,2020,277081.814259482
secure_internet_servers,DNK,2019,277330.575592896
secure_internet_servers,DNK,2018,123154.440492982
secure_internet_servers,DNK,2017,43757.82743392
secure_internet_servers,DNK,2016,24041.3337267218
secure_internet_servers,DNK,2015,6004.944503221
secure_internet_servers,DNK,2014,4349.80220520158
secure_internet_servers,DNK,2013,3458.45684328857
secure_internet_servers,DNK,2012,3064.43340083969
secure_internet_servers,DNK,2011,2368.15896105463
secure_internet_servers,DNK,2010,1588.05036264689
secure_internet_servers,ESP,2024,29986.3824811398
secure_internet_servers,ESP,2023,28733.8233897512
secure_internet_servers,ESP,2022,27046.3366105902
secure_internet_servers,ESP,2021,24984.2229191447
secure_internet_servers,ESP,2020,21589.3884182375
secure_internet_servers,ESP,2019,17700.6267665434
secure_internet_servers,ESP,2018,11306.5682447896
secure_internet_servers,ESP,2017,7250.46311851917
secure_internet_servers,ESP,2016,2764.10124822262
secure_internet_servers,ESP,2015,890.003238314135
secure_internet_servers,ESP,2014,626.120125999734
secure_internet_servers,ESP,2013,488.496776374025
secure_internet_servers,ESP,2012,403.629824906669
secure_internet_servers,ESP,2011,265.003964148667
secure_internet_servers,ESP,2010,207.055442100404
secure_internet_servers,EST,2024,139022.298393767
secure_internet_servers,EST,2023,112224.017467886
secure_internet_servers,EST,2022,104101.301859375
secure_internet_servers,EST,2021,96297.9325765704
secure_internet_servers,EST,2020,84354.3769866162
secure_internet_servers,EST,2019,83313.1107289332
secure_internet_servers,EST,2018,48893.4376316683
secure_internet_servers,EST,2017,29131.217625233
secure_internet_servers,EST,2016,10786.6756853297
secure_internet_servers,EST,2015,3120.70712714772
secure_internet_servers,EST,2014,2194.67572430004
secure_internet_servers,EST,2013,1613.81247453522
secure_internet_servers,EST,2012,1255.76852126263
secure_internet_servers,EST,2011,730.730376311077
secure_internet_servers,EST,2010,535.496348035074
secure_internet_servers,FIN,2024,177933.600727841
secure_internet_servers,FIN,2023,153868.49826224
secure_internet_servers,FIN,2022,131286.012181913
secure_internet_servers,FIN,2021,104960.876315666
secure_internet_servers,FIN,2020,81650.5089118576
secure_internet_servers,FIN,2019,57692.6350775481
secure_internet_servers,FIN,2018,33999.120663944
secure_internet_servers,FIN,2017,22324.1144951885
secure_internet_servers,FIN,2016,7131.36291119889
secure_internet_servers,FIN,2015,3395.18108392853
secure_internet_servers,FIN,2014,3008.87373313471
secure_internet_servers,FIN,2013,2525.47724091979
secure_internet_servers,FIN,2012,2205.22053036487
secure_internet_servers,FIN,2011,1581.02634759344
secure_internet_servers,FIN,2010,1017.4607223244
secure_internet_servers,FRA,2024,57274.6363971705
secure_internet_servers,FRA,2023,52017.9916172468
secure_internet_servers,FRA,2022,47329.437557888
secure_internet_servers,FRA,2021,39644.0530743928
secure_internet_servers,FRA,2020,36107.8390576723
secure_internet_servers,FRA,2019,29255.7243091748
secure_internet_servers,FRA,2018,20362.9338827691
secure_internet_servers,FRA,2017,14819.4761291503
secure_internet_servers,FRA,2016,6688.01787132278
secure_internet_servers,FRA,2015,1898.47153356589
secure_internet_servers,FRA,2014,1188.96912080874
secure_internet_servers,FRA,2013,821.359069250837
secure_internet_servers,FRA,2012,622.48640329988
secure_internet_servers,FRA,2011,401.418225021017
secure_internet_servers,FRA,2010,278.057105310965
secure_internet_servers,GEO,2024,5293.35205761652
secure_internet_servers,GEO,2023,5251.80710018051
secure_internet_servers,GEO,2022,4942.75827999554
secure_internet_servers,GEO,2021,3725.11533970949
secure_internet_servers,GEO,2020,3497.44648799425
secure_internet_servers,GEO,2019,2776.4927378143
secure_internet_servers,GEO,2018,2182.17981301199
secure_internet_servers,GEO,2017,2360.24424866497
secure_internet_servers,GEO,2016,406.706362566918
secure_internet_servers,GEO,2015,118.64892695199
secure_internet_servers,GEO,2014,83.077603084787
secure_internet_servers,GEO,2013,63.7496409039215
secure_internet_servers,GEO,2012,43.7129278168155
secure_internet_servers,GEO,2011,14.9077278200297
secure_internet_servers,GEO,2010,9.50697111861399
secure_internet_servers,GRC,2024,15657.9434729048
secure_internet_servers,GRC,2023,14227.2514879146
secure_internet_servers,GRC,2022,13067.0193589553
secure_internet_servers,GRC,2021,11383.3983120359
secure_internet_servers,GRC,2020,8907.70838312568
secure_internet_servers,GRC,2019,6647.33991681452
secure_internet_servers,GRC,2018,5035.36701512231
secure_internet_servers,GRC,2017,3695.69375338864
secure_internet_servers,GRC,2016,1411.84492794199
secure_internet_servers,GRC,2015,409.948060615756
secure_internet_servers,GRC,2014,277.808048593089
secure_internet_servers,GRC,2013,212.490211086681
secure_internet_servers,GRC,2012,162.335736922308
secure_internet_servers,GRC,2011,92.8419069817744
secure_internet_servers,GRC,2010,63.9311392394137
secure_internet_servers,HRV,2024,29458.6415601883
secure_internet_servers,HRV,2023,29421.5643448716
secure_internet_servers,HRV,2022,29826.9470627582
secure_internet_servers,HRV,2021,25479.3720309535
secure_internet_servers,HRV,2020,23114.2663416284
secure_internet_servers,HRV,2019,23423.1109107989
secure_internet_servers,HRV,2018,20040.4886211932
secure_internet_servers,HRV,2017,14908.4217451991
secure_internet_servers,HRV,2016,1752.91773510075
secure_internet_servers,HRV,2015,643.587906231747
secure_internet_servers,HRV,2014,505.045937283862
secure_internet_servers,HRV,2013,398.920905959061
secure_internet_servers,HRV,2012,313.587934187845
secure_internet_servers,HRV,2011,172.638462354303
secure_internet_servers,HRV,2010,117.799697212873
secure_internet_servers,HUN,2024,55077.4335878286
secure_internet_servers,HUN,2023,53717.7865400025
secure_internet_servers,HUN,2022,51406.6835924429
secure_internet_servers,HUN,2021,42102.778838019
secure_internet_servers,HUN,2020,33083.571663234
secure_internet_servers,HUN,2019,26447.1020825133
secure_internet_servers,HUN,2018,19379.9008629269
secure_internet_servers,HUN,2017,13712.8966738756
secure_internet_servers,HUN,2016,4148.87463875886
secure_internet_servers,HUN,2015,930.825479918614
secure_internet_servers,HUN,2014,670.393015871595
secure_internet_servers,HUN,2013,516.472944576447
secure_internet_servers,HUN,2012,393.130815185978
secure_internet_servers,HUN,2011,217.815830698133
secure_internet_servers,HUN,2010,167.699614290887
secure_internet_servers,IRL,2024,121467.84808156
secure_internet_servers,IRL,2023,149934.162195583
secure_internet_servers,IRL,2022,134764.070843587
secure_internet_servers,IRL,2021,113930.009969504
secure_internet_servers,IRL,2020,114566.465340423
secure_internet_servers,IRL,2019,94607.6886844775
secure_internet_servers,IRL,2018,69157.3047242336
secure_internet_servers,IRL,2017,38437.1028566871
secure_internet_servers,IRL,2016,11725.2277164193
secure_internet_servers,IRL,2015,3194.41458099255
secure_internet_servers,IRL,2014,2807.79949074014
secure_internet_servers,IRL,2013,2641.75737096805
secure_internet_servers,IRL,2012,2466.77217013119
secure_internet_servers,IRL,2011,1508.05094404382
secure_internet_servers,IRL,2010,959.397213471911
secure_internet_servers,ITA,2024,30647.1608155582
secure_internet_servers,ITA,2023,30244.0571559008
secure_internet_servers,ITA,2022,28070.9043211973
secure_internet_servers,ITA,2021,24823.3931231798
secure_internet_servers,ITA,2020,20677.1830094764
secure_internet_servers,ITA,2019,15313.1771774623
secure_internet_servers,ITA,2018,12369.4451350706
secure_internet_servers,ITA,2017,7813.04008389552
secure_internet_servers,ITA,2016,1316.22234853891
secure_internet_servers,ITA,2015,633.243402476241
secure_internet_servers,ITA,2014,496.89404336723
secure_internet_servers,ITA,2013,374.504989611205
secure_internet_servers,ITA,2012,300.010398521898
secure_internet_servers,ITA,2011,188.349075374465
secure_internet_servers,ITA,2010,125.912314710843
secure_internet_servers,LTU,2024,98553.1863622546
secure_internet_servers,LTU,2023,96899.7957573953
secure_internet_servers,LTU,2022,66487.2888104734
secure_internet_servers,LTU,2021,53718.8699534963
secure_internet_servers,LTU,2020,46868.5784678097
secure_internet_servers,LTU,2019,31265.1075793047
secure_internet_servers,LTU,2018,18152.6674233825
secure_internet_servers,LTU,2017,12992.8562860075
secure_internet_servers,LTU,2016,4363.77538164788
secure_internet_servers,LTU,2015,1182.71078135515
secure_internet_servers,LTU,2014,751.722783158277
secure_internet_servers,LTU,2013,635.542422963276
secure_internet_servers,LTU,2012,449.62780252106
secure_internet_servers,LTU,2011,249.990505644601
secure_internet_servers,LTU,2010,177.252184334523
secure_internet_servers,LUX,2024,58437.6643250046
secure_internet_servers,LUX,2023,60480.4705670513
secure_internet_servers,LUX,2022,63898.0375224122
secure_internet_servers,LUX,2021,49199.7675232477
secure_internet_servers,LUX,2020,44903.4689627058
secure_internet_servers,LUX,2019,39864.4518315293
secure_internet_servers,LUX,2018,43151.5749650465
secure_internet_servers,LUX,2017,43014.3409084811
secure_internet_servers,LUX,2016,11473.9507984344
secure_internet_servers,LUX,2015,5500.31249780549
secure_internet_servers,LUX,2014,4513.59741443309
secure_internet_servers,LUX,2013,3248.30683156655
secure_internet_servers,LUX,2012,2320.38663065547
secure_internet_servers,LUX,2011,1543.36766683322
secure_internet_servers,LUX,2010,1195.37708623876
secure_internet_servers,LVA,2024,28218.3820582126
secure_internet_servers,LVA,2023,26083.1019636781
secure_internet_servers,LVA,2022,22271.1389855075
secure_internet_servers,LVA,2021,22572.6854480523
secure_internet_servers,LVA,2020,20328.8801751586
secure_internet_servers,LVA,2019,19857.6461133794
secure_internet_servers,LVA,2018,14504.1392214714
secure_internet_servers,LVA,2017,11948.0107586673
secure_internet_servers,LVA,2016,2938.44923571231
secure_internet_servers,LVA,2015,1312.75072350466
secure_internet_servers,LVA,2014,914.844250775662
secure_internet_servers,LVA,2013,710.507108300661
secure_internet_servers,LVA,2012,560.875654211557
secure_internet_servers,LVA,2011,326.745185849069
secure_internet_servers,LVA,2010,227.407624591489
secure_internet_servers,MDA,2024,13318.0369195265
secure_internet_servers,MDA,2023,11525.8344613825
secure_internet_servers,MDA,2022,8416.33533097055
secure_internet_servers,MDA,2021,6661.50706773881
secure_internet_servers,MDA,2020,5580.36984892586
secure_internet_servers,MDA,2019,4526.64640810983
secure_internet_servers,MDA,2018,3919.17414394118
secure_internet_servers,MDA,2017,3655.28462838666
secure_internet_servers,MDA,2016,660.676815594827
secure_internet_servers,MDA,2015,127.292947970682
secure_internet_servers,MDA,2014,82.9304906020859
secure_internet_servers,MDA,2013,58.750338339002
secure_internet_servers,MDA,2012,45.449396641779
secure_internet_servers,MDA,2011,24.1199790680529
secure_internet_servers,MDA,2010,13.2757862933795
secure_internet_servers,MLT,2024,4507.36313982494
secure_internet_servers,MLT,2023,4823.18311994457
secure_internet_servers,MLT,2022,5102.49231331186
secure_internet_servers,MLT,2021,6185.4675287079
secure_internet_servers,MLT,2020,14442.5692059982
secure_internet_servers,MLT,2019,10843.1630919684
secure_internet_servers,MLT,2018,14436.777618655
secure_internet_servers,MLT,2017,14129.555175913
secure_internet_servers,MLT,2016,3240.88843907108
secure_internet_servers,MLT,2015,3534.28481383098
secure_internet_servers,MLT,2014,2874.40510656753
secure_internet_servers,MLT,2013,2608.2248534639
secure_internet_servers,MLT,2012,2597.44588456008
secure_internet_servers,MLT,2011,2039.55144282049
secure_internet_servers,MLT,2010,1654.97408976425
secure_internet_servers,NLD,2024,198682.41199523
secure_internet_servers,NLD,2023,194962.867894191
secure_internet_servers,NLD,2022,181183.789690312
secure_internet_servers,NLD,2021,164133.506993994
secure_internet_servers,NLD,2020,136862.999168649
secure_internet_servers,NLD,2019,130279.470464876
secure_internet_servers,NLD,2018,100581.523830836
secure_internet_servers,NLD,2017,70412.1276055238
secure_internet_servers,NLD,2016,24130.7940652181
secure_internet_servers,NLD,2015,9728.85177813382
secure_internet_servers,NLD,2014,7204.7401341286
secure_internet_servers,NLD,2013,5668.32607017006
secure_internet_servers,NLD,2012,4852.83105983768
secure_internet_servers,NLD,2011,3200.84844768555
secure_internet_servers,NLD,2010,2084.81363728119
secure_internet_servers,POL,2024,41131.8530670488
secure_internet_servers,POL,2023,37340.960521191
secure_internet_servers,POL,2022,34772.62853538
secure_internet_servers,POL,2021,31394.3768568545
secure_internet_servers,POL,2020,25438.6771123423
secure_internet_servers,POL,2019,20606.063798754
secure_internet_servers,POL,2018,16227.0719359574
secure_internet_servers,POL,2017,6534.93448528243
secure_internet_servers,POL,2016,2492.48836327396
secure_internet_servers,POL,2015,955.841788900726
secure_internet_servers,POL,2014,681.131761020643
secure_internet_servers,POL,2013,517.741811845554
secure_internet_servers,POL,2012,399.283674893658
secure_internet_servers,POL,2011,227.384652205914
secure_internet_servers,POL,2010,155.009645190624
secure_internet_servers,PRT,2024,28710.2532558007
secure_internet_servers,PRT,2023,28927.204260395
secure_internet_servers,PRT,2022,27622.7553426515
secure_internet_servers,PRT,2021,24123.9217277333
secure_internet_servers,PRT,2020,22178.9068183498
secure_internet_servers,PRT,2019,19150.5894803584
secure_internet_servers,PRT,2018,15977.3282734765
secure_internet_servers,PRT,2017,12464.7825791482
secure_internet_servers,PRT,2016,3180.29661074401
secure_internet_servers,PRT,2015,901.325690215055
secure_internet_servers,PRT,2014,535.522238017618
secure_internet_servers,PRT,2013,422.671446105326
secure_internet_servers,PRT,2012,358.255433937013
secure_internet_servers,PRT,2011,213.685737992491
secure_internet_servers,PRT,2010,162.393243230462
secure_internet_servers,ROU,2024,27229.5998846093
secure_internet_servers,ROU,2023,26834.6013459271
secure_internet_servers,ROU,2022,24738.0607671931
secure_internet_servers,ROU,2021,23316.8405138798
secure_internet_servers,ROU,2020,21374.339808723
secure_internet_servers,ROU,2019,19164.605923048
secure_internet_servers,ROU,2018,15938.0958274045
secure_internet_servers,ROU,2017,12254.4025986391
secure_internet_servers,ROU,2016,3421.48444135896
secure_internet_servers,ROU,2015,361.230253957283
secure_internet_servers,ROU,2014,246.72284801747
secure_internet_servers,ROU,2013,175.893414695672
secure_internet_servers,ROU,2012,131.368800582909
secure_internet_servers,ROU,2011,60.9007715487478
secure_internet_servers,ROU,2010,39.0183747404722
secure_internet_servers,SVK,2024,43287.3502716398
secure_internet_servers,SVK,2023,39911.9913612961
secure_internet_servers,SVK,2022,36900.6169648393
secure_internet_servers,SVK,2021,31322.794798914
secure_internet_servers,SVK,2020,25918.3886941279
secure_internet_servers,SVK,2019,20091.3176707558
secure_internet_servers,SVK,2018,12993.3863567974
secure_internet_servers,SVK,2017,6963.66692944886
secure_internet_servers,SVK,2016,3240.77603328277
secure_internet_servers,SVK,2015,1068.43890474595
secure_internet_servers,SVK,2014,657.728522367845
secure_internet_servers,SVK,2013,493.775345702778
secure_internet_servers,SVK,2012,357.646185104277
secure_internet_servers,SVK,2011,198.948426047499
secure_internet_servers,SVK,2010,136.883957274399
secure_internet_servers,SVN,2024,68783.4915859735
secure_internet_servers,SVN,2023,63978.5405154822
secure_internet_servers,SVN,2022,61863.7776292141
secure_internet_servers,SVN,2021,55445.2655711669
secure_internet_servers,SVN,2020,49112.4747255423
secure_internet_servers,SVN,2019,42529.9932723133
secure_internet_servers,SVN,2018,33018.0809626721
secure_internet_servers,SVN,2017,19594.093655209
secure_internet_servers,SVN,2016,5630.87820974101
secure_internet_servers,SVN,2015,2188.96638819577
secure_internet_servers,SVN,2014,1558.2110398743
secure_internet_servers,SVN,2013,1215.56171427212
secure_internet_servers,SVN,2012,967.353520073072
secure_internet_servers,SVN,2011,499.307545681769
secure_internet_servers,SVN,2010,333.889327403381
secure_internet_servers,SWE,2024,55097.2595366627
secure_internet_servers,SWE,2023,52996.3464606147
secure_internet_servers,SWE,2022,45805.4450768818
secure_internet_servers,SWE,2021,38601.5068821813
secure_internet_servers,SWE,2020,32739.7400787101
secure_internet_servers,SWE,2019,25688.2870684346
secure_internet_servers,SWE,2018,18608.4538369414
secure_internet_servers,SWE,2017,13619.1203991212
secure_internet_servers,SWE,2016,6205.93293315536
secure_internet_servers,SWE,2015,4207.90053377903
secure_internet_servers,SWE,2014,3148.78853478354
secure_internet_servers,SWE,2013,2690.51878056064
secure_internet_servers,SWE,2012,2392.48925402027
secure_internet_servers,SWE,2011,1711.67694071453
secure_internet_servers,SWE,2010,1201.19947204804
secure_internet_servers,UKR,2024,9936.86751062547
secure_internet_servers,UKR,2023,9888.25753781136
secure_internet_servers,UKR,2022,8917.22299276914
secure_internet_servers,UKR,2021,9534.33333393531
secure_internet_servers,UKR,2020,8842.70089978038
secure_internet_servers,UKR,2019,7767.05391127764
secure_internet_servers,UKR,2018,5949.6240420057
secure_internet_servers,UKR,2017,3895.69593002172
secure_internet_servers,UKR,2016,1879.89819196563
secure_internet_servers,UKR,2015,139.849613287316
secure_internet_servers,UKR,2014,73.5659106620105
secure_internet_servers,UKR,2013,53.2879280296453
secure_internet_servers,UKR,2012,40.3808210057136
secure_internet_servers,UKR,2011,20.6876358530377
secure_internet_servers,UKR,2010,12.2050965081951
research_development_expenditure,ARM,2024,0.2861
research_development_expenditure,ARM,2023,0.1821
research_development_expenditure,ARM,2022,0.20955
research_development_expenditure,ARM,2021,0.20557
research_development_expenditure,ARM,2020,0.2092
research_development_expenditure,ARM,2019,0.17854
research_development_expenditure,ARM,2018,0.18876
research_development_expenditure,ARM,2017,0.22788
research_development_expenditure,ARM,2016,0.23305
research_development_expenditure,ARM,2015,0.25002
research_development_expenditure,ARM,2014,0.24151
research_development_expenditure,ARM,2013,0.22216
research_development_expenditure,ARM,2012,0.23853
research_development_expenditure,ARM,2011,0.27014
research_development_expenditure,ARM,2010,0.24139
research_development_expenditure,AUT,2024,
research_development_expenditure,AUT,2023,3.25517
research_development_expenditure,AUT,2022,3.17775
research_development_expenditure,AUT,2021,3.25565
research_development_expenditure,AUT,2020,3.20758
research_development_expenditure,AUT,2019,3.14405
research_development_expenditure,AUT,2018,3.10828
research_development_expenditure,AUT,2017,3.07376
research_development_expenditure,AUT,2016,3.13356
research_development_expenditure,AUT,2015,3.06917
research_development_expenditure,AUT,2014,3.11263
research_development_expenditure,AUT,2013,2.97993
research_development_expenditure,AUT,2012,2.93372
research_development_expenditure,AUT,2011,2.68567
research_development_expenditure,AUT,2010,2.74321
research_development_expenditure,AZE,2024,0.20778
research_development_expenditure,AZE,2023,0.1816
research_development_expenditure,AZE,2022,0.1513
research_development_expenditure,AZE,2021,0.20836
research_development_expenditure,AZE,2020,0.2239
research_development_expenditure,AZE,2019,0.20013
research_development_expenditure,AZE,2018,0.18416
research_development_expenditure,AZE,2017,0.18468
research_development_expenditure,AZE,2016,0.20637
research_development_expenditure,AZE,2015,0.22232
research_development_expenditure,AZE,2014,0.20978
research_development_expenditure,AZE,2013,0.20969
research_development_expenditure,AZE,2012,0.21427
research_development_expenditure,AZE,2011,0.21084
research_development_expenditure,AZE,2010,0.21848
research_development_expenditure,BEL,2024,
research_development_expenditure,BEL,2023,3.27235
research_development_expenditure,BEL,2022,3.19592
research_development_expenditure,BEL,2021,3.40589
research_development_expenditure,BEL,2020,3.36823
research_development_expenditure,BEL,2019,3.15154
research_development_expenditure,BEL,2018,2.86365
research_development_expenditure,BEL,2017,2.67654
research_development_expenditure,BEL,2016,2.53291
research_development_expenditure,BEL,2015,2.43496
research_development_expenditure,BEL,2014,2.35858
research_development_expenditure,BEL,2013,2.32047
research_development_expenditure,BEL,2012,2.27079
research_development_expenditure,BEL,2011,2.15739
research_development_expenditure,BEL,2010,2.0613
research_development_expenditure,BGR,2024,
research_development_expenditure,BGR,2023,0.79224
research_development_expenditure,BGR,2022,0.75174
research_development_expenditure,BGR,2021,0.76933
research_development_expenditure,BGR,2020,0.84549
research_development_expenditure,BGR,2019,0.83576
research_development_expenditure,BGR,2018,0.75505
research_development_expenditure,BGR,2017,0.74037
research_development_expenditure,BGR,2016,0.77009
research_development_expenditure,BGR,2015,0.94947
research_development_expenditure,BGR,2014,0.79007
research_development_expenditure,BGR,2013,0.63424
research_development_expenditure,BGR,2012,0.60039
research_development_expenditure,BGR,2011,0.5295
research_development_expenditure,BGR,2010,0.56299
research_development_expenditure,BLR,2024,0.5872
research_development_expenditure,BLR,2023,0.57348
research_development_expenditure,BLR,2022,0.47477
research_development_expenditure,BLR,2021,0.45981
research_development_expenditure,BLR,2020,0.53901
research_development_expenditure,BLR,2019,0.57733
research_development_expenditure,BLR,2018,0.60443
research_development_expenditure,BLR,2017,0.58411
research_development_expenditure,BLR,2016,0.50063
research_development_expenditure,BLR,2015,0.49999
research_development_expenditure,BLR,2014,0.50548
research_development_expenditure,BLR,2013,0.65191
research_development_expenditure,BLR,2012,0.64603
research_development_expenditure,BLR,2011,0.6776
research_development_expenditure,BLR,2010,0.66913
research_development_expenditure,CYP,2024,
research_development_expenditure,CYP,2023,0.68145
research_development_expenditure,CYP,2022,0.70468
research_development_expenditure,CYP,2021,0.77686
research_development_expenditure,CYP,2020,0.82581
research_development_expenditure,CYP,2019,0.70269
research_development_expenditure,CYP,2018,0.61032
research_development_expenditure,CYP,2017,0.54259
research_development_expenditure,CYP,2016,0.5197
research_development_expenditure,CYP,2015,0.47529
research_development_expenditure,CYP,2014,0.51205
research_development_expenditure,CYP,2013,0.48485
research_development_expenditure,CYP,2012,0.43765
research_development_expenditure,CYP,2011,0.45263
research_development_expenditure,CYP,2010,0.44292
research_development_expenditure,CZE,2024,
research_development_expenditure,CZE,2023,1.83369
research_development_expenditure,CZE,2022,1.89089
research_development_expenditure,CZE,2021,1.93302
research_development_expenditure,CZE,2020,1.94537
research_development_expenditure,CZE,2019,1.89547
research_development_expenditure,CZE,2018,1.87652
research_development_expenditure,CZE,2017,1.74513
research_development_expenditure,CZE,2016,1.65411
research_development_expenditure,CZE,2015,1.906
research_development_expenditure,CZE,2014,1.94392
research_development_expenditure,CZE,2013,1.86743
research_development_expenditure,CZE,2012,1.757
research_development_expenditure,CZE,2011,1.5323
research_development_expenditure,CZE,2010,1.31352
research_development_expenditure,DEU,2024,
research_development_expenditure,DEU,2023,3.1539
research_development_expenditure,DEU,2022,3.07096
research_development_expenditure,DEU,2021,3.0786
research_development_expenditure,DEU,2020,3.0897
research_development_expenditure,DEU,2019,3.11256
research_development_expenditure,DEU,2018,3.05057
research_development_expenditure,DEU,2017,2.9886
research_development_expenditure,DEU,2016,2.88393
research_development_expenditure,DEU,2015,2.87725
research_development_expenditure,DEU,2014,2.82218
research_development_expenditure,DEU,2013,2.78067
research_development_expenditure,DEU,2012,2.82499
research_development_expenditure,DEU,2011,2.75016
research_development_expenditure,DEU,2010,2.67632
research_development_expenditure,DNK,2024,
research_development_expenditure,DNK,2023,3.04841
research_development_expenditure,DNK,2022,2.86709
research_development_expenditure,DNK,2021,2.74323
research_development_expenditure,DNK,2020,2.96533
research_development_expenditure,DNK,2019,2.90605
research_development_expenditure,DNK,2018,2.97895
research_development_expenditure,DNK,2017,2.93576
research_development_expenditure,DNK,2016,3.10209
research_development_expenditure,DNK,2015,3.06422
research_development_expenditure,DNK,2014,2.91543
research_development_expenditure,DNK,2013,2.96145
research_development_expenditure,DNK,2012,2.9845
research_development_expenditure,DNK,2011,2.94198
research_development_expenditure,DNK,2010,2.91389
research_development_expenditure,ESP,2024,
research_development_expenditure,ESP,2023,1.49362
research_development_expenditure,ESP,2022,1.40684
research_development_expenditure,ESP,2021,1.39617
research_development_expenditure,ESP,2020,1.39637
research_development_expenditure,ESP,2019,1.24207
research_development_expenditure,ESP,2018,1.23288
research_development_expenditure,ESP,2017,1.20198
research_development_expenditure,ESP,2016,1.1808
research_development_expenditure,ESP,2015,1.21165
research_development_expenditure,ESP,2014,1.23401
research_development_expenditure,ESP,2013,1.26864
research_development_expenditure,ESP,2012,1.29268
research_development_expenditure,ESP,2011,1.32726
research_development_expenditure,ESP,2010,1.35436
research_development_expenditure,EST,2024,
research_development_expenditure,EST,2023,1.83878
research_development_expenditure,EST,2022,1.76094
research_development_expenditure,EST,2021,1.75152
research_development_expenditure,EST,2020,1.72614
research_development_expenditure,EST,2019,1.59093
research_development_expenditure,EST,2018,1.38298
research_development_expenditure,EST,2017,1.25152
research_development_expenditure,EST,2016,1.21835
research_development_expenditure,EST,2015,1.44125
research_development_expenditure,EST,2014,1.40794
research_development_expenditure,EST,2013,1.70141
research_development_expenditure,EST,2012,2.10485
research_development_expenditure,EST,2011,2.29632
research_development_expenditure,EST,2010,1.57892
research_development_expenditure,FIN,2024,
research_development_expenditure,FIN,2023,3.0938
research_development_expenditure,FIN,2022,2.982
research_development_expenditure,FIN,2021,3.01133
research_development_expenditure,FIN,2020,2.93278
research_development_expenditure,FIN,2019,2.81534
research_development_expenditure,FIN,2018,2.77601
research_development_expenditure,FIN,2017,2.74723
research_development_expenditure,FIN,2016,2.74716
research_development_expenditure,FIN,2015,2.88826
research_development_expenditure,FIN,2014,3.16344
research_development_expenditure,FIN,2013,3.28462
research_development_expenditure,FIN,2012,3.4095
research_development_expenditure,FIN,2011,3.62434
research_development_expenditure,FIN,2010,3.70524
research_development_expenditure,FRA,2024,
research_development_expenditure,FRA,2023,2.17832
research_development_expenditure,FRA,2022,2.21937
research_development_expenditure,FRA,2021,2.21278
research_development_expenditure,FRA,2020,2.2742
research_development_expenditure,FRA,2019,2.19668
research_development_expenditure,FRA,2018,2.20407
research_development_expenditure,FRA,2017,2.20422
research_development_expenditure,FRA,2016,2.22468
research_development_expenditure,FRA,2015,2.22401
research_development_expenditure,FRA,2014,2.27173
research_development_expenditure,FRA,2013,2.23369
research_development_expenditure,FRA,2012,2.22761
research_development_expenditure,FRA,2011,2.18761
research_development_expenditure,FRA,2010,2.17771
research_development_expenditure,GEO,2024,0.26435
research_development_expenditure,GEO,2023,0.25084
research_development_expenditure,GEO,2022,0.2347
research_development_expenditure,GEO,2021,0.24875
research_development_expenditure,GEO,2020,0.29765
research_development_expenditure,GEO,2019,0.28197
research_development_expenditure,GEO,2018,0.27573
research_development_expenditure,GEO,2017,0.26645
research_development_expenditure,GEO,2016,0.28025
research_development_expenditure,GEO,2015,0.29397
research_development_expenditure,GEO,2014,0.16991
research_development_expenditure,GEO,2013,0.0771
research_development_expenditure,GEO,2012,
research_development_expenditure,GEO,2011,
research_development_expenditure,GEO,2010,
research_development_expenditure,GRC,2024,
research_development_expenditure,GRC,2023,1.4943
research_development_expenditure,GRC,2022,1.47714
research_development_expenditure,GRC,2021,1.43353
research_development_expenditure,GRC,2020,1.48872
research_development_expenditure,GRC,2019,1.26236
research_development_expenditure,GRC,2018,1.2066
research_development_expenditure,GRC,2017,1.1492
research_development_expenditure,GRC,2016,1.00556
research_development_expenditure,GRC,2015,0.9716
research_development_expenditure,GRC,2014,0.84553
research_development_expenditure,GRC,2013,0.82288
research_development_expenditure,GRC,2012,0.71953
research_development_expenditure,GRC,2011,0.6837
research_development_expenditure,GRC,2010,0.60491
research_development_expenditure,HRV,2024,
research_development_expenditure,HRV,2023,1.38621
research_development_expenditure,HRV,2022,1.41896
research_development_expenditure,HRV,2021,1.24187
research_development_expenditure,HRV,2020,1.23536
research_development_expenditure,HRV,2019,1.07723
research_development_expenditure,HRV,2018,0.94608
research_development_expenditure,HRV,2017,0.84354
research_development_expenditure,HRV,2016,0.84569
research_development_expenditure,HRV,2015,0.82388
research_development_expenditure,HRV,2014,0.76744
research_development_expenditure,HRV,2013,0.79163
research_development_expenditure,HRV,2012,0.73545
research_development_expenditure,HRV,2011,0.73493
research_development_expenditure,HRV,2010,0.72875
research_development_expenditure,HUN,2024,
research_development_expenditure,HUN,2023,1.37748
research_development_expenditure,HUN,2022,1.39056
research_development_expenditure,HUN,2021,1.63327
research_development_expenditure,HUN,2020,1.58067
research_development_expenditure,HUN,2019,1.46473
research_development_expenditure,HUN,2018,1.50196
research_development_expenditure,HUN,2017,1.31498
research_development_expenditure,HUN,2016,1.17645
research_development_expenditure,HUN,2015,1.33884
research_development_expenditure,HUN,2014,1.3437
research_development_expenditure,HUN,2013,1.38449
research_development_expenditure,HUN,2012,1.25758
research_development_expenditure,HUN,2011,1.18116
research_development_expenditure,HUN,2010,1.13102
research_development_expenditure,IRL,2024,
research_development_expenditure,IRL,2023,1.58829
research_development_expenditure,IRL,2022,1.53215
research_development_expenditure,IRL,2021,1.0732
research_development_expenditure,IRL,2020,1.12466
research_development_expenditure,IRL,2019,1.13733
research_development_expenditure,IRL,2018,1.08244
research_development_expenditure,IRL,2017,1.20821
research_development_expenditure,IRL,2016,1.14954
research_development_expenditure,IRL,2015,1.14062
research_development_expenditure,IRL,2014,1.47756
research_development_expenditure,IRL,2013,1.53562
research_development_expenditure,IRL,2012,1.5455
research_development_expenditure,IRL,2011,1.53761
research_development_expenditure,IRL,2010,1.59425
research_development_expenditure,ITA,2024,
research_development_expenditure,ITA,2023,1.37935
research_development_expenditure,ITA,2022,1.36563
research_development_expenditure,ITA,2021,1.41065
research_development_expenditure,ITA,2020,1.49869
research_development_expenditure,ITA,2019,1.45558
research_development_expenditure,ITA,2018,1.41934
research_development_expenditure,ITA,2017,1.36393
research_development_expenditure,ITA,2016,1.35915
research_development_expenditure,ITA,2015,1.33213
research_development_expenditure,ITA,2014,1.33148
research_development_expenditure,ITA,2013,1.29425
research_development_expenditure,ITA,2012,1.25559
research_development_expenditure,ITA,2011,1.19531
research_development_expenditure,ITA,2010,1.21296
research_development_expenditure,LTU,2024,
research_development_expenditure,LTU,2023,1.04977
research_development_expenditure,LTU,2022,1.05289
research_development_expenditure,LTU,2021,1.10044
research_development_expenditure,LTU,2020,1.12379
research_development_expenditure,LTU,2019,0.98701
research_development_expenditure,LTU,2018,0.92781
research_development_expenditure,LTU,2017,0.8963
research_development_expenditure,LTU,2016,0.84391
research_development_expenditure,LTU,2015,1.04077
research_development_expenditure,LTU,2014,1.03495
research_development_expenditure,LTU,2013,0.95322
research_development_expenditure,LTU,2012,0.8976
research_development_expenditure,LTU,2011,0.90998
research_development_expenditure,LTU,2010,0.79379
research_development_expenditure,LUX,2024,
research_development_expenditure,LUX,2023,1.07045
research_development_expenditure,LUX,2022,1.0653
research_development_expenditure,LUX,2021,1.03153
research_development_expenditure,LUX,2020,1.09627
research_development_expenditure,LUX,2019,1.18209
research_development_expenditure,LUX,2018,1.17039
research_development_expenditure,LUX,2017,1.23898
research_development_expenditure,LUX,2016,1.2669
research_development_expenditure,LUX,2015,1.25226
research_development_expenditure,LUX,2014,1.217
research_development_expenditure,LUX,2013,1.23381
research_development_expenditure,LUX,2012,1.20664
research_development_expenditure,LUX,2011,1.42453
research_development_expenditure,LUX,2010,1.42373
research_development_expenditure,LVA,2024,
research_development_expenditure,LVA,2023,0.8236
research_development_expenditure,LVA,2022,0.8122
research_development_expenditure,LVA,2021,0.77085
research_development_expenditure,LVA,2020,0.75663
research_development_expenditure,LVA,2019,0.6602
research_development_expenditure,LVA,2018,0.66138
research_development_expenditure,LVA,2017,0.53004
research_development_expenditure,LVA,2016,0.45065
research_development_expenditure,LVA,2015,0.641
research_development_expenditure,LVA,2014,0.71433
research_development_expenditure,LVA,2013,0.63536
research_development_expenditure,LVA,2012,0.68884
research_development_expenditure,LVA,2011,0.73982
research_development_expenditure,LVA,2010,0.6183
research_development_expenditure,MDA,2024,0.21589
research_development_expenditure,MDA,2023,0.22111
research_development_expenditure,MDA,2022,0.22959
research_development_expenditure,MDA,2021,0.23154
research_development_expenditure,MDA,2020,0.23511
research_development_expenditure,MDA,2019,0.24145
research_development_expenditure,MDA,2018,0.25626
research_development_expenditure,MDA,2017,0.25789
research_development_expenditure,MDA,2016,0.28005
research_development_expenditure,MDA,2015,0.30735
research_development_expenditure,MDA,2014,0.31463
research_development_expenditure,MDA,2013,0.29783
research_development_expenditure,MDA,2012,0.34907
research_development_expenditure,MDA,2011,0.33764
research_development_expenditure,MDA,2010,0.3665
research_development_expenditure,MLT,2024,
research_development_expenditure,MLT,2023,0.64792
research_development_expenditure,MLT,2022,0.5745
research_development_expenditure,MLT,2021,0.59682
research_development_expenditure,MLT,2020,0.60002
research_development_expenditure,MLT,2019,0.54851
research_development_expenditure,MLT,2018,0.54557
research_development_expenditure,MLT,2017,0.52592
research_development_expenditure,MLT,2016,0.54032
research_development_expenditure,MLT,2015,0.69942
research_development_expenditure,MLT,2014,0.67653
research_development_expenditure,MLT,2013,0.72644
research_development_expenditure,MLT,2012,0.79196
research_development_expenditure,MLT,2011,0.65483
research_development_expenditure,MLT,2010,0.58346
research_development_expenditure,NLD,2024,
research_development_expenditure,NLD,2023,2.26719
research_development_expenditure,NLD,2022,2.17529
research_development_expenditure,NLD,2021,2.21542
research_development_expenditure,NLD,2020,2.26514
research_development_expenditure,NLD,2019,2.14036
research_development_expenditure,NLD,2018,2.1027
research_development_expenditure,NLD,2017,2.14167
research_development_expenditure,NLD,2016,2.11546
research_development_expenditure,NLD,2015,2.11792
research_development_expenditure,NLD,2014,2.15067
research_development_expenditure,NLD,2013,2.13953
research_development_expenditure,NLD,2012,1.90094
research_development_expenditure,NLD,2011,1.8651
research_development_expenditure,NLD,2010,1.69388
research_development_expenditure,POL,2024,
research_development_expenditure,POL,2023,1.55525
research_development_expenditure,POL,2022,1.44162
research_development_expenditure,POL,2021,1.41558
research_development_expenditure,POL,2020,1.37128
research_development_expenditure,POL,2019,1.3088
research_development_expenditure,POL,2018,1.19426
research_development_expenditure,POL,2017,1.03055
research_development_expenditure,POL,2016,0.9616
research_development_expenditure,POL,2015,0.99807
research_development_expenditure,POL,2014,0.9454
research_development_expenditure,POL,2013,0.8807
research_development_expenditure,POL,2012,0.88476
research_development_expenditure,POL,2011,0.74726
research_development_expenditure,POL,2010,0.72252
research_development_expenditure,PRT,2024,
research_development_expenditure,PRT,2023,1.69491
research_development_expenditure,PRT,2022,1.69051
research_development_expenditure,PRT,2021,1.66711
research_development_expenditure,PRT,2020,1.60979
research_development_expenditure,PRT,2019,1.39487
research_development_expenditure,PRT,2018,1.35078
research_development_expenditure,PRT,2017,1.32224
research_development_expenditure,PRT,2016,1.2815
research_development_expenditure,PRT,2015,1.24552
research_development_expenditure,PRT,2014,1.28892
research_development_expenditure,PRT,2013,1.32325
research_development_expenditure,PRT,2012,1.37661
research_development_expenditure,PRT,2011,1.45558
research_development_expenditure,PRT,2010,1.53317
research_development_expenditure,ROU,2024,
research_development_expenditure,ROU,2023,0.51656
research_development_expenditure,ROU,2022,0.46274
research_development_expenditure,ROU,2021,0.47108
research_development_expenditure,ROU,2020,0.46414
research_development_expenditure,ROU,2019,0.47491
research_development_expenditure,ROU,2018,0.49698
research_development_expenditure,ROU,2017,0.50693
research_development_expenditure,ROU,2016,0.48863
research_development_expenditure,ROU,2015,0.48796
research_development_expenditure,ROU,2014,0.38207
research_development_expenditure,ROU,2013,0.39022
research_development_expenditure,ROU,2012,0.46244
research_development_expenditure,ROU,2011,0.47457
research_development_expenditure,ROU,2010,0.44657
research_development_expenditure,SVK,2024,
research_development_expenditure,SVK,2023,1.03359
research_development_expenditure,SVK,2022,0.97686
research_development_expenditure,SVK,2021,0.90093
research_development_expenditure,SVK,2020,0.88944
research_development_expenditure,SVK,2019,0.82138
research_development_expenditure,SVK,2018,0.83184
research_development_expenditure,SVK,2017,0.88153
research_development_expenditure,SVK,2016,0.78513
research_development_expenditure,SVK,2015,1.15366
research_development_expenditure,SVK,2014,0.87462
research_development_expenditure,SVK,2013,0.8184
research_development_expenditure,SVK,2012,0.79377
research_development_expenditure,SVK,2011,0.65398
research_development_expenditure,SVK,2010,0.60583
research_development_expenditure,SVN,2024,
research_development_expenditure,SVN,2023,2.13385
research_development_expenditure,SVN,2022,2.1
research_development_expenditure,SVN,2021,2.13847
research_development_expenditure,SVN,2020,2.15559
research_development_expenditure,SVN,2019,2.05725
research_development_expenditure,SVN,2018,1.96365
research_development_expenditure,SVN,2017,1.88219
research_development_expenditure,SVN,2016,2.02922
research_development_expenditure,SVN,2015,2.21611
research_development_expenditure,SVN,2014,2.38854
research_development_expenditure,SVN,2013,2.59426
research_development_expenditure,SVN,2012,2.58339
research_development_expenditure,SVN,2011,2.4311
research_development_expenditure,SVN,2010,2.06914
research_development_expenditure,SWE,2024,
research_development_expenditure,SWE,2023,3.59978
research_development_expenditure,SWE,2022,3.47239
research_development_expenditure,SWE,2021,3.41565
research_development_expenditure,SWE,2020,3.50181
research_development_expenditure,SWE,2019,3.39847
research_development_expenditure,SWE,2018,3.34602
research_development_expenditure,SWE,2017,3.39374
research_development_expenditure,SWE,2016,3.25643
research_development_expenditure,SWE,2015,3.24088
research_development_expenditure,SWE,2014,3.12457
research_development_expenditure,SWE,2013,3.27557
research_development_expenditure,SWE,2012,3.24636
research_development_expenditure,SWE,2011,3.20686
research_development_expenditure,SWE,2010,3.18756
research_development_expenditure,UKR,2024,0.36988
research_development_expenditure,UKR,2023,0.32209
research_development_expenditure,UKR,2022,0.32673
research_development_expenditure,UKR,2021,0.38478
research_development_expenditure,UKR,2020,0.40318
research_development_expenditure,UKR,2019,0.43384
research_development_expenditure,UKR,2018,0.47113
research_development_expenditure,UKR,2017,0.44878
research_development_expenditure,UKR,2016,0.48339
research_development_expenditure,UKR,2015,0.61477
research_development_expenditure,UKR,2014,0.65034
research_development_expenditure,UKR,2013,0.733
research_development_expenditure,UKR,2012,0.72363
research_development_expenditure,UKR,2011,0.7109
research_development_expenditure,UKR,2010,0.80278
