ind,country,year,value
IT.NET.BBND.P2,ARM,2025,
IT.NET.BBND.P2,ARM,2024,20.3090953111129
IT.NET.BBND.P2,ARM,2023,18.5458075085454
IT.NET.BBND.P2,ARM,2022,17.7300708049016
IT.NET.BBND.P2,ARM,2021,16.2565945813558
IT.NET.BBND.P2,ARM,2020,14.8883804721864
IT.NET.BBND.P2,ARM,2019,13.2819462446608
IT.NET.BBND.P2,ARM,2018,11.9399374219278
IT.NET.BBND.P2,ARM,2017,10.8172556564183
IT.NET.BBND.P2,ARM,2016,10.2497847569184
IT.NET.BBND.P2,ARM,2015,9.80149439763493
IT.NET.BBND.P2,ARM,2014,9.3376315946157
IT.NET.BBND.P2,ARM,2013,8.31673235203342
IT.NET.BBND.P2,ARM,2012,7.25580730107633
IT.NET.BBND.P2,ARM,2011,5.49292214098522
IT.NET.BBND.P2,ARM,2010,3.19288671267022
IT.NET.BBND.P2,ARM,2009,1.35419350830431
IT.NET.BBND.P2,ARM,2008,0.466184007378403
IT.NET.BBND.P2,AUT,2025,
IT.NET.BBND.P2,AUT,2024,30.12779672163
IT.NET.BBND.P2,AUT,2023,29.3725409835617
IT.NET.BBND.P2,AUT,2022,29.2342573265435
IT.NET.BBND.P2,AUT,2021,29.2537339731419
IT.NET.BBND.P2,AUT,2020,29.2106456326106
IT.NET.BBND.P2,AUT,2019,28.3631930003301
IT.NET.BBND.P2,AUT,2018,28.5150396136468
IT.NET.BBND.P2,AUT,2017,28.5425998928488
IT.NET.BBND.P2,AUT,2016,28.8775983744406
IT.NET.BBND.P2,AUT,2015,28.4068593397138
IT.NET.BBND.P2,AUT,2014,27.597689562142
IT.NET.BBND.P2,AUT,2013,26.3222866586035
IT.NET.BBND.P2,AUT,2012,25.2644782408466
IT.NET.BBND.P2,AUT,2011,24.9926429150975
IT.NET.BBND.P2,AUT,2010,24.5113861270145
IT.NET.BBND.P2,AUT,2009,22.510594883252
IT.NET.BBND.P2,AUT,2008,20.7731280065619
IT.NET.BBND.P2,AZE,2025,
IT.NET.BBND.P2,AZE,2024,21.7534102440295
IT.NET.BBND.P2,AZE,2023,20.8825041017301
IT.NET.BBND.P2,AZE,2022,20.3655958095069
IT.NET.BBND.P2,AZE,2021,20.0856994533421
IT.NET.BBND.P2,AZE,2020,19.5985750948022
IT.NET.BBND.P2,AZE,2019,19.2178211211639
IT.NET.BBND.P2,AZE,2018,18.8342000186458
IT.NET.BBND.P2,AZE,2017,18.1091657629876
IT.NET.BBND.P2,AZE,2016,18.2770953995915
IT.NET.BBND.P2,AZE,2015,19.4759070425568
IT.NET.BBND.P2,AZE,2014,19.7076399486748
IT.NET.BBND.P2,AZE,2013,18.0145551396199
IT.NET.BBND.P2,AZE,2012,14.6071625537092
IT.NET.BBND.P2,AZE,2011,10.5213182586713
IT.NET.BBND.P2,AZE,2010,5.1962691859745
IT.NET.BBND.P2,AZE,2009,1.10541991807512
IT.NET.BBND.P2,AZE,2008,0.670942958889759
IT.NET.BBND.P2,BEL,2025,
IT.NET.BBND.P2,BEL,2024,44.2321563183446
IT.NET.BBND.P2,BEL,2023,43.7026445985633
IT.NET.BBND.P2,BEL,2022,43.5657139519422
IT.NET.BBND.P2,BEL,2021,43.0218054966431
IT.NET.BBND.P2,BEL,2020,41.0239697084264
IT.NET.BBND.P2,BEL,2019,39.9517850127817
IT.NET.BBND.P2,BEL,2018,39.4006967604533
IT.NET.BBND.P2,BEL,2017,38.4911160919085
IT.NET.BBND.P2,BEL,2016,37.6812994536783
IT.NET.BBND.P2,BEL,2015,36.5492377831789
IT.NET.BBND.P2,BEL,2014,35.7819662752911
IT.NET.BBND.P2,BEL,2013,34.3084525866565
IT.NET.BBND.P2,BEL,2012,33.2388297727719
IT.NET.BBND.P2,BEL,2011,32.1032472233196
IT.NET.BBND.P2,BEL,2010,30.842629161864
IT.NET.BBND.P2,BEL,2009,29.1619435426182
IT.NET.BBND.P2,BEL,2008,27.8485650589166
IT.NET.BBND.P2,BGR,2025,
IT.NET.BBND.P2,BGR,2024,
IT.NET.BBND.P2,BGR,2023,37.0235717545079
IT.NET.BBND.P2,BGR,2022,34.9667968772891
IT.NET.BBND.P2,BGR,2021,32.7688420838347
IT.NET.BBND.P2,BGR,2020,30.5042854761098
IT.NET.BBND.P2,BGR,2019,28.8836779290396
IT.NET.BBND.P2,BGR,2018,27.103417988838
IT.NET.BBND.P2,BGR,2017,25.3925159519229
IT.NET.BBND.P2,BGR,2016,23.8176881048635
IT.NET.BBND.P2,BGR,2015,22.4944225140811
IT.NET.BBND.P2,BGR,2014,20.5011345688189
IT.NET.BBND.P2,BGR,2013,19.5682074718498
IT.NET.BBND.P2,BGR,2012,18.2006758494654
IT.NET.BBND.P2,BGR,2011,17.0296984088807
IT.NET.BBND.P2,BGR,2010,15.1221247609612
IT.NET.BBND.P2,BGR,2009,13.3284392878162
IT.NET.BBND.P2,BGR,2008,11.1942366306456
IT.NET.BBND.P2,BLR,2025,
IT.NET.BBND.P2,BLR,2024,36.2627055164488
IT.NET.BBND.P2,BLR,2023,35.0931910729644
IT.NET.BBND.P2,BLR,2022,34.0671782490739
IT.NET.BBND.P2,BLR,2021,35.0097634241001
IT.NET.BBND.P2,BLR,2020,34.8152229336418
IT.NET.BBND.P2,BLR,2019,34.0723501521236
IT.NET.BBND.P2,BLR,2018,33.7711870351479
IT.NET.BBND.P2,BLR,2017,33.3125100702522
IT.NET.BBND.P2,BLR,2016,32.2929606538076
IT.NET.BBND.P2,BLR,2015,30.6040616643757
IT.NET.BBND.P2,BLR,2014,28.3376939308168
IT.NET.BBND.P2,BLR,2013,29.4347914242904
IT.NET.BBND.P2,BLR,2012,26.7549579016379
IT.NET.BBND.P2,BLR,2011,22.1484924892336
IT.NET.BBND.P2,BLR,2010,17.5605789720351
IT.NET.BBND.P2,BLR,2009,11.4889164021429
IT.NET.BBND.P2,BLR,2008,5.01586780557515
IT.NET.BBND.P2,CYP,2025,
IT.NET.BBND.P2,CYP,2024,37.5627069536424
IT.NET.BBND.P2,CYP,2023,36.9005587748344
IT.NET.BBND.P2,CYP,2022,36.7656727425982
IT.NET.BBND.P2,CYP,2021,36.6502473650247
IT.NET.BBND.P2,CYP,2020,36.3127392017496
IT.NET.BBND.P2,CYP,2019,36.1884973404255
IT.NET.BBND.P2,CYP,2018,35.2355650415637
IT.NET.BBND.P2,CYP,2017,33.6542226269064
IT.NET.BBND.P2,CYP,2016,32.0132199103345
IT.NET.BBND.P2,CYP,2015,30.1736513081732
IT.NET.BBND.P2,CYP,2014,28.3005343866171
IT.NET.BBND.P2,CYP,2013,26.6505813953488
IT.NET.BBND.P2,CYP,2012,25.5626376173369
IT.NET.BBND.P2,CYP,2011,24.611252900232
IT.NET.BBND.P2,CYP,2010,23.1549178375804
IT.NET.BBND.P2,CYP,2009,21.4899279697229
IT.NET.BBND.P2,CYP,2008,18.4811143179822
IT.NET.BBND.P2,CZE,2025,
IT.NET.BBND.P2,CZE,2024,38.8656371139002
IT.NET.BBND.P2,CZE,2023,37.9099783935119
IT.NET.BBND.P2,CZE,2022,37.7136856539825
IT.NET.BBND.P2,CZE,2021,37.4984794433561
IT.NET.BBND.P2,CZE,2020,36.4490898642092
IT.NET.BBND.P2,CZE,2019,35.4302064212035
IT.NET.BBND.P2,CZE,2018,30.5512773467128
IT.NET.BBND.P2,CZE,2017,29.8452606888193
IT.NET.BBND.P2,CZE,2016,29.14911847267
IT.NET.BBND.P2,CZE,2015,27.9980000790543
IT.NET.BBND.P2,CZE,2014,28.475360327904
IT.NET.BBND.P2,CZE,2013,27.1727115258321
IT.NET.BBND.P2,CZE,2012,25.2869067180213
IT.NET.BBND.P2,CZE,2011,23.9064110361087
IT.NET.BBND.P2,CZE,2010,21.6090542510609
IT.NET.BBND.P2,CZE,2009,19.5385560961848
IT.NET.BBND.P2,CZE,2008,16.9544853816023
IT.NET.BBND.P2,DEU,2025,
IT.NET.BBND.P2,DEU,2024,45.6069242965787
IT.NET.BBND.P2,DEU,2023,45.380522509099
IT.NET.BBND.P2,DEU,2022,44.6186317766404
IT.NET.BBND.P2,DEU,2021,44.0643361489671
IT.NET.BBND.P2,DEU,2020,43.3048696627
IT.NET.BBND.P2,DEU,2019,42.1155574684512
IT.NET.BBND.P2,DEU,2018,40.9651498488548
IT.NET.BBND.P2,DEU,2017,39.9888046312857
IT.NET.BBND.P2,DEU,2016,38.4991067314054
IT.NET.BBND.P2,DEU,2015,37.412701768023
IT.NET.BBND.P2,DEU,2014,36.3409222955935
IT.NET.BBND.P2,DEU,2013,35.3423024244517
IT.NET.BBND.P2,DEU,2012,34.5501078335304
IT.NET.BBND.P2,DEU,2011,33.7098845809377
IT.NET.BBND.P2,DEU,2010,32.3662636839336
IT.NET.BBND.P2,DEU,2009,30.8451383310787
IT.NET.BBND.P2,DEU,2008,27.9989131407285
IT.NET.BBND.P2,DNK,2025,
IT.NET.BBND.P2,DNK,2024,43.3933280824544
IT.NET.BBND.P2,DNK,2023,44.0352069959396
IT.NET.BBND.P2,DNK,2022,44.8863644064006
IT.NET.BBND.P2,DNK,2021,44.9598379722906
IT.NET.BBND.P2,DNK,2020,44.4185659681079
IT.NET.BBND.P2,DNK,2019,43.6229516711158
IT.NET.BBND.P2,DNK,2018,43.7690892923223
IT.NET.BBND.P2,DNK,2017,43.5697797531659
IT.NET.BBND.P2,DNK,2016,42.9699132415221
IT.NET.BBND.P2,DNK,2015,42.3133095847231
IT.NET.BBND.P2,DNK,2014,41.4926377539648
IT.NET.BBND.P2,DNK,2013,40.467787039522
IT.NET.BBND.P2,DNK,2012,38.9767051263458
IT.NET.BBND.P2,DNK,2011,38.4725380278661
IT.NET.BBND.P2,DNK,2010,38.076030356193
IT.NET.BBND.P2,DNK,2009,36.6222278389614
IT.NET.BBND.P2,DNK,2008,36.5083210709452
IT.NET.BBND.P2,ESP,2025,
IT.NET.BBND.P2,ESP,2024,39.2337541858756
IT.NET.BBND.P2,ESP,2023,37.2148181549182
IT.NET.BBND.P2,ESP,2022,35.7846414290159
IT.NET.BBND.P2,ESP,2021,34.9302420932073
IT.NET.BBND.P2,ESP,2020,33.9527590155171
IT.NET.BBND.P2,ESP,2019,32.9220023670648
IT.NET.BBND.P2,ESP,2018,32.2277444368856
IT.NET.BBND.P2,ESP,2017,31.2964612808116
IT.NET.BBND.P2,ESP,2016,30.1986308494311
IT.NET.BBND.P2,ESP,2015,29.0099329346016
IT.NET.BBND.P2,ESP,2014,27.8358661570454
IT.NET.BBND.P2,ESP,2013,26.1458798389403
IT.NET.BBND.P2,ESP,2012,24.5107487138578
IT.NET.BBND.P2,ESP,2011,23.7622851657887
IT.NET.BBND.P2,ESP,2010,22.7418123101281
IT.NET.BBND.P2,ESP,2009,21.0154587159308
IT.NET.BBND.P2,ESP,2008,19.7598103811018
IT.NET.BBND.P2,EST,2025,
IT.NET.BBND.P2,EST,2024,35.3527186879385
IT.NET.BBND.P2,EST,2023,35.2539796781149
IT.NET.BBND.P2,EST,2022,39.7219150412824
IT.NET.BBND.P2,EST,2021,37.357189680638
IT.NET.BBND.P2,EST,2020,34.2700326171401
IT.NET.BBND.P2,EST,2019,33.8508104327483
IT.NET.BBND.P2,EST,2018,33.3725174267095
IT.NET.BBND.P2,EST,2017,32.5220031500844
IT.NET.BBND.P2,EST,2016,31.4989029896287
IT.NET.BBND.P2,EST,2015,29.6882797190881
IT.NET.BBND.P2,EST,2014,28.2253745287009
IT.NET.BBND.P2,EST,2013,27.3877226142123
IT.NET.BBND.P2,EST,2012,26.4254326274595
IT.NET.BBND.P2,EST,2011,26.2887630917959
IT.NET.BBND.P2,EST,2010,26.1281702327091
IT.NET.BBND.P2,EST,2009,23.5008182668329
IT.NET.BBND.P2,EST,2008,22.0376733075357
IT.NET.BBND.P2,FIN,2025,
IT.NET.BBND.P2,FIN,2024,36.4765341417867
IT.NET.BBND.P2,FIN,2023,35.3318092510781
IT.NET.BBND.P2,FIN,2022,34.2951599474189
IT.NET.BBND.P2,FIN,2021,33.6396818306917
IT.NET.BBND.P2,FIN,2020,33.3838974597133
IT.NET.BBND.P2,FIN,2019,32.5439773811208
IT.NET.BBND.P2,FIN,2018,31.491717515124
IT.NET.BBND.P2,FIN,2017,31.0435197469463
IT.NET.BBND.P2,FIN,2016,31.152937083259
IT.NET.BBND.P2,FIN,2015,31.5690938053918
IT.NET.BBND.P2,FIN,2014,32.1970293411336
IT.NET.BBND.P2,FIN,2013,31.6268291557372
IT.NET.BBND.P2,FIN,2012,30.4323757921866
IT.NET.BBND.P2,FIN,2011,29.8056452931485
IT.NET.BBND.P2,FIN,2010,29.0751116373162
IT.NET.BBND.P2,FIN,2009,29.3246343411397
IT.NET.BBND.P2,FIN,2008,30.4514435922766
IT.NET.BBND.P2,FRA,2025,
IT.NET.BBND.P2,FRA,2024,48.9251978969333
IT.NET.BBND.P2,FRA,2023,48.6688340139444
IT.NET.BBND.P2,FRA,2022,48.250226559098
IT.NET.BBND.P2,FRA,2021,47.6442336298287
IT.NET.BBND.P2,FRA,2020,46.471240838575
IT.NET.BBND.P2,FRA,2019,45.2765022757908
IT.NET.BBND.P2,FRA,2018,44.4142292018123
IT.NET.BBND.P2,FRA,2017,43.6242593525939
IT.NET.BBND.P2,FRA,2016,42.5277884451476
IT.NET.BBND.P2,FRA,2015,41.387117104083
IT.NET.BBND.P2,FRA,2014,40.142215573606
IT.NET.BBND.P2,FRA,2013,38.7340855946258
IT.NET.BBND.P2,FRA,2012,37.4345529509644
IT.NET.BBND.P2,FRA,2011,35.6937891818337
IT.NET.BBND.P2,FRA,2010,33.64535986777
IT.NET.BBND.P2,FRA,2009,31.457950669807
IT.NET.BBND.P2,FRA,2008,28.4006786217117
IT.NET.BBND.P2,GEO,2025,
IT.NET.BBND.P2,GEO,2024,30.4157660721649
IT.NET.BBND.P2,GEO,2023,29.3086367614167
IT.NET.BBND.P2,GEO,2022,28.3337075311796
IT.NET.BBND.P2,GEO,2021,26.6463786914494
IT.NET.BBND.P2,GEO,2020,25.5120429077493
IT.NET.BBND.P2,GEO,2019,24.6806060596483
IT.NET.BBND.P2,GEO,2018,22.5911406351247
IT.NET.BBND.P2,GEO,2017,20.4644306577176
IT.NET.BBND.P2,GEO,2016,17.9595929069632
IT.NET.BBND.P2,GEO,2015,16.7646515047976
IT.NET.BBND.P2,GEO,2014,15.8407410024372
IT.NET.BBND.P2,GEO,2013,13.5708594493486
IT.NET.BBND.P2,GEO,2012,12.0611334421058
IT.NET.BBND.P2,GEO,2011,6.42340988915208
IT.NET.BBND.P2,GEO,2010,4.68263634438548
IT.NET.BBND.P2,GEO,2009,3.82756464054958
IT.NET.BBND.P2,GEO,2008,2.84510154914943
IT.NET.BBND.P2,GRC,2025,
IT.NET.BBND.P2,GRC,2024,44.6759828527928
IT.NET.BBND.P2,GRC,2023,43.8539621755853
IT.NET.BBND.P2,GRC,2022,42.923040428409
IT.NET.BBND.P2,GRC,2021,41.9213046741732
IT.NET.BBND.P2,GRC,2020,39.7876360746134
IT.NET.BBND.P2,GRC,2019,38.3565690069278
IT.NET.BBND.P2,GRC,2018,36.9203391643751
IT.NET.BBND.P2,GRC,2017,35.1351318678243
IT.NET.BBND.P2,GRC,2016,33.5485838991847
IT.NET.BBND.P2,GRC,2015,31.7813956931321
IT.NET.BBND.P2,GRC,2014,28.9729450556431
IT.NET.BBND.P2,GRC,2013,26.5619364050644
IT.NET.BBND.P2,GRC,2012,24.3424643325153
IT.NET.BBND.P2,GRC,2011,22.183064232426
IT.NET.BBND.P2,GRC,2010,20.2491669415812
IT.NET.BBND.P2,GRC,2009,17.2543940805553
IT.NET.BBND.P2,GRC,2008,13.6049238449266
IT.NET.BBND.P2,HRV,2025,
IT.NET.BBND.P2,HRV,2024,29.5997367962687
IT.NET.BBND.P2,HRV,2023,28.4709561519529
IT.NET.BBND.P2,HRV,2022,27.6606739600213
IT.NET.BBND.P2,HRV,2021,26.7157501000099
IT.NET.BBND.P2,HRV,2020,26.0744550144438
IT.NET.BBND.P2,HRV,2019,28.9682951804841
IT.NET.BBND.P2,HRV,2018,28.0156020023514
IT.NET.BBND.P2,HRV,2017,26.865096097274
IT.NET.BBND.P2,HRV,2016,25.2341141328155
IT.NET.BBND.P2,HRV,2015,23.5726310188829
IT.NET.BBND.P2,HRV,2014,23.3319089868678
IT.NET.BBND.P2,HRV,2013,22.5042534905966
IT.NET.BBND.P2,HRV,2012,21.581851768721
IT.NET.BBND.P2,HRV,2011,20.8566154553422
IT.NET.BBND.P2,HRV,2010,19.4799756808943
IT.NET.BBND.P2,HRV,2009,16.6418978640678
IT.NET.BBND.P2,HRV,2008,12.2371762498346
IT.NET.BBND.P2,HUN,2025,
IT.NET.BBND.P2,HUN,2024,37.542262483936
IT.NET.BBND.P2,HUN,2023,36.7901885342462
IT.NET.BBND.P2,HUN,2022,36.5338104764554
IT.NET.BBND.P2,HUN,2021,34.8391868436369
IT.NET.BBND.P2,HUN,2020,33.4922037196533
IT.NET.BBND.P2,HUN,2019,32.6466329851573
IT.NET.BBND.P2,HUN,2018,31.5062908247816
IT.NET.BBND.P2,HUN,2017,30.2136178819417
IT.NET.BBND.P2,HUN,2016,28.6887907811727
IT.NET.BBND.P2,HUN,2015,27.6322359587573
IT.NET.BBND.P2,HUN,2014,26.164233392363
IT.NET.BBND.P2,HUN,2013,26.2621916555453
IT.NET.BBND.P2,HUN,2012,24.1618038721448
IT.NET.BBND.P2,HUN,2011,23.2549245597223
IT.NET.BBND.P2,HUN,2010,21.639373536508
IT.NET.BBND.P2,HUN,2009,19.7645064510111
IT.NET.BBND.P2,HUN,2008,17.6762965927654
IT.NET.BBND.P2,IRL,2025,
IT.NET.BBND.P2,IRL,2024,32.3023693358176
IT.NET.BBND.P2,IRL,2023,31.8907830651788
IT.NET.BBND.P2,IRL,2022,31.5362809040128
IT.NET.BBND.P2,IRL,2021,31.3616427884193
IT.NET.BBND.P2,IRL,2020,30.4353384554187
IT.NET.BBND.P2,IRL,2019,29.6453160652366
IT.NET.BBND.P2,IRL,2018,29.3513301848147
IT.NET.BBND.P2,IRL,2017,29.0794615926246
IT.NET.BBND.P2,IRL,2016,28.6147710435862
IT.NET.BBND.P2,IRL,2015,27.8462651784045
IT.NET.BBND.P2,IRL,2014,27.0221858517779
IT.NET.BBND.P2,IRL,2013,25.7144376937159
IT.NET.BBND.P2,IRL,2012,24.1750019347271
IT.NET.BBND.P2,IRL,2011,23.3814204815178
IT.NET.BBND.P2,IRL,2010,22.3721452573765
IT.NET.BBND.P2,IRL,2009,21.5358272794807
IT.NET.BBND.P2,IRL,2008,19.8672135236767
IT.NET.BBND.P2,ITA,2025,
IT.NET.BBND.P2,ITA,2024,31.7807732477772
IT.NET.BBND.P2,ITA,2023,31.8410876819321
IT.NET.BBND.P2,ITA,2022,31.19136706407
IT.NET.BBND.P2,ITA,2021,31.2852927413407
IT.NET.BBND.P2,ITA,2020,30.2586365187027
IT.NET.BBND.P2,ITA,2019,29.0544644701951
IT.NET.BBND.P2,ITA,2018,28.4648521996575
IT.NET.BBND.P2,ITA,2017,27.4652917045411
IT.NET.BBND.P2,ITA,2016,25.7337403103573
IT.NET.BBND.P2,ITA,2015,24.5977602494059
IT.NET.BBND.P2,ITA,2014,23.7083714537202
IT.NET.BBND.P2,ITA,2013,23.1031860985354
IT.NET.BBND.P2,ITA,2012,22.7375144996784
IT.NET.BBND.P2,ITA,2011,22.393878996579
IT.NET.BBND.P2,ITA,2010,21.7704634480966
IT.NET.BBND.P2,ITA,2009,20.1731687077376
IT.NET.BBND.P2,ITA,2008,18.9320738480128
IT.NET.BBND.P2,LTU,2025,
IT.NET.BBND.P2,LTU,2024,27.8460080234758
IT.NET.BBND.P2,LTU,2023,27.9638162516437
IT.NET.BBND.P2,LTU,2022,28.4400438919259
IT.NET.BBND.P2,LTU,2021,28.712701575387
IT.NET.BBND.P2,LTU,2020,28.4988545174577
IT.NET.BBND.P2,LTU,2019,28.2791627222047
IT.NET.BBND.P2,LTU,2018,28.1444849879285
IT.NET.BBND.P2,LTU,2017,28.2319064734089
IT.NET.BBND.P2,LTU,2016,29.8964138705034
IT.NET.BBND.P2,LTU,2015,28.6774149586821
IT.NET.BBND.P2,LTU,2014,27.337779493026
IT.NET.BBND.P2,LTU,2013,28.2656607039035
IT.NET.BBND.P2,LTU,2012,25.7287935833036
IT.NET.BBND.P2,LTU,2011,24.0272372898481
IT.NET.BBND.P2,LTU,2010,21.9297095928618
IT.NET.BBND.P2,LTU,2009,20.0356658048958
IT.NET.BBND.P2,LTU,2008,18.4494764858694
IT.NET.BBND.P2,LUX,2025,
IT.NET.BBND.P2,LUX,2024,40.3174570156723
IT.NET.BBND.P2,LUX,2023,38.3793065082138
IT.NET.BBND.P2,LUX,2022,38.3269581349215
IT.NET.BBND.P2,LUX,2021,38.0399641403524
IT.NET.BBND.P2,LUX,2020,37.2960860898482
IT.NET.BBND.P2,LUX,2019,37.3611453762962
IT.NET.BBND.P2,LUX,2018,36.8853200372964
IT.NET.BBND.P2,LUX,2017,35.9768313229784
IT.NET.BBND.P2,LUX,2016,34.8068400324932
IT.NET.BBND.P2,LUX,2015,34.2910720305652
IT.NET.BBND.P2,LUX,2014,33.580271770101
IT.NET.BBND.P2,LUX,2013,32.4834270107517
IT.NET.BBND.P2,LUX,2012,31.9617588949556
IT.NET.BBND.P2,LUX,2011,32.7339447418355
IT.NET.BBND.P2,LUX,2010,33.1818450562661
IT.NET.BBND.P2,LUX,2009,31.3376302472766
IT.NET.BBND.P2,LUX,2008,29.2848524509704
IT.NET.BBND.P2,LVA,2025,
IT.NET.BBND.P2,LVA,2024,25.7542854181725
IT.NET.BBND.P2,LVA,2023,25.9948491178264
IT.NET.BBND.P2,LVA,2022,25.989241189689
IT.NET.BBND.P2,LVA,2021,25.9761549056076
IT.NET.BBND.P2,LVA,2020,25.804169430384
IT.NET.BBND.P2,LVA,2019,26.5858975490829
IT.NET.BBND.P2,LVA,2018,27.2877295355647
IT.NET.BBND.P2,LVA,2017,27.0886247975645
IT.NET.BBND.P2,LVA,2016,26.4893005276389
IT.NET.BBND.P2,LVA,2015,25.4568684345307
IT.NET.BBND.P2,LVA,2014,25.3240856124593
IT.NET.BBND.P2,LVA,2013,24.6397186303098
IT.NET.BBND.P2,LVA,2012,23.4018125136081
IT.NET.BBND.P2,LVA,2011,22.2055874415821
IT.NET.BBND.P2,LVA,2010,20.7297918659797
IT.NET.BBND.P2,LVA,2009,21.2280519111895
IT.NET.BBND.P2,LVA,2008,18.9239067993871
IT.NET.BBND.P2,MDA,2025,
IT.NET.BBND.P2,MDA,2024,29.6324400873685
IT.NET.BBND.P2,MDA,2023,27.3086365814931
IT.NET.BBND.P2,MDA,2022,26.317794331222
IT.NET.BBND.P2,MDA,2021,25.2112754309344
IT.NET.BBND.P2,MDA,2020,23.4268592640718
IT.NET.BBND.P2,MDA,2019,21.54270340639
IT.NET.BBND.P2,MDA,2018,19.7583973228257
IT.NET.BBND.P2,MDA,2017,18.2974964435539
IT.NET.BBND.P2,MDA,2016,17.2155177259579
IT.NET.BBND.P2,MDA,2015,16.2569619282762
IT.NET.BBND.P2,MDA,2014,15.2330041292856
IT.NET.BBND.P2,MDA,2013,13.7695240878002
IT.NET.BBND.P2,MDA,2012,12.0173397889983
IT.NET.BBND.P2,MDA,2011,10.0167937961344
IT.NET.BBND.P2,MDA,2010,7.4547521029782
IT.NET.BBND.P2,MDA,2009,5.06352851025711
IT.NET.BBND.P2,MDA,2008,3.04873337877139
IT.NET.BBND.P2,MLT,2025,
IT.NET.BBND.P2,MLT,2024,44.5068355303026
IT.NET.BBND.P2,MLT,2023,44.282454836797
IT.NET.BBND.P2,MLT,2022,43.4449972737186
IT.NET.BBND.P2,MLT,2021,42.1830899964911
IT.NET.BBND.P2,MLT,2020,41.1094408219109
IT.NET.BBND.P2,MLT,2019,40.1799549616579
IT.NET.BBND.P2,MLT,2018,39.5892751744889
IT.NET.BBND.P2,MLT,2017,38.7512769768028
IT.NET.BBND.P2,MLT,2016,37.6179796999137
IT.NET.BBND.P2,MLT,2015,36.6768468766082
IT.NET.BBND.P2,MLT,2014,34.8819867199098
IT.NET.BBND.P2,MLT,2013,33.3783014199957
IT.NET.BBND.P2,MLT,2012,31.8224330830663
IT.NET.BBND.P2,MLT,2011,30.3037011219232
IT.NET.BBND.P2,MLT,2010,29.7855677615811
IT.NET.BBND.P2,MLT,2009,27.0098266376739
IT.NET.BBND.P2,MLT,2008,23.440636419401
IT.NET.BBND.P2,NLD,2025,
IT.NET.BBND.P2,NLD,2024,42.9782483069868
IT.NET.BBND.P2,NLD,2023,43.2644444744139
IT.NET.BBND.P2,NLD,2022,43.5643185557355
IT.NET.BBND.P2,NLD,2021,42.9460563127039
IT.NET.BBND.P2,NLD,2020,42.6667277513049
IT.NET.BBND.P2,NLD,2019,42.5292659897442
IT.NET.BBND.P2,NLD,2018,42.5152457224727
IT.NET.BBND.P2,NLD,2017,42.0988982620643
IT.NET.BBND.P2,NLD,2016,41.9813942626003
IT.NET.BBND.P2,NLD,2015,41.0879703576802
IT.NET.BBND.P2,NLD,2014,40.2287973950107
IT.NET.BBND.P2,NLD,2013,40.030499091092
IT.NET.BBND.P2,NLD,2012,39.3374146344405
IT.NET.BBND.P2,NLD,2011,38.5614208058284
IT.NET.BBND.P2,NLD,2010,37.7372328275169
IT.NET.BBND.P2,NLD,2009,36.7354644977419
IT.NET.BBND.P2,NLD,2008,34.9756568223498
IT.NET.BBND.P2,POL,2025,
IT.NET.BBND.P2,POL,2024,25.3612522999634
IT.NET.BBND.P2,POL,2023,24.526154479274
IT.NET.BBND.P2,POL,2022,23.8373449056172
IT.NET.BBND.P2,POL,2021,22.8165643900514
IT.NET.BBND.P2,POL,2020,21.9255858346119
IT.NET.BBND.P2,POL,2019,20.5043205670712
IT.NET.BBND.P2,POL,2018,20.5313862679212
IT.NET.BBND.P2,POL,2017,19.9531726069815
IT.NET.BBND.P2,POL,2016,19.1513139299534
IT.NET.BBND.P2,POL,2015,18.9867934497166
IT.NET.BBND.P2,POL,2014,18.904567196757
IT.NET.BBND.P2,POL,2013,18.3773931656078
IT.NET.BBND.P2,POL,2012,18.0079998184474
IT.NET.BBND.P2,POL,2011,18.2475205937044
IT.NET.BBND.P2,POL,2010,15.378511671936
IT.NET.BBND.P2,POL,2009,14.7254806997129
IT.NET.BBND.P2,POL,2008,11.7451771509464
IT.NET.BBND.P2,PRT,2025,
IT.NET.BBND.P2,PRT,2024,45.2439221846256
IT.NET.BBND.P2,PRT,2023,44.1107426914567
IT.NET.BBND.P2,PRT,2022,42.937003513367
IT.NET.BBND.P2,PRT,2021,41.5145728650954
IT.NET.BBND.P2,PRT,2020,40.1215406866329
IT.NET.BBND.P2,PRT,2019,38.3605751907072
IT.NET.BBND.P2,PRT,2018,36.6542819407724
IT.NET.BBND.P2,PRT,2017,34.6016066063915
IT.NET.BBND.P2,PRT,2016,32.6259001706105
IT.NET.BBND.P2,PRT,2015,30.2999720257926
IT.NET.BBND.P2,PRT,2014,27.4622463014594
IT.NET.BBND.P2,PRT,2013,24.5102597000009
IT.NET.BBND.P2,PRT,2012,22.7408340982484
IT.NET.BBND.P2,PRT,2011,21.2468026111835
IT.NET.BBND.P2,PRT,2010,20.1035764454099
IT.NET.BBND.P2,PRT,2009,18.0765765463372
IT.NET.BBND.P2,PRT,2008,15.4810153386745
IT.NET.BBND.P2,ROU,2025,
IT.NET.BBND.P2,ROU,2024,35.7995871488999
IT.NET.BBND.P2,ROU,2023,34.6706189336505
IT.NET.BBND.P2,ROU,2022,33.2115600895132
IT.NET.BBND.P2,ROU,2021,31.6949603653045
IT.NET.BBND.P2,ROU,2020,29.314080636148
IT.NET.BBND.P2,ROU,2019,27.060557570268
IT.NET.BBND.P2,ROU,2018,25.9702175828069
IT.NET.BBND.P2,ROU,2017,24.148941859633
IT.NET.BBND.P2,ROU,2016,22.4982986593906
IT.NET.BBND.P2,ROU,2015,21.4489855804576
IT.NET.BBND.P2,ROU,2014,20.1139523323465
IT.NET.BBND.P2,ROU,2013,18.8919150905294
IT.NET.BBND.P2,ROU,2012,17.567519569459
IT.NET.BBND.P2,ROU,2011,16.1874973837653
IT.NET.BBND.P2,ROU,2010,14.6853744418104
IT.NET.BBND.P2,ROU,2009,13.6687076743772
IT.NET.BBND.P2,ROU,2008,12.1503515995324
IT.NET.BBND.P2,SVK,2025,
IT.NET.BBND.P2,SVK,2024,33.8136036435218
IT.NET.BBND.P2,SVK,2023,33.17259432898
IT.NET.BBND.P2,SVK,2022,33.9988127597088
IT.NET.BBND.P2,SVK,2021,32.6060735005904
IT.NET.BBND.P2,SVK,2020,31.192548373756
IT.NET.BBND.P2,SVK,2019,29.181106904051
IT.NET.BBND.P2,SVK,2018,27.6953839189658
IT.NET.BBND.P2,SVK,2017,25.8590797873319
IT.NET.BBND.P2,SVK,2016,24.626445872585
IT.NET.BBND.P2,SVK,2015,23.5008610259474
IT.NET.BBND.P2,SVK,2014,21.9975144176702
IT.NET.BBND.P2,SVK,2013,20.4985858774048
IT.NET.BBND.P2,SVK,2012,19.3434773928924
IT.NET.BBND.P2,SVK,2011,17.6561458836789
IT.NET.BBND.P2,SVK,2010,16.2644145767381
IT.NET.BBND.P2,SVK,2009,14.3926739711792
IT.NET.BBND.P2,SVK,2008,11.24139264415
IT.NET.BBND.P2,SVN,2025,
IT.NET.BBND.P2,SVN,2024,34.2332575162942
IT.NET.BBND.P2,SVN,2023,31.8814801387465
IT.NET.BBND.P2,SVN,2022,32.0104972135392
IT.NET.BBND.P2,SVN,2021,31.5502669986288
IT.NET.BBND.P2,SVN,2020,30.9930132861242
IT.NET.BBND.P2,SVN,2019,30.1395433223627
IT.NET.BBND.P2,SVN,2018,29.6086313428343
IT.NET.BBND.P2,SVN,2017,29.180424842781
IT.NET.BBND.P2,SVN,2016,28.5889065200718
IT.NET.BBND.P2,SVN,2015,27.6233320566015
IT.NET.BBND.P2,SVN,2014,27.0022702087688
IT.NET.BBND.P2,SVN,2013,25.5111136181393
IT.NET.BBND.P2,SVN,2012,24.8054736692412
IT.NET.BBND.P2,SVN,2011,24.1297849867532
IT.NET.BBND.P2,SVN,2010,23.0130215414954
IT.NET.BBND.P2,SVN,2009,22.0587657348566
IT.NET.BBND.P2,SVN,2008,21.0012913038218
IT.NET.BBND.P2,SWE,2025,
IT.NET.BBND.P2,SWE,2024,40.6156538715616
IT.NET.BBND.P2,SWE,2023,40.7340135908716
IT.NET.BBND.P2,SWE,2022,40.6093424279832
IT.NET.BBND.P2,SWE,2021,40.8351431063991
IT.NET.BBND.P2,SWE,2020,40.3679810262741
IT.NET.BBND.P2,SWE,2019,39.2905524546107
IT.NET.BBND.P2,SWE,2018,38.7413375683818
IT.NET.BBND.P2,SWE,2017,38.3266046004608
IT.NET.BBND.P2,SWE,2016,37.0821744423215
IT.NET.BBND.P2,SWE,2015,35.6778078349251
IT.NET.BBND.P2,SWE,2014,33.841393015349
IT.NET.BBND.P2,SWE,2013,32.7855388506159
IT.NET.BBND.P2,SWE,2012,32.2829791143157
IT.NET.BBND.P2,SWE,2011,32.0391154481002
IT.NET.BBND.P2,SWE,2010,31.9840349438999
IT.NET.BBND.P2,SWE,2009,31.6719577060978
IT.NET.BBND.P2,SWE,2008,31.4844304168158
IT.NET.BBND.P2,UKR,2025,
IT.NET.BBND.P2,UKR,2024,21.6539327212609
IT.NET.BBND.P2,UKR,2023,21.3774151510902
IT.NET.BBND.P2,UKR,2022,17.5398140646824
IT.NET.BBND.P2,UKR,2021,18.2677942438439
IT.NET.BBND.P2,UKR,2020,18.617022844321
IT.NET.BBND.P2,UKR,2019,16.1591311845578
IT.NET.BBND.P2,UKR,2018,12.8032560497243
IT.NET.BBND.P2,UKR,2017,12.3535432124088
IT.NET.BBND.P2,UKR,2016,12.0342584918375
IT.NET.BBND.P2,UKR,2015,11.6437042355302
IT.NET.BBND.P2,UKR,2014,9.3062102695115
IT.NET.BBND.P2,UKR,2013,8.85842948316205
IT.NET.BBND.P2,UKR,2012,8.03755151150735
IT.NET.BBND.P2,UKR,2011,6.95621082243456
IT.NET.BBND.P2,UKR,2010,6.45490404640707
IT.NET.BBND.P2,UKR,2009,4.14770623244446
IT.NET.BBND.P2,UKR,2008,3.4642209843887
IT.NET.BBND,ARM,2025,
IT.NET.BBND,ARM,2024,603960.0
IT.NET.BBND,ARM,2023,545876.0
IT.NET.BBND,ARM,2022,510781.0
IT.NET.BBND,ARM,2021,466621.0
IT.NET.BBND,ARM,2020,430407.0
IT.NET.BBND,ARM,2019,385704.0
IT.NET.BBND,ARM,2018,347448.0
IT.NET.BBND,ARM,2017,315319.0
IT.NET.BBND,ARM,2016,299170.0
IT.NET.BBND,ARM,2015,286319.0
IT.NET.BBND,ARM,2014,272885.0
IT.NET.BBND,ARM,2013,243058.0
IT.NET.BBND,ARM,2012,212053.0
IT.NET.BBND,ARM,2011,160573.0
IT.NET.BBND,ARM,2010,93586.0
IT.NET.BBND,ARM,2009,39888.0
IT.NET.BBND,ARM,2008,13799.0
IT.NET.BBND,AUT,2025,
IT.NET.BBND,AUT,2024,2747900.0
IT.NET.BBND,AUT,2023,2681839.0
IT.NET.BBND,AUT,2022,2649991.0
IT.NET.BBND,AUT,2021,2623199.0
IT.NET.BBND,AUT,2020,2606000.0
IT.NET.BBND,AUT,2019,2518900.0
IT.NET.BBND,AUT,2018,2521200.0
IT.NET.BBND,AUT,2017,2511400.0
IT.NET.BBND,AUT,2016,2523300.0
IT.NET.BBND,AUT,2015,2455500.0
IT.NET.BBND,AUT,2014,2359000.0
IT.NET.BBND,AUT,2013,2232500.0
IT.NET.BBND,AUT,2012,2130200.0
IT.NET.BBND,AUT,2011,2097700.0
IT.NET.BBND,AUT,2010,2050400.0
IT.NET.BBND,AUT,2009,1878524.0
IT.NET.BBND,AUT,2008,1729000.0
IT.NET.BBND,AZE,2025,
IT.NET.BBND,AZE,2024,2248558.0
IT.NET.BBND,AZE,2023,2154700.0
IT.NET.BBND,AZE,2022,2096700.0
IT.NET.BBND,AZE,2021,2055645.0
IT.NET.BBND,AZE,2020,1995474.0
IT.NET.BBND,AZE,2019,1943013.0
IT.NET.BBND,AZE,2018,1890913.0
IT.NET.BBND,AZE,2017,1805214.0
IT.NET.BBND,AZE,2016,1803662.0
IT.NET.BBND,AZE,2015,1899456.0
IT.NET.BBND,AZE,2014,1898070.0
IT.NET.BBND,AZE,2013,1712177.0
IT.NET.BBND,AZE,2012,1369594.0
IT.NET.BBND,AZE,2011,973869.0
IT.NET.BBND,AZE,2010,475295.0
IT.NET.BBND,AZE,2009,100000.0
IT.NET.BBND,AZE,2008,60000.0
IT.NET.BBND,BEL,2025,
IT.NET.BBND,BEL,2024,5192308.0
IT.NET.BBND,BEL,2023,5118844.0
IT.NET.BBND,BEL,2022,5071842.0
IT.NET.BBND,BEL,2021,4977986.0
IT.NET.BBND,BEL,2020,4734210.0
IT.NET.BBND,BEL,2019,4590707.0
IT.NET.BBND,BEL,2018,4502950.0
IT.NET.BBND,BEL,2017,4378973.0
IT.NET.BBND,BEL,2016,4270309.0
IT.NET.BBND,BEL,2015,4121049.0
IT.NET.BBND,BEL,2014,4011201.0
IT.NET.BBND,BEL,2013,3828918.0
IT.NET.BBND,BEL,2012,3692009.0
IT.NET.BBND,BEL,2011,3543759.0
IT.NET.BBND,BEL,2010,3373143.0
IT.NET.BBND,BEL,2009,3153262.0
IT.NET.BBND,BEL,2008,2982500.0
IT.NET.BBND,BGR,2025,
IT.NET.BBND,BGR,2024,
IT.NET.BBND,BGR,2023,2516049.0
IT.NET.BBND,BGR,2022,2386786.0
IT.NET.BBND,BGR,2021,2253587.0
IT.NET.BBND,BGR,2020,2115061.0
IT.NET.BBND,BGR,2019,2014772.0
IT.NET.BBND,BGR,2018,1903946.0
IT.NET.BBND,BGR,2017,1796682.0
IT.NET.BBND,BGR,2016,1697590.0
IT.NET.BBND,BGR,2015,1614541.0
IT.NET.BBND,BGR,2014,1480889.0
IT.NET.BBND,BGR,2013,1421552.0
IT.NET.BBND,BGR,2012,1331746.0
IT.NET.BBND,BGR,2011,1256796.0
IT.NET.BBND,BGR,2010,1124723.0
IT.NET.BBND,BGR,2009,998035.0
IT.NET.BBND,BGR,2008,843552.0
IT.NET.BBND,BLR,2025,
IT.NET.BBND,BLR,2024,3284203.0
IT.NET.BBND,BLR,2023,3198983.0
IT.NET.BBND,BLR,2022,3125063.0
IT.NET.BBND,BLR,2021,3238881.0
IT.NET.BBND,BLR,2020,3255552.0
IT.NET.BBND,BLR,2019,3214869.0
IT.NET.BBND,BLR,2018,3201519.0
IT.NET.BBND,BLR,2017,3163286.0
IT.NET.BBND,BLR,2016,3067529.0
IT.NET.BBND,BLR,2015,2903497.0
IT.NET.BBND,BLR,2014,2684347.0
IT.NET.BBND,BLR,2013,2785842.0
IT.NET.BBND,BLR,2012,2531842.0
IT.NET.BBND,BLR,2011,2098068.0
IT.NET.BBND,BLR,2010,1666631.0
IT.NET.BBND,BLR,2009,1092290.0
IT.NET.BBND,BLR,2008,477980.0
IT.NET.BBND,CYP,2025,
IT.NET.BBND,CYP,2024,363006.0
IT.NET.BBND,CYP,2023,356607.0
IT.NET.BBND,CYP,2022,348943.0
IT.NET.BBND,CYP,2021,340774.0
IT.NET.BBND,CYP,2020,332080.0
IT.NET.BBND,CYP,2019,326565.0
IT.NET.BBND,CYP,2018,313667.0
IT.NET.BBND,CYP,2017,295686.0
IT.NET.BBND,CYP,2016,278483.0
IT.NET.BBND,CYP,2015,260640.0
IT.NET.BBND,CYP,2014,243611.0
IT.NET.BBND,CYP,2013,229195.0
IT.NET.BBND,CYP,2012,220580.0
IT.NET.BBND,CYP,2011,212149.0
IT.NET.BBND,CYP,2010,194455.0
IT.NET.BBND,CYP,2009,176024.0
IT.NET.BBND,CYP,2008,147276.0
IT.NET.BBND,CZE,2025,
IT.NET.BBND,CZE,2024,4172560.0
IT.NET.BBND,CZE,2023,4097961.0
IT.NET.BBND,CZE,2022,4025262.0
IT.NET.BBND,CZE,2021,3948846.0
IT.NET.BBND,CZE,2020,3845426.0
IT.NET.BBND,CZE,2019,3739614.0
IT.NET.BBND,CZE,2018,3222835.0
IT.NET.BBND,CZE,2017,3146091.0
IT.NET.BBND,CZE,2016,3069970.0
IT.NET.BBND,CZE,2015,2946626.0
IT.NET.BBND,CZE,2014,2994818.0
IT.NET.BBND,CZE,2013,2856168.0
IT.NET.BBND,CZE,2012,2656980.0
IT.NET.BBND,CZE,2011,2509100.0
IT.NET.BBND,CZE,2010,2261179.0
IT.NET.BBND,CZE,2009,2036110.0
IT.NET.BBND,CZE,2008,1759586.0
IT.NET.BBND,DEU,2025,
IT.NET.BBND,DEU,2024,38561677.0
IT.NET.BBND,DEU,2023,38368429.0
IT.NET.BBND,DEU,2022,37518124.0
IT.NET.BBND,DEU,2021,36880564.0
IT.NET.BBND,DEU,2020,36215303.0
IT.NET.BBND,DEU,2019,35191417.0
IT.NET.BBND,DEU,2018,34152033.0
IT.NET.BBND,DEU,2017,33232299.0
IT.NET.BBND,DEU,2016,31861900.0
IT.NET.BBND,DEU,2015,30707429.0
IT.NET.BBND,DEU,2014,29572818.0
IT.NET.BBND,DEU,2013,28641961.0
IT.NET.BBND,DEU,2012,27956700.0
IT.NET.BBND,DEU,2011,27257096.0
IT.NET.BBND,DEU,2010,26161950.0
IT.NET.BBND,DEU,2009,24964600.0
IT.NET.BBND,DEU,2008,22710136.0
IT.NET.BBND,DNK,2025,
IT.NET.BBND,DNK,2024,2593798.0
IT.NET.BBND,DNK,2023,2619274.0
IT.NET.BBND,DNK,2022,2649599.0
IT.NET.BBND,DNK,2021,2633197.0
IT.NET.BBND,DNK,2020,2590282.0
IT.NET.BBND,DNK,2019,2536508.0
IT.NET.BBND,DNK,2018,2535904.0
IT.NET.BBND,DNK,2017,2511871.0
IT.NET.BBND,DNK,2016,2461403.0
IT.NET.BBND,DNK,2015,2404962.0
IT.NET.BBND,DNK,2014,2341759.0
IT.NET.BBND,DNK,2013,2272401.0
IT.NET.BBND,DNK,2012,2179545.0
IT.NET.BBND,DNK,2011,2143247.0
IT.NET.BBND,DNK,2010,2112406.0
IT.NET.BBND,DNK,2009,2022709.0
IT.NET.BBND,DNK,2008,2005681.0
IT.NET.BBND,ESP,2025,
IT.NET.BBND,ESP,2024,18797098.0
IT.NET.BBND,ESP,2023,17830207.0
IT.NET.BBND,ESP,2022,17115215.0
IT.NET.BBND,ESP,2021,16674183.0
IT.NET.BBND,ESP,2020,16188502.0
IT.NET.BBND,ESP,2019,15616591.0
IT.NET.BBND,ESP,2018,15176954.0
IT.NET.BBND,ESP,2017,14668212.0
IT.NET.BBND,ESP,2016,14112657.0
IT.NET.BBND,ESP,2015,13542906.0
IT.NET.BBND,ESP,2014,13004969.0
IT.NET.BBND,ESP,2013,12252061.0
IT.NET.BBND,ESP,2012,11524543.0
IT.NET.BBND,ESP,2011,11167809.0
IT.NET.BBND,ESP,2010,10652372.0
IT.NET.BBND,ESP,2009,9800597.0
IT.NET.BBND,ESP,2008,9135959.0
IT.NET.BBND,EST,2025,
IT.NET.BBND,EST,2024,480990.0
IT.NET.BBND,EST,2023,481991.0
IT.NET.BBND,EST,2022,536282.0
IT.NET.BBND,EST,2021,497504.0
IT.NET.BBND,EST,2020,455678.0
IT.NET.BBND,EST,2019,449140.0
IT.NET.BBND,EST,2018,441173.0
IT.NET.BBND,EST,2017,428453.0
IT.NET.BBND,EST,2016,414478.0
IT.NET.BBND,EST,2015,390275.0
IT.NET.BBND,EST,2014,371009.0
IT.NET.BBND,EST,2013,360948.0
IT.NET.BBND,EST,2012,349507.0
IT.NET.BBND,EST,2011,348946.0
IT.NET.BBND,EST,2010,347883.0
IT.NET.BBND,EST,2009,313625.0
IT.NET.BBND,EST,2008,294660.0
IT.NET.BBND,FIN,2025,
IT.NET.BBND,FIN,2024,2049000.0
IT.NET.BBND,FIN,2023,1979000.0
IT.NET.BBND,FIN,2022,1910000.0
IT.NET.BBND,FIN,2021,1864000.0
IT.NET.BBND,FIN,2020,1846000.0
IT.NET.BBND,FIN,2019,1797000.0
IT.NET.BBND,FIN,2018,1737000.0
IT.NET.BBND,FIN,2017,1710000.0
IT.NET.BBND,FIN,2016,1712000.0
IT.NET.BBND,FIN,2015,1729897.0
IT.NET.BBND,FIN,2014,1758500.0
IT.NET.BBND,FIN,2013,1720200.0
IT.NET.BBND,FIN,2012,1647600.0
IT.NET.BBND,FIN,2011,1606000.0
IT.NET.BBND,FIN,2010,1559400.0
IT.NET.BBND,FIN,2009,1565600.0
IT.NET.BBND,FIN,2008,1618000.0
IT.NET.BBND,FRA,2025,
IT.NET.BBND,FRA,2024,32559000.0
IT.NET.BBND,FRA,2023,32335000.0
IT.NET.BBND,FRA,2022,31979000.0
IT.NET.BBND,FRA,2021,31485000.0
IT.NET.BBND,FRA,2020,30627000.0
IT.NET.BBND,FRA,2019,29760000.0
IT.NET.BBND,FRA,2018,29100000.0
IT.NET.BBND,FRA,2017,28480000.0
IT.NET.BBND,FRA,2016,27680000.0
IT.NET.BBND,FRA,2015,26867000.0
IT.NET.BBND,FRA,2014,25969000.0
IT.NET.BBND,FRA,2013,24940000.0
IT.NET.BBND,FRA,2012,23980000.0
IT.NET.BBND,FRA,2011,22749000.0
IT.NET.BBND,FRA,2010,21337000.0
IT.NET.BBND,FRA,2009,19852000.0
IT.NET.BBND,FRA,2008,17830000.0
IT.NET.BBND,GEO,2025,
IT.NET.BBND,GEO,2024,1158132.0
IT.NET.BBND,GEO,2023,1115924.0
IT.NET.BBND,GEO,2022,1075203.0
IT.NET.BBND,GEO,2021,1009485.0
IT.NET.BBND,GEO,2020,968355.0
IT.NET.BBND,GEO,2019,937054.0
IT.NET.BBND,GEO,2018,857306.0
IT.NET.BBND,GEO,2017,776187.0
IT.NET.BBND,GEO,2016,681038.0
IT.NET.BBND,GEO,2015,635644.0
IT.NET.BBND,GEO,2014,600826.0
IT.NET.BBND,GEO,2013,516931.0
IT.NET.BBND,GEO,2012,463052.0
IT.NET.BBND,GEO,2011,248504.0
IT.NET.BBND,GEO,2010,182432.0
IT.NET.BBND,GEO,2009,150000.0
IT.NET.BBND,GEO,2008,112131.0
IT.NET.BBND,GRC,2025,
IT.NET.BBND,GRC,2024,4488961.0
IT.NET.BBND,GRC,2023,4491921.0
IT.NET.BBND,GRC,2022,4469353.0
IT.NET.BBND,GRC,2021,4435090.0
IT.NET.BBND,GRC,2020,4257026.0
IT.NET.BBND,GRC,2019,4111278.0
IT.NET.BBND,GRC,2018,3961864.0
IT.NET.BBND,GRC,2017,3778268.0
IT.NET.BBND,GRC,2016,3615029.0
IT.NET.BBND,GRC,2015,3439034.0
IT.NET.BBND,GRC,2014,3156071.0
IT.NET.BBND,GRC,2013,2913191.0
IT.NET.BBND,GRC,2012,2689428.0
IT.NET.BBND,GRC,2011,2464282.0
IT.NET.BBND,GRC,2010,2252653.0
IT.NET.BBND,GRC,2009,1916630.0
IT.NET.BBND,GRC,2008,1507000.0
IT.NET.BBND,HRV,2025,
IT.NET.BBND,HRV,2024,1147086.0
IT.NET.BBND,HRV,2023,1109235.0
IT.NET.BBND,HRV,2022,1080710.0
IT.NET.BBND,HRV,2021,1048489.0
IT.NET.BBND,HRV,2020,1030973.0
IT.NET.BBND,HRV,2019,1154773.0
IT.NET.BBND,HRV,2018,1127591.0
IT.NET.BBND,HRV,2017,1095881.0
IT.NET.BBND,HRV,2016,1043795.0
IT.NET.BBND,HRV,2015,986215.0
IT.NET.BBND,HRV,2014,984485.0
IT.NET.BBND,HRV,2013,954720.0
IT.NET.BBND,HRV,2012,919222.0
IT.NET.BBND,HRV,2011,892835.0
IT.NET.BBND,HRV,2010,837862.0
IT.NET.BBND,HRV,2009,717354.0
IT.NET.BBND,HRV,2008,527989.0
IT.NET.BBND,HUN,2025,
IT.NET.BBND,HUN,2024,3632640.0
IT.NET.BBND,HUN,2023,3563668.0
IT.NET.BBND,HUN,2022,3538046.0
IT.NET.BBND,HUN,2021,3382136.0
IT.NET.BBND,HUN,2020,3265308.0
IT.NET.BBND,HUN,2019,3189689.0
IT.NET.BBND,HUN,2018,3079549.0
IT.NET.BBND,HUN,2017,2956585.0
IT.NET.BBND,HUN,2016,2814523.0
IT.NET.BBND,HUN,2015,2718794.0
IT.NET.BBND,HUN,2014,2580537.0
IT.NET.BBND,HUN,2013,2597159.0
IT.NET.BBND,HUN,2012,2396035.0
IT.NET.BBND,HUN,2011,2313092.0
IT.NET.BBND,HUN,2010,2159421.0
IT.NET.BBND,HUN,2009,1976723.0
IT.NET.BBND,HUN,2008,1770574.0
IT.NET.BBND,IRL,2025,
IT.NET.BBND,IRL,2024,1697495.0
IT.NET.BBND,IRL,2023,1657246.0
IT.NET.BBND,IRL,2022,1611509.0
IT.NET.BBND,IRL,2021,1576997.0
IT.NET.BBND,IRL,2020,1516473.0
IT.NET.BBND,IRL,2019,1462549.0
IT.NET.BBND,IRL,2018,1430160.0
IT.NET.BBND,IRL,2017,1398798.0
IT.NET.BBND,IRL,2016,1360204.0
IT.NET.BBND,IRL,2015,1309467.0
IT.NET.BBND,IRL,2014,1258758.0
IT.NET.BBND,IRL,2013,1189212.0
IT.NET.BBND,IRL,2012,1112082.0
IT.NET.BBND,IRL,2011,1070776.0
IT.NET.BBND,IRL,2010,1019964.0
IT.NET.BBND,IRL,2009,976381.0
IT.NET.BBND,IRL,2008,891243.0
IT.NET.BBND,ITA,2025,
IT.NET.BBND,ITA,2024,18859622.0
IT.NET.BBND,ITA,2023,18945273.0
IT.NET.BBND,ITA,2022,18596017.0
IT.NET.BBND,ITA,2021,18686502.0
IT.NET.BBND,ITA,2020,18128787.0
IT.NET.BBND,ITA,2019,17470489.0
IT.NET.BBND,ITA,2018,17157901.0
IT.NET.BBND,ITA,2017,16586377.0
IT.NET.BBND,ITA,2016,15563279.0
IT.NET.BBND,ITA,2015,14900171.0
IT.NET.BBND,ITA,2014,14382487.0
IT.NET.BBND,ITA,2013,14012976.0
IT.NET.BBND,ITA,2012,13763362.0
IT.NET.BBND,ITA,2011,13518710.0
IT.NET.BBND,ITA,2010,13098028.0
IT.NET.BBND,ITA,2009,12084537.0
IT.NET.BBND,ITA,2008,11276262.0
IT.NET.BBND,LTU,2025,
IT.NET.BBND,LTU,2024,796148.0
IT.NET.BBND,LTU,2023,798115.0
IT.NET.BBND,LTU,2022,801133.0
IT.NET.BBND,LTU,2021,802373.0
IT.NET.BBND,LTU,2020,796761.0
IT.NET.BBND,LTU,2019,790419.0
IT.NET.BBND,LTU,2018,788743.0
IT.NET.BBND,LTU,2017,798769.0
IT.NET.BBND,LTU,2016,857761.0
IT.NET.BBND,LTU,2015,833298.0
IT.NET.BBND,LTU,2014,801863.0
IT.NET.BBND,LTU,2013,836200.0
IT.NET.BBND,LTU,2012,768861.0
IT.NET.BBND,LTU,2011,727699.0
IT.NET.BBND,LTU,2010,679321.0
IT.NET.BBND,LTU,2009,633779.0
IT.NET.BBND,LTU,2008,590103.0
IT.NET.BBND,LUX,2025,
IT.NET.BBND,LUX,2024,271351.0
IT.NET.BBND,LUX,2023,255260.0
IT.NET.BBND,LUX,2022,250395.0
IT.NET.BBND,LUX,2021,243560.0
IT.NET.BBND,LUX,2020,235188.0
IT.NET.BBND,LUX,2019,231700.0
IT.NET.BBND,LUX,2018,224300.0
IT.NET.BBND,LUX,2017,214600.0
IT.NET.BBND,LUX,2016,203100.0
IT.NET.BBND,LUX,2015,195300.0
IT.NET.BBND,LUX,2014,186800.0
IT.NET.BBND,LUX,2013,176500.0
IT.NET.BBND,LUX,2012,169700.0
IT.NET.BBND,LUX,2011,169753.0
IT.NET.BBND,LUX,2010,168368.0
IT.NET.BBND,LUX,2009,156120.0
IT.NET.BBND,LUX,2008,143200.0
IT.NET.BBND,LVA,2025,
IT.NET.BBND,LVA,2024,482087.0
IT.NET.BBND,LVA,2023,489326.0
IT.NET.BBND,LVA,2022,488874.0
IT.NET.BBND,LVA,2021,489803.0
IT.NET.BBND,LVA,2020,490569.0
IT.NET.BBND,LVA,2019,508924.0
IT.NET.BBND,LVA,2018,525995.0
IT.NET.BBND,LVA,2017,526222.0
IT.NET.BBND,LVA,2016,519154.0
IT.NET.BBND,LVA,2015,503503.0
IT.NET.BBND,LVA,2014,505000.0
IT.NET.BBND,LVA,2013,496000.0
IT.NET.BBND,LVA,2012,476141.0
IT.NET.BBND,LVA,2011,457422.0
IT.NET.BBND,LVA,2010,434876.0
IT.NET.BBND,LVA,2009,454714.0
IT.NET.BBND,LVA,2008,412108.0
IT.NET.BBND,MDA,2025,
IT.NET.BBND,MDA,2024,899333.0
IT.NET.BBND,MDA,2023,837575.0
IT.NET.BBND,MDA,2022,800057.0
IT.NET.BBND,MDA,2021,762333.0
IT.NET.BBND,MDA,2020,719001.0
IT.NET.BBND,MDA,2019,670530.0
IT.NET.BBND,MDA,2018,623135.0
IT.NET.BBND,MDA,2017,584330.0
IT.NET.BBND,MDA,2016,557403.0
IT.NET.BBND,MDA,2015,534393.0
IT.NET.BBND,MDA,2014,509195.0
IT.NET.BBND,MDA,2013,469367.0
IT.NET.BBND,MDA,2012,418519.0
IT.NET.BBND,MDA,2011,356324.0
IT.NET.BBND,MDA,2010,270756.0
IT.NET.BBND,MDA,2009,187665.0
IT.NET.BBND,MDA,2008,115227.0
IT.NET.BBND,MLT,2025,
IT.NET.BBND,MLT,2024,240162.0
IT.NET.BBND,MLT,2023,236006.0
IT.NET.BBND,MLT,2022,229473.0
IT.NET.BBND,MLT,2021,221198.0
IT.NET.BBND,MLT,2020,213032.0
IT.NET.BBND,MLT,2019,202513.0
IT.NET.BBND,MLT,2018,191833.0
IT.NET.BBND,MLT,2017,181318.0
IT.NET.BBND,MLT,2016,171263.0
IT.NET.BBND,MLT,2015,163205.0
IT.NET.BBND,MLT,2014,151557.0
IT.NET.BBND,MLT,2013,143010.0
IT.NET.BBND,MLT,2012,135758.0
IT.NET.BBND,MLT,2011,128678.0
IT.NET.BBND,MLT,2010,125889.0
IT.NET.BBND,MLT,2009,113656.0
IT.NET.BBND,MLT,2008,98209.0
IT.NET.BBND,NLD,2025,
IT.NET.BBND,NLD,2024,7834394.0
IT.NET.BBND,NLD,2023,7827630.0
IT.NET.BBND,NLD,2022,7799939.0
IT.NET.BBND,NLD,2021,7614578.0
IT.NET.BBND,NLD,2020,7525016.0
IT.NET.BBND,NLD,2019,7458573.0
IT.NET.BBND,NLD,2018,7406700.0
IT.NET.BBND,NLD,2017,7289580.0
IT.NET.BBND,NLD,2016,7222770.0
IT.NET.BBND,NLD,2015,7029097.0
IT.NET.BBND,NLD,2014,6851000.0
IT.NET.BBND,NLD,2013,6792000.0
IT.NET.BBND,NLD,2012,6654000.0
IT.NET.BBND,NLD,2011,6498007.0
IT.NET.BBND,NLD,2010,6329000.0
IT.NET.BBND,NLD,2009,6129000.0
IT.NET.BBND,NLD,2008,5805000.0
IT.NET.BBND,POL,2025,
IT.NET.BBND,POL,2024,9774024.0
IT.NET.BBND,POL,2023,9507035.0
IT.NET.BBND,POL,2022,9150141.0
IT.NET.BBND,POL,2021,8679490.0
IT.NET.BBND,POL,2020,8369218.0
IT.NET.BBND,POL,2019,7837958.0
IT.NET.BBND,POL,2018,7851422.0
IT.NET.BBND,POL,2017,7633078.0
IT.NET.BBND,POL,2016,7327918.0
IT.NET.BBND,POL,2015,7265546.0
IT.NET.BBND,POL,2014,7233854.0
IT.NET.BBND,POL,2013,7031055.0
IT.NET.BBND,POL,2012,6887676.0
IT.NET.BBND,POL,2011,6972130.0
IT.NET.BBND,POL,2010,5858498.0
IT.NET.BBND,POL,2009,5596000.0
IT.NET.BBND,POL,2008,4462686.0
IT.NET.BBND,PRT,2025,
IT.NET.BBND,PRT,2024,4716811.0
IT.NET.BBND,PRT,2023,4601076.0
IT.NET.BBND,PRT,2022,4472779.0
IT.NET.BBND,PRT,2021,4313761.0
IT.NET.BBND,PRT,2020,4160812.0
IT.NET.BBND,PRT,2019,3967716.0
IT.NET.BBND,PRT,2018,3784684.0
IT.NET.BBND,PRT,2017,3574638.0
IT.NET.BBND,PRT,2016,3375597.0
IT.NET.BBND,PRT,2015,3142188.0
IT.NET.BBND,PRT,2014,2857776.0
IT.NET.BBND,PRT,2013,2563356.0
IT.NET.BBND,PRT,2012,2390778.0
IT.NET.BBND,PRT,2011,2243036.0
IT.NET.BBND,PRT,2010,2126689.0
IT.NET.BBND,PRT,2009,1911827.0
IT.NET.BBND,PRT,2008,1635427.0
IT.NET.BBND,ROU,2025,
IT.NET.BBND,ROU,2024,6807323.0
IT.NET.BBND,ROU,2023,6628495.0
IT.NET.BBND,ROU,2022,6365584.0
IT.NET.BBND,ROU,2021,6100697.0
IT.NET.BBND,ROU,2020,5684724.0
IT.NET.BBND,ROU,2019,5277226.0
IT.NET.BBND,ROU,2018,5089610.0
IT.NET.BBND,ROU,2017,4754782.0
IT.NET.BBND,ROU,2016,4449500.0
IT.NET.BBND,ROU,2015,4262132.0
IT.NET.BBND,ROU,2014,4016389.0
IT.NET.BBND,ROU,2013,3790270.0
IT.NET.BBND,ROU,2012,3541340.0
IT.NET.BBND,ROU,2011,3283150.0
IT.NET.BBND,ROU,2010,3000600.0
IT.NET.BBND,ROU,2009,2812600.0
IT.NET.BBND,ROU,2008,2517400.0
IT.NET.BBND,SVK,2025,
IT.NET.BBND,SVK,2024,1862034.0
IT.NET.BBND,SVK,2023,1830482.0
IT.NET.BBND,SVK,2022,1860822.0
IT.NET.BBND,SVK,2021,1774670.0
IT.NET.BBND,SVK,2020,1701561.0
IT.NET.BBND,SVK,2019,1590553.0
IT.NET.BBND,SVK,2018,1507524.0
IT.NET.BBND,SVK,2017,1405622.0
IT.NET.BBND,SVK,2016,1336541.0
IT.NET.BBND,SVK,2015,1273812.0
IT.NET.BBND,SVK,2014,1191216.0
IT.NET.BBND,SVK,2013,1109060.0
IT.NET.BBND,SVK,2012,1045490.0
IT.NET.BBND,SVK,2011,953098.0
IT.NET.BBND,SVK,2010,876953.0
IT.NET.BBND,SVK,2009,775056.0
IT.NET.BBND,SVK,2008,604688.0
IT.NET.BBND,SVN,2025,
IT.NET.BBND,SVN,2024,725299.0
IT.NET.BBND,SVN,2023,675376.0
IT.NET.BBND,SVN,2022,677095.0
IT.NET.BBND,SVN,2021,666813.0
IT.NET.BBND,SVN,2020,651603.0
IT.NET.BBND,SVN,2019,627939.0
IT.NET.BBND,SVN,2018,612745.0
IT.NET.BBND,SVN,2017,601820.0
IT.NET.BBND,SVN,2016,589324.0
IT.NET.BBND,SVN,2015,569026.0
IT.NET.BBND,SVN,2014,555815.0
IT.NET.BBND,SVN,2013,524621.0
IT.NET.BBND,SVN,2012,509336.0
IT.NET.BBND,SVN,2011,494372.0
IT.NET.BBND,SVN,2010,470527.0
IT.NET.BBND,SVN,2009,449030.0
IT.NET.BBND,SVN,2008,425294.0
IT.NET.BBND,SWE,2025,
IT.NET.BBND,SWE,2024,4308102.0
IT.NET.BBND,SWE,2023,4298047.0
IT.NET.BBND,SWE,2022,4258839.0
IT.NET.BBND,SWE,2021,4253442.0
IT.NET.BBND,SWE,2020,4179574.0
IT.NET.BBND,SWE,2019,4038725.0
IT.NET.BBND,SWE,2018,3942088.0
IT.NET.BBND,SWE,2017,3854837.0
IT.NET.BBND,SWE,2016,3679768.0
IT.NET.BBND,SWE,2015,3496240.0
IT.NET.BBND,SWE,2014,3281408.0
IT.NET.BBND,SWE,2013,3147615.0
IT.NET.BBND,SWE,2012,3073174.0
IT.NET.BBND,SWE,2011,3027459.0
IT.NET.BBND,SWE,2010,2999537.0
IT.NET.BBND,SWE,2009,2945093.0
IT.NET.BBND,SWE,2008,2902833.0
IT.NET.BBND,UKR,2025,
IT.NET.BBND,UKR,2024,8198227.0
IT.NET.BBND,UKR,2023,8066305.0
IT.NET.BBND,UKR,2022,7190920.0
IT.NET.BBND,UKR,2021,7566286.0
IT.NET.BBND,UKR,2020,7769401.0
IT.NET.BBND,UKR,2019,6784185.0
IT.NET.BBND,UKR,2018,5405125.0
IT.NET.BBND,UKR,2017,5239743.0
IT.NET.BBND,UKR,2016,5125499.0
IT.NET.BBND,UKR,2015,4978813.0
IT.NET.BBND,UKR,2014,3945575.0
IT.NET.BBND,UKR,2013,3996550.0
IT.NET.BBND,UKR,2012,3644976.0
IT.NET.BBND,UKR,2011,3170384.0
IT.NET.BBND,UKR,2010,2955862.0
IT.NET.BBND,UKR,2009,1907697.0
IT.NET.BBND,UKR,2008,1600000.0
IT.NET.USER.ZS,ARM,2025,
IT.NET.USER.ZS,ARM,2024,81.33930206
IT.NET.USER.ZS,ARM,2023,79.99663036
IT.NET.USER.ZS,ARM,2022,77.02767465
IT.NET.USER.ZS,ARM,2021,78.61225758
IT.NET.USER.ZS,ARM,2020,76.50770055
IT.NET.USER.ZS,ARM,2019,66.5439496866159
IT.NET.USER.ZS,ARM,2018,68.2450522610271
IT.NET.USER.ZS,ARM,2017,64.7448843250726
IT.NET.USER.ZS,ARM,2016,64.3460297653742
IT.NET.USER.ZS,ARM,2015,59.1008337674937
IT.NET.USER.ZS,ARM,2014,54.6228058583362
IT.NET.USER.ZS,ARM,2013,41.9
IT.NET.USER.ZS,ARM,2012,37.5
IT.NET.USER.ZS,ARM,2011,32.0
IT.NET.USER.ZS,ARM,2010,25.0
IT.NET.USER.ZS,ARM,2009,15.30000019
IT.NET.USER.ZS,ARM,2008,6.21
IT.NET.USER.ZS,AUT,2025,91.92573373
IT.NET.USER.ZS,AUT,2024,94.91974877
IT.NET.USER.ZS,AUT,2023,95.33467117
IT.NET.USER.ZS,AUT,2022,93.61409139
IT.NET.USER.ZS,AUT,2021,92.52915104
IT.NET.USER.ZS,AUT,2020,87.52942813
IT.NET.USER.ZS,AUT,2019,87.7522047870069
IT.NET.USER.ZS,AUT,2018,87.4791372262556
IT.NET.USER.ZS,AUT,2017,87.9355865856062
IT.NET.USER.ZS,AUT,2016,84.3237425711653
IT.NET.USER.ZS,AUT,2015,83.9401419315026
IT.NET.USER.ZS,AUT,2014,80.9958249574764
IT.NET.USER.ZS,AUT,2013,80.6188
IT.NET.USER.ZS,AUT,2012,80.0299939169903
IT.NET.USER.ZS,AUT,2011,78.7399930986888
IT.NET.USER.ZS,AUT,2010,75.17
IT.NET.USER.ZS,AUT,2009,73.45
IT.NET.USER.ZS,AUT,2008,72.87
IT.NET.USER.ZS,AZE,2025,90.80000181
IT.NET.USER.ZS,AZE,2024,90.43979645
IT.NET.USER.ZS,AZE,2023,89.0
IT.NET.USER.ZS,AZE,2022,88.0
IT.NET.USER.ZS,AZE,2021,85.99998954
IT.NET.USER.ZS,AZE,2020,84.59999573
IT.NET.USER.ZS,AZE,2019,81.0999990651547
IT.NET.USER.ZS,AZE,2018,79.7999954887896
IT.NET.USER.ZS,AZE,2017,79.0
IT.NET.USER.ZS,AZE,2016,78.2
IT.NET.USER.ZS,AZE,2015,77.0
IT.NET.USER.ZS,AZE,2014,75.0000156363396
IT.NET.USER.ZS,AZE,2013,73.000001372
IT.NET.USER.ZS,AZE,2012,54.20000076
IT.NET.USER.ZS,AZE,2011,50.0
IT.NET.USER.ZS,AZE,2010,46.0
IT.NET.USER.ZS,AZE,2009,27.4
IT.NET.USER.ZS,AZE,2008,17.08
IT.NET.USER.ZS,BEL,2025,
IT.NET.USER.ZS,BEL,2024,95.77579144
IT.NET.USER.ZS,BEL,2023,94.62625074
IT.NET.USER.ZS,BEL,2022,94.00783071
IT.NET.USER.ZS,BEL,2021,92.78867618
IT.NET.USER.ZS,BEL,2020,91.52641629
IT.NET.USER.ZS,BEL,2019,90.275428012141
IT.NET.USER.ZS,BEL,2018,88.6473429951691
IT.NET.USER.ZS,BEL,2017,87.6796808175598
IT.NET.USER.ZS,BEL,2016,86.5164766644457
IT.NET.USER.ZS,BEL,2015,85.0529417508701
IT.NET.USER.ZS,BEL,2014,85.0012379539925
IT.NET.USER.ZS,BEL,2013,82.1702
IT.NET.USER.ZS,BEL,2012,80.7199905482042
IT.NET.USER.ZS,BEL,2011,81.6099959955952
IT.NET.USER.ZS,BEL,2010,77.6397855126946
IT.NET.USER.ZS,BEL,2009,74.5441455527336
IT.NET.USER.ZS,BEL,2008,68.8573221425131
IT.NET.USER.ZS,BGR,2025,
IT.NET.USER.ZS,BGR,2024,82.438955
IT.NET.USER.ZS,BGR,2023,80.38956462
IT.NET.USER.ZS,BGR,2022,79.12686326
IT.NET.USER.ZS,BGR,2021,75.27144583
IT.NET.USER.ZS,BGR,2020,70.16248359
IT.NET.USER.ZS,BGR,2019,67.9469809417603
IT.NET.USER.ZS,BGR,2018,64.78201069118
IT.NET.USER.ZS,BGR,2017,63.4101013837926
IT.NET.USER.ZS,BGR,2016,59.825547661014
IT.NET.USER.ZS,BGR,2015,56.6562516053086
IT.NET.USER.ZS,BGR,2014,55.4903766299262
IT.NET.USER.ZS,BGR,2013,53.0615
IT.NET.USER.ZS,BGR,2012,51.8999876658503
IT.NET.USER.ZS,BGR,2011,47.9799930506026
IT.NET.USER.ZS,BGR,2010,46.23
IT.NET.USER.ZS,BGR,2009,45.0
IT.NET.USER.ZS,BGR,2008,39.67
IT.NET.USER.ZS,BLR,2025,
IT.NET.USER.ZS,BLR,2024,94.26182128
IT.NET.USER.ZS,BLR,2023,91.51249979
IT.NET.USER.ZS,BLR,2022,89.50733148
IT.NET.USER.ZS,BLR,2021,86.88841196
IT.NET.USER.ZS,BLR,2020,85.08791245
IT.NET.USER.ZS,BLR,2019,82.7891520910901
IT.NET.USER.ZS,BLR,2018,79.1298866919307
IT.NET.USER.ZS,BLR,2017,74.4364454136036
IT.NET.USER.ZS,BLR,2016,71.1130457603832
IT.NET.USER.ZS,BLR,2015,62.230360906803
IT.NET.USER.ZS,BLR,2014,59.0163187101542
IT.NET.USER.ZS,BLR,2013,54.17
IT.NET.USER.ZS,BLR,2012,46.91
IT.NET.USER.ZS,BLR,2011,39.6488956598961
IT.NET.USER.ZS,BLR,2010,31.8
IT.NET.USER.ZS,BLR,2009,27.43
IT.NET.USER.ZS,BLR,2008,23.0
IT.NET.USER.ZS,CYP,2025,
IT.NET.USER.ZS,CYP,2024,89.60099246
IT.NET.USER.ZS,CYP,2023,91.22110357
IT.NET.USER.ZS,CYP,2022,89.60099194
IT.NET.USER.ZS,CYP,2021,90.75951564
IT.NET.USER.ZS,CYP,2020,90.80194644
IT.NET.USER.ZS,CYP,2019,86.0636299618935
IT.NET.USER.ZS,CYP,2018,84.4335825186889
IT.NET.USER.ZS,CYP,2017,80.743188971932
IT.NET.USER.ZS,CYP,2016,75.9002054030125
IT.NET.USER.ZS,CYP,2015,71.7157409175171
IT.NET.USER.ZS,CYP,2014,69.3286967086473
IT.NET.USER.ZS,CYP,2013,65.4548
IT.NET.USER.ZS,CYP,2012,60.6898684001903
IT.NET.USER.ZS,CYP,2011,56.8598923503507
IT.NET.USER.ZS,CYP,2010,52.99
IT.NET.USER.ZS,CYP,2009,49.81
IT.NET.USER.ZS,CYP,2008,42.31
IT.NET.USER.ZS,CZE,2025,
IT.NET.USER.ZS,CZE,2024,87.68776014
IT.NET.USER.ZS,CZE,2023,85.99404818
IT.NET.USER.ZS,CZE,2022,84.54009378
IT.NET.USER.ZS,CZE,2021,82.67062427
IT.NET.USER.ZS,CZE,2020,81.33889705
IT.NET.USER.ZS,CZE,2019,80.8669444139622
IT.NET.USER.ZS,CZE,2018,80.6881675434288
IT.NET.USER.ZS,CZE,2017,78.7191728513432
IT.NET.USER.ZS,CZE,2016,76.4811986951838
IT.NET.USER.ZS,CZE,2015,75.668838699279
IT.NET.USER.ZS,CZE,2014,74.2317116367383
IT.NET.USER.ZS,CZE,2013,74.1104
IT.NET.USER.ZS,CZE,2012,73.4300078241036
IT.NET.USER.ZS,CZE,2011,70.49
IT.NET.USER.ZS,CZE,2010,68.82
IT.NET.USER.ZS,CZE,2009,64.43
IT.NET.USER.ZS,CZE,2008,62.97
IT.NET.USER.ZS,DEU,2025,
IT.NET.USER.ZS,DEU,2024,93.49999579
IT.NET.USER.ZS,DEU,2023,92.4763763
IT.NET.USER.ZS,DEU,2022,91.62984383
IT.NET.USER.ZS,DEU,2021,91.43060973
IT.NET.USER.ZS,DEU,2020,89.81294133
IT.NET.USER.ZS,DEU,2019,88.1345169091916
IT.NET.USER.ZS,DEU,2018,87.037112092841
IT.NET.USER.ZS,DEU,2017,84.3941537010844
IT.NET.USER.ZS,DEU,2016,84.1652066441212
IT.NET.USER.ZS,DEU,2015,87.5897993525767
IT.NET.USER.ZS,DEU,2014,86.1937006578756
IT.NET.USER.ZS,DEU,2013,84.17
IT.NET.USER.ZS,DEU,2012,82.3499984738392
IT.NET.USER.ZS,DEU,2011,81.26999953602
IT.NET.USER.ZS,DEU,2010,82.0
IT.NET.USER.ZS,DEU,2009,79.0
IT.NET.USER.ZS,DEU,2008,78.0
IT.NET.USER.ZS,DNK,2025,
IT.NET.USER.ZS,DNK,2024,99.76915157
IT.NET.USER.ZS,DNK,2023,98.77559197
IT.NET.USER.ZS,DNK,2022,97.86011812
IT.NET.USER.ZS,DNK,2021,98.8658506
IT.NET.USER.ZS,DNK,2020,96.54914573
IT.NET.USER.ZS,DNK,2019,98.0464347521549
IT.NET.USER.ZS,DNK,2018,97.3192043651002
IT.NET.USER.ZS,DNK,2017,97.0993621555621
IT.NET.USER.ZS,DNK,2016,96.9677852516645
IT.NET.USER.ZS,DNK,2015,96.3305016195436
IT.NET.USER.ZS,DNK,2014,95.9935053764454
IT.NET.USER.ZS,DNK,2013,94.6297
IT.NET.USER.ZS,DNK,2012,92.2600117153012
IT.NET.USER.ZS,DNK,2011,89.8100133895232
IT.NET.USER.ZS,DNK,2010,88.72
IT.NET.USER.ZS,DNK,2009,86.84
IT.NET.USER.ZS,DNK,2008,85.02
IT.NET.USER.ZS,ESP,2025,
IT.NET.USER.ZS,ESP,2024,95.7574516
IT.NET.USER.ZS,ESP,2023,95.44564516
IT.NET.USER.ZS,ESP,2022,94.4855432
IT.NET.USER.ZS,ESP,2021,93.89752157
IT.NET.USER.ZS,ESP,2020,93.20564892
IT.NET.USER.ZS,ESP,2019,90.718665325267
IT.NET.USER.ZS,ESP,2018,86.107235525659
IT.NET.USER.ZS,ESP,2017,84.6022457016524
IT.NET.USER.ZS,ESP,2016,80.5613329432179
IT.NET.USER.ZS,ESP,2015,78.6896318703515
IT.NET.USER.ZS,ESP,2014,76.1867089778712
IT.NET.USER.ZS,ESP,2013,71.635
IT.NET.USER.ZS,ESP,2012,69.8099999420024
IT.NET.USER.ZS,ESP,2011,67.0899993926581
IT.NET.USER.ZS,ESP,2010,65.8
IT.NET.USER.ZS,ESP,2009,62.4
IT.NET.USER.ZS,ESP,2008,59.6
IT.NET.USER.ZS,EST,2025,
IT.NET.USER.ZS,EST,2024,92.23796204
IT.NET.USER.ZS,EST,2023,93.18342241
IT.NET.USER.ZS,EST,2022,91.52016546
IT.NET.USER.ZS,EST,2021,90.97970174
IT.NET.USER.ZS,EST,2020,89.05828666
IT.NET.USER.ZS,EST,2019,90.2289281997919
IT.NET.USER.ZS,EST,2018,89.3570077747426
IT.NET.USER.ZS,EST,2017,88.1024568740199
IT.NET.USER.ZS,EST,2016,87.2402327514547
IT.NET.USER.ZS,EST,2015,88.4097035040431
IT.NET.USER.ZS,EST,2014,84.2415280294352
IT.NET.USER.ZS,EST,2013,80.0043
IT.NET.USER.ZS,EST,2012,78.3899259259259
IT.NET.USER.ZS,EST,2011,76.5
IT.NET.USER.ZS,EST,2010,74.1
IT.NET.USER.ZS,EST,2009,72.5
IT.NET.USER.ZS,EST,2008,70.58
IT.NET.USER.ZS,FIN,2025,
IT.NET.USER.ZS,FIN,2024,93.72405196
IT.NET.USER.ZS,FIN,2023,93.51385075
IT.NET.USER.ZS,FIN,2022,92.98879471
IT.NET.USER.ZS,FIN,2021,92.80806082
IT.NET.USER.ZS,FIN,2020,92.17027106
IT.NET.USER.ZS,FIN,2019,89.6073851129779
IT.NET.USER.ZS,FIN,2018,88.8899599985585
IT.NET.USER.ZS,FIN,2017,87.4689290730615
IT.NET.USER.ZS,FIN,2016,87.7036499599455
IT.NET.USER.ZS,FIN,2015,86.4221333325445
IT.NET.USER.ZS,FIN,2014,86.5303927529377
IT.NET.USER.ZS,FIN,2013,91.5144
IT.NET.USER.ZS,FIN,2012,89.879997974222
IT.NET.USER.ZS,FIN,2011,88.70999491353
IT.NET.USER.ZS,FIN,2010,86.89
IT.NET.USER.ZS,FIN,2009,82.49
IT.NET.USER.ZS,FIN,2008,83.67
IT.NET.USER.ZS,FRA,2025,
IT.NET.USER.ZS,FRA,2024,88.65381638
IT.NET.USER.ZS,FRA,2023,86.83635789
IT.NET.USER.ZS,FRA,2022,85.33331734
IT.NET.USER.ZS,FRA,2021,86.09548575
IT.NET.USER.ZS,FRA,2020,84.70639801
IT.NET.USER.ZS,FRA,2019,83.3397440866883
IT.NET.USER.ZS,FRA,2018,82.0431867788484
IT.NET.USER.ZS,FRA,2017,80.5024597243607
IT.NET.USER.ZS,FRA,2016,79.2698113207547
IT.NET.USER.ZS,FRA,2015,78.0060377071902
IT.NET.USER.ZS,FRA,2014,83.7510996681821
IT.NET.USER.ZS,FRA,2013,81.9198
IT.NET.USER.ZS,FRA,2012,81.44
IT.NET.USER.ZS,FRA,2011,77.8199989926706
IT.NET.USER.ZS,FRA,2010,77.28
IT.NET.USER.ZS,FRA,2009,71.58
IT.NET.USER.ZS,FRA,2008,70.68
IT.NET.USER.ZS,GEO,2025,
IT.NET.USER.ZS,GEO,2024,83.79855689
IT.NET.USER.ZS,GEO,2023,81.88425624
IT.NET.USER.ZS,GEO,2022,78.71127536
IT.NET.USER.ZS,GEO,2021,76.4427093
IT.NET.USER.ZS,GEO,2020,72.53157487
IT.NET.USER.ZS,GEO,2019,68.8467135616978
IT.NET.USER.ZS,GEO,2018,62.7179081974285
IT.NET.USER.ZS,GEO,2017,59.7055045962571
IT.NET.USER.ZS,GEO,2016,58.4592896118725
IT.NET.USER.ZS,GEO,2015,47.5697596438736
IT.NET.USER.ZS,GEO,2014,49.1024547144647
IT.NET.USER.ZS,GEO,2013,43.3
IT.NET.USER.ZS,GEO,2012,36.93999863
IT.NET.USER.ZS,GEO,2011,31.52000046
IT.NET.USER.ZS,GEO,2010,26.9
IT.NET.USER.ZS,GEO,2009,20.06999969
IT.NET.USER.ZS,GEO,2008,10.01000023
IT.NET.USER.ZS,GRC,2025,
IT.NET.USER.ZS,GRC,2024,86.26968886
IT.NET.USER.ZS,GRC,2023,85.0102229
IT.NET.USER.ZS,GRC,2022,83.17066333
IT.NET.USER.ZS,GRC,2021,78.49426371
IT.NET.USER.ZS,GRC,2020,78.11584474
IT.NET.USER.ZS,GRC,2019,75.6712066931757
IT.NET.USER.ZS,GRC,2018,72.2383733920483
IT.NET.USER.ZS,GRC,2017,69.8929706543154
IT.NET.USER.ZS,GRC,2016,69.0879154723892
IT.NET.USER.ZS,GRC,2015,66.8349594911035
IT.NET.USER.ZS,GRC,2014,63.2073404784561
IT.NET.USER.ZS,GRC,2013,59.8663
IT.NET.USER.ZS,GRC,2012,55.0699934418411
IT.NET.USER.ZS,GRC,2011,51.6499951676815
IT.NET.USER.ZS,GRC,2010,44.4
IT.NET.USER.ZS,GRC,2009,42.4
IT.NET.USER.ZS,GRC,2008,38.2
IT.NET.USER.ZS,HRV,2025,
IT.NET.USER.ZS,HRV,2024,83.63240029
IT.NET.USER.ZS,HRV,2023,83.24117599
IT.NET.USER.ZS,HRV,2022,82.07155532
IT.NET.USER.ZS,HRV,2021,81.25396608
IT.NET.USER.ZS,HRV,2020,78.32090004
IT.NET.USER.ZS,HRV,2019,79.0797836757554
IT.NET.USER.ZS,HRV,2018,75.2946259897258
IT.NET.USER.ZS,HRV,2017,67.0961920368478
IT.NET.USER.ZS,HRV,2016,72.6972696701463
IT.NET.USER.ZS,HRV,2015,69.8450359238281
IT.NET.USER.ZS,HRV,2014,68.5678992528467
IT.NET.USER.ZS,HRV,2013,66.7476
IT.NET.USER.ZS,HRV,2012,61.9399731527956
IT.NET.USER.ZS,HRV,2011,57.7899789891444
IT.NET.USER.ZS,HRV,2010,56.55
IT.NET.USER.ZS,HRV,2009,50.58
IT.NET.USER.ZS,HRV,2008,44.24
IT.NET.USER.ZS,HUN,2025,
IT.NET.USER.ZS,HUN,2024,93.77898628
IT.NET.USER.ZS,HUN,2023,91.4500713
IT.NET.USER.ZS,HUN,2022,89.14282688
IT.NET.USER.ZS,HUN,2021,88.64083466
IT.NET.USER.ZS,HUN,2020,84.77115202
IT.NET.USER.ZS,HUN,2019,80.3716936050482
IT.NET.USER.ZS,HUN,2018,76.0743606365063
IT.NET.USER.ZS,HUN,2017,76.7505471201922
IT.NET.USER.ZS,HUN,2016,79.2594121273057
IT.NET.USER.ZS,HUN,2015,72.8347370323805
IT.NET.USER.ZS,HUN,2014,75.6531974544103
IT.NET.USER.ZS,HUN,2013,72.6439
IT.NET.USER.ZS,HUN,2012,70.579998153838
IT.NET.USER.ZS,HUN,2011,68.0199878861296
IT.NET.USER.ZS,HUN,2010,65.0
IT.NET.USER.ZS,HUN,2009,62.0
IT.NET.USER.ZS,HUN,2008,61.0
IT.NET.USER.ZS,IRL,2025,
IT.NET.USER.ZS,IRL,2024,97.18769836
IT.NET.USER.ZS,IRL,2023,96.8660965
IT.NET.USER.ZS,IRL,2022,95.03690338
IT.NET.USER.ZS,IRL,2021,93.50610352
IT.NET.USER.ZS,IRL,2020,91.99989097
IT.NET.USER.ZS,IRL,2019,87.0000552425146
IT.NET.USER.ZS,IRL,2018,87.0001401148942
IT.NET.USER.ZS,IRL,2017,84.1140070623844
IT.NET.USER.ZS,IRL,2016,83.5
IT.NET.USER.ZS,IRL,2015,83.4947916666667
IT.NET.USER.ZS,IRL,2014,83.4917223351728
IT.NET.USER.ZS,IRL,2013,78.2477
IT.NET.USER.ZS,IRL,2012,76.919992540097
IT.NET.USER.ZS,IRL,2011,74.8899729670944
IT.NET.USER.ZS,IRL,2010,69.85
IT.NET.USER.ZS,IRL,2009,67.38
IT.NET.USER.ZS,IRL,2008,65.34
IT.NET.USER.ZS,ITA,2025,
IT.NET.USER.ZS,ITA,2024,89.2207202
IT.NET.USER.ZS,ITA,2023,87.0278292
IT.NET.USER.ZS,ITA,2022,85.06074504
IT.NET.USER.ZS,ITA,2021,74.8623274
IT.NET.USER.ZS,ITA,2020,70.48342785
IT.NET.USER.ZS,ITA,2019,67.8507102874836
IT.NET.USER.ZS,ITA,2018,74.3871829234822
IT.NET.USER.ZS,ITA,2017,63.0773469984291
IT.NET.USER.ZS,ITA,2016,61.3242527666303
IT.NET.USER.ZS,ITA,2015,58.1417349568747
IT.NET.USER.ZS,ITA,2014,55.6384602242293
IT.NET.USER.ZS,ITA,2013,58.4593
IT.NET.USER.ZS,ITA,2012,55.829997993283
IT.NET.USER.ZS,ITA,2011,54.3899983018814
IT.NET.USER.ZS,ITA,2010,53.68
IT.NET.USER.ZS,ITA,2009,48.83
IT.NET.USER.ZS,ITA,2008,44.53
IT.NET.USER.ZS,LTU,2025,
IT.NET.USER.ZS,LTU,2024,89.16116293
IT.NET.USER.ZS,LTU,2023,88.50287484
IT.NET.USER.ZS,LTU,2022,87.72420219
IT.NET.USER.ZS,LTU,2021,86.93054425
IT.NET.USER.ZS,LTU,2020,83.05554724
IT.NET.USER.ZS,LTU,2019,81.5818683764046
IT.NET.USER.ZS,LTU,2018,79.7225827680518
IT.NET.USER.ZS,LTU,2017,77.6152565124514
IT.NET.USER.ZS,LTU,2016,74.3766455618662
IT.NET.USER.ZS,LTU,2015,71.3780590101754
IT.NET.USER.ZS,LTU,2014,72.1335378644566
IT.NET.USER.ZS,LTU,2013,68.4529
IT.NET.USER.ZS,LTU,2012,67.2299893276414
IT.NET.USER.ZS,LTU,2011,63.6399774002179
IT.NET.USER.ZS,LTU,2010,62.12
IT.NET.USER.ZS,LTU,2009,59.76
IT.NET.USER.ZS,LTU,2008,55.22
IT.NET.USER.ZS,LUX,2025,99.12902211
IT.NET.USER.ZS,LUX,2024,98.7606147
IT.NET.USER.ZS,LUX,2023,99.34785707
IT.NET.USER.ZS,LUX,2022,98.24203749
IT.NET.USER.ZS,LUX,2021,98.66086333
IT.NET.USER.ZS,LUX,2020,98.45962893
IT.NET.USER.ZS,LUX,2019,97.120635693272
IT.NET.USER.ZS,LUX,2018,97.061298705829
IT.NET.USER.ZS,LUX,2017,97.3629603241751
IT.NET.USER.ZS,LUX,2016,98.1366986657616
IT.NET.USER.ZS,LUX,2015,96.3767141704759
IT.NET.USER.ZS,LUX,2014,94.6702052774766
IT.NET.USER.ZS,LUX,2013,93.7765
IT.NET.USER.ZS,LUX,2012,91.9499237417387
IT.NET.USER.ZS,LUX,2011,90.0298585646936
IT.NET.USER.ZS,LUX,2010,90.62
IT.NET.USER.ZS,LUX,2009,87.31
IT.NET.USER.ZS,LUX,2008,82.23
IT.NET.USER.ZS,LVA,2025,
IT.NET.USER.ZS,LVA,2024,92.70757011
IT.NET.USER.ZS,LVA,2023,92.18791291
IT.NET.USER.ZS,LVA,2022,91.03009059
IT.NET.USER.ZS,LVA,2021,91.17964988
IT.NET.USER.ZS,LVA,2020,88.89796078
IT.NET.USER.ZS,LVA,2019,86.13545644343
IT.NET.USER.ZS,LVA,2018,83.5771748630956
IT.NET.USER.ZS,LVA,2017,80.1140770037369
IT.NET.USER.ZS,LVA,2016,79.8420977843089
IT.NET.USER.ZS,LVA,2015,79.2005829239344
IT.NET.USER.ZS,LVA,2014,75.8261041383556
IT.NET.USER.ZS,LVA,2013,75.2344
IT.NET.USER.ZS,LVA,2012,73.1199437663748
IT.NET.USER.ZS,LVA,2011,69.7499545592245
IT.NET.USER.ZS,LVA,2010,68.42
IT.NET.USER.ZS,LVA,2009,66.84
IT.NET.USER.ZS,LVA,2008,63.41
IT.NET.USER.ZS,MDA,2025,
IT.NET.USER.ZS,MDA,2024,77.3687973
IT.NET.USER.ZS,MDA,2023,76.50330353
IT.NET.USER.ZS,MDA,2022,74.91899872
IT.NET.USER.ZS,MDA,2021,74.91899872
IT.NET.USER.ZS,MDA,2020,74.11830139
IT.NET.USER.ZS,MDA,2019,73.32610321
IT.NET.USER.ZS,MDA,2018,72.54239655
IT.NET.USER.ZS,MDA,2017,71.76709747
IT.NET.USER.ZS,MDA,2016,70.9999991066624
IT.NET.USER.ZS,MDA,2015,69.0000044661932
IT.NET.USER.ZS,MDA,2014,66.9999982002077
IT.NET.USER.ZS,MDA,2013,37.43999863
IT.NET.USER.ZS,MDA,2012,34.65000153
IT.NET.USER.ZS,MDA,2011,32.06999969
IT.NET.USER.ZS,MDA,2010,29.68000031
IT.NET.USER.ZS,MDA,2009,27.5
IT.NET.USER.ZS,MDA,2008,23.39
IT.NET.USER.ZS,MLT,2025,
IT.NET.USER.ZS,MLT,2024,93.86029816
IT.NET.USER.ZS,MLT,2023,92.07266941
IT.NET.USER.ZS,MLT,2022,91.54062209
IT.NET.USER.ZS,MLT,2021,87.46977742
IT.NET.USER.ZS,MLT,2020,86.85876183
IT.NET.USER.ZS,MLT,2019,85.7785963798031
IT.NET.USER.ZS,MLT,2018,81.6580442928014
IT.NET.USER.ZS,MLT,2017,81.0119110762945
IT.NET.USER.ZS,MLT,2016,78.0751488032182
IT.NET.USER.ZS,MLT,2015,75.9600189752747
IT.NET.USER.ZS,MLT,2014,73.1141157845193
IT.NET.USER.ZS,MLT,2013,68.9138
IT.NET.USER.ZS,MLT,2012,68.1998742928975
IT.NET.USER.ZS,MLT,2011,68.0198237885462
IT.NET.USER.ZS,MLT,2010,63.0
IT.NET.USER.ZS,MLT,2009,58.86
IT.NET.USER.ZS,MLT,2008,50.08
IT.NET.USER.ZS,NLD,2025,
IT.NET.USER.ZS,NLD,2024,97.00679779
IT.NET.USER.ZS,NLD,2023,97.00680272
IT.NET.USER.ZS,NLD,2022,92.51968504
IT.NET.USER.ZS,NLD,2021,92.05298013
IT.NET.USER.ZS,NLD,2020,91.33333333
IT.NET.USER.ZS,NLD,2019,93.2885906040269
IT.NET.USER.ZS,NLD,2018,91.8918918918919
IT.NET.USER.ZS,NLD,2017,93.1972789115646
IT.NET.USER.ZS,NLD,2016,90.4109589041096
IT.NET.USER.ZS,NLD,2015,91.7241379310345
IT.NET.USER.ZS,NLD,2014,91.6666666666667
IT.NET.USER.ZS,NLD,2013,93.9564
IT.NET.USER.ZS,NLD,2012,92.859992359525
IT.NET.USER.ZS,NLD,2011,91.4199957622284
IT.NET.USER.ZS,NLD,2010,90.72
IT.NET.USER.ZS,NLD,2009,89.63
IT.NET.USER.ZS,NLD,2008,87.42
IT.NET.USER.ZS,POL,2025,
IT.NET.USER.ZS,POL,2024,88.58496367
IT.NET.USER.ZS,POL,2023,86.414744
IT.NET.USER.ZS,POL,2022,86.94113479
IT.NET.USER.ZS,POL,2021,85.37490906
IT.NET.USER.ZS,POL,2020,83.18488715
IT.NET.USER.ZS,POL,2019,80.4359068768673
IT.NET.USER.ZS,POL,2018,77.5417345350006
IT.NET.USER.ZS,POL,2017,75.9853659493832
IT.NET.USER.ZS,POL,2016,73.3007040962669
IT.NET.USER.ZS,POL,2015,67.9969871556415
IT.NET.USER.ZS,POL,2014,66.5987360557248
IT.NET.USER.ZS,POL,2013,62.8492
IT.NET.USER.ZS,POL,2012,62.3099972714691
IT.NET.USER.ZS,POL,2011,61.94999896898
IT.NET.USER.ZS,POL,2010,62.32
IT.NET.USER.ZS,POL,2009,58.97
IT.NET.USER.ZS,POL,2008,53.13
IT.NET.USER.ZS,PRT,2025,
IT.NET.USER.ZS,PRT,2024,88.48704454
IT.NET.USER.ZS,PRT,2023,85.79012676
IT.NET.USER.ZS,PRT,2022,84.49690644
IT.NET.USER.ZS,PRT,2021,82.30902804
IT.NET.USER.ZS,PRT,2020,78.26166044
IT.NET.USER.ZS,PRT,2019,75.3463779408712
IT.NET.USER.ZS,PRT,2018,74.6609681487507
IT.NET.USER.ZS,PRT,2017,73.7912139515729
IT.NET.USER.ZS,PRT,2016,70.423567088723
IT.NET.USER.ZS,PRT,2015,68.6328614804299
IT.NET.USER.ZS,PRT,2014,64.5924200648949
IT.NET.USER.ZS,PRT,2013,62.0956
IT.NET.USER.ZS,PRT,2012,60.3399974868057
IT.NET.USER.ZS,PRT,2011,55.2499968797194
IT.NET.USER.ZS,PRT,2010,53.3
IT.NET.USER.ZS,PRT,2009,48.27
IT.NET.USER.ZS,PRT,2008,44.13
IT.NET.USER.ZS,ROU,2025,
IT.NET.USER.ZS,ROU,2024,91.29048551
IT.NET.USER.ZS,ROU,2023,89.20335498
IT.NET.USER.ZS,ROU,2022,85.50309124
IT.NET.USER.ZS,ROU,2021,83.5904265
IT.NET.USER.ZS,ROU,2020,78.45526895
IT.NET.USER.ZS,ROU,2019,73.6574757545465
IT.NET.USER.ZS,ROU,2018,70.6812779273268
IT.NET.USER.ZS,ROU,2017,63.7472821822484
IT.NET.USER.ZS,ROU,2016,59.5039512852713
IT.NET.USER.ZS,ROU,2015,55.7631556336233
IT.NET.USER.ZS,ROU,2014,54.0783206550943
IT.NET.USER.ZS,ROU,2013,49.7645
IT.NET.USER.ZS,ROU,2012,45.8799942529424
IT.NET.USER.ZS,ROU,2011,40.0099967810008
IT.NET.USER.ZS,ROU,2010,39.93
IT.NET.USER.ZS,ROU,2009,36.6
IT.NET.USER.ZS,ROU,2008,32.42
IT.NET.USER.ZS,SVK,2025,
IT.NET.USER.ZS,SVK,2024,89.82507032
IT.NET.USER.ZS,SVK,2023,87.2131343
IT.NET.USER.ZS,SVK,2022,89.06766196
IT.NET.USER.ZS,SVK,2021,88.92560523
IT.NET.USER.ZS,SVK,2020,89.92090413
IT.NET.USER.ZS,SVK,2019,82.8536605021784
IT.NET.USER.ZS,SVK,2018,80.4489224826099
IT.NET.USER.ZS,SVK,2017,81.6256675172655
IT.NET.USER.ZS,SVK,2016,80.475857275668
IT.NET.USER.ZS,SVK,2015,77.6346820339875
IT.NET.USER.ZS,SVK,2014,79.9843017656729
IT.NET.USER.ZS,SVK,2013,77.8826
IT.NET.USER.ZS,SVK,2012,76.7099901181121
IT.NET.USER.ZS,SVK,2011,74.4399971746757
IT.NET.USER.ZS,SVK,2010,75.71
IT.NET.USER.ZS,SVK,2009,70.0
IT.NET.USER.ZS,SVK,2008,66.05
IT.NET.USER.ZS,SVN,2025,
IT.NET.USER.ZS,SVN,2024,90.76355487
IT.NET.USER.ZS,SVN,2023,90.37794678
IT.NET.USER.ZS,SVN,2022,88.91248552
IT.NET.USER.ZS,SVN,2021,89.00399524
IT.NET.USER.ZS,SVN,2020,86.60130109
IT.NET.USER.ZS,SVN,2019,83.1083578026717
IT.NET.USER.ZS,SVN,2018,79.7499765956562
IT.NET.USER.ZS,SVN,2017,78.8854263554775
IT.NET.USER.ZS,SVN,2016,75.4985042610791
IT.NET.USER.ZS,SVN,2015,73.0986599745829
IT.NET.USER.ZS,SVN,2014,71.5862515855601
IT.NET.USER.ZS,SVN,2013,72.6756
IT.NET.USER.ZS,SVN,2012,68.3499745287825
IT.NET.USER.ZS,SVN,2011,67.3399948092396
IT.NET.USER.ZS,SVN,2010,70.0
IT.NET.USER.ZS,SVN,2009,64.0
IT.NET.USER.ZS,SVN,2008,58.0
IT.NET.USER.ZS,SWE,2025,95.76629783
IT.NET.USER.ZS,SWE,2024,95.52930428
IT.NET.USER.ZS,SWE,2023,95.70327461
IT.NET.USER.ZS,SWE,2022,95.00970335
IT.NET.USER.ZS,SWE,2021,94.6703163
IT.NET.USER.ZS,SWE,2020,94.53943122
IT.NET.USER.ZS,SWE,2019,94.4934434072202
IT.NET.USER.ZS,SWE,2018,89.2469631588137
IT.NET.USER.ZS,SWE,2017,93.0062669652127
IT.NET.USER.ZS,SWE,2016,89.6509476102355
IT.NET.USER.ZS,SWE,2015,90.6101966398616
IT.NET.USER.ZS,SWE,2014,92.5236065037579
IT.NET.USER.ZS,SWE,2013,94.7836
IT.NET.USER.ZS,SWE,2012,93.1799880065108
IT.NET.USER.ZS,SWE,2011,92.7699860554046
IT.NET.USER.ZS,SWE,2010,90.0
IT.NET.USER.ZS,SWE,2009,91.0
IT.NET.USER.ZS,SWE,2008,90.0
IT.NET.USER.ZS,UKR,2025,
IT.NET.USER.ZS,UKR,2024,82.47489929
IT.NET.USER.ZS,UKR,2023,81.58059692
IT.NET.USER.ZS,UKR,2022,80.47429657
IT.NET.USER.ZS,UKR,2021,79.21829353
IT.NET.USER.ZS,UKR,2020,75.03790912
IT.NET.USER.ZS,UKR,2019,70.1248442995263
IT.NET.USER.ZS,UKR,2018,62.5531553933869
IT.NET.USER.ZS,UKR,2017,58.8894794459775
IT.NET.USER.ZS,UKR,2016,53.0009695981884
IT.NET.USER.ZS,UKR,2015,48.8846436813218
IT.NET.USER.ZS,UKR,2014,46.2359754571651
IT.NET.USER.ZS,UKR,2013,40.954128997
IT.NET.USER.ZS,UKR,2012,35.27
IT.NET.USER.ZS,UKR,2011,28.7082628400713
IT.NET.USER.ZS,UKR,2010,23.3
IT.NET.USER.ZS,UKR,2009,17.9
IT.NET.USER.ZS,UKR,2008,11.0
NY.GDP.PCAP.CD,ARM,2025,9474.01849300368
NY.GDP.PCAP.CD,ARM,2024,8556.21406956719
NY.GDP.PCAP.CD,ARM,2023,8159.08720967996
NY.GDP.PCAP.CD,ARM,2022,6571.97445545099
NY.GDP.PCAP.CD,ARM,2021,4685.17997128509
NY.GDP.PCAP.CD,ARM,2020,4268.68093304583
NY.GDP.PCAP.CD,ARM,2019,4597.22887399548
NY.GDP.PCAP.CD,ARM,2018,4196.00562301769
NY.GDP.PCAP.CD,ARM,2017,3869.05373867752
NY.GDP.PCAP.CD,ARM,2016,3524.42476874707
NY.GDP.PCAP.CD,ARM,2015,3512.39350276709
NY.GDP.PCAP.CD,ARM,2014,3852.11800610384
NY.GDP.PCAP.CD,ARM,2013,3680.16692158886
NY.GDP.PCAP.CD,ARM,2012,3511.56399687426
NY.GDP.PCAP.CD,ARM,2011,3349.55309771906
NY.GDP.PCAP.CD,ARM,2010,3041.34450723339
NY.GDP.PCAP.CD,ARM,2009,2820.5926553347
NY.GDP.PCAP.CD,ARM,2008,3777.66859313767
NY.GDP.PCAP.CD,AUT,2025,62930.0351324599
NY.GDP.PCAP.CD,AUT,2024,58268.8787651601
NY.GDP.PCAP.CD,AUT,2023,56579.504175468
NY.GDP.PCAP.CD,AUT,2022,52336.7725223758
NY.GDP.PCAP.CD,AUT,2021,53648.6437976214
NY.GDP.PCAP.CD,AUT,2020,48716.4098900349
NY.GDP.PCAP.CD,AUT,2019,49885.9947355204
NY.GDP.PCAP.CD,AUT,2018,51194.0749841299
NY.GDP.PCAP.CD,AUT,2017,47163.7425775142
NY.GDP.PCAP.CD,AUT,2016,45061.4993920192
NY.GDP.PCAP.CD,AUT,2015,43915.228020857
NY.GDP.PCAP.CD,AUT,2014,51314.9722616322
NY.GDP.PCAP.CD,AUT,2013,50305.3545774973
NY.GDP.PCAP.CD,AUT,2012,48250.4059142637
NY.GDP.PCAP.CD,AUT,2011,51116.8953522042
NY.GDP.PCAP.CD,AUT,2010,46611.1393420232
NY.GDP.PCAP.CD,AUT,2009,47857.4446635266
NY.GDP.PCAP.CD,AUT,2008,51581.3982361071
NY.GDP.PCAP.CD,AZE,2025,7410.72281660142
NY.GDP.PCAP.CD,AZE,2024,7294.64276088105
NY.GDP.PCAP.CD,AZE,2023,7133.02838048328
NY.GDP.PCAP.CD,AZE,2022,7770.594223351
NY.GDP.PCAP.CD,AZE,2021,5408.04535175023
NY.GDP.PCAP.CD,AZE,2020,4229.91064904503
NY.GDP.PCAP.CD,AZE,2019,4805.75371765917
NY.GDP.PCAP.CD,AZE,2018,4739.7943123408
NY.GDP.PCAP.CD,AZE,2017,4147.1981423222
NY.GDP.PCAP.CD,AZE,2016,3880.6852276838
NY.GDP.PCAP.CD,AZE,2015,5500.50364628486
NY.GDP.PCAP.CD,AZE,2014,7890.84028062087
NY.GDP.PCAP.CD,AZE,2013,7875.34536661549
NY.GDP.PCAP.CD,AZE,2012,7495.86527658099
NY.GDP.PCAP.CD,AZE,2011,7189.81869211976
NY.GDP.PCAP.CD,AZE,2010,5843.5337683582
NY.GDP.PCAP.CD,AZE,2009,4950.39949009423
NY.GDP.PCAP.CD,AZE,2008,5574.46810432575
NY.GDP.PCAP.CD,BEL,2025,60750.2735864647
NY.GDP.PCAP.CD,BEL,2024,56581.9375642531
NY.GDP.PCAP.CD,BEL,2023,55244.68145811
NY.GDP.PCAP.CD,BEL,2022,50639.0264882739
NY.GDP.PCAP.CD,BEL,2021,51658.238294958
NY.GDP.PCAP.CD,BEL,2020,45906.2875805246
NY.GDP.PCAP.CD,BEL,2019,46716.6227467964
NY.GDP.PCAP.CD,BEL,2018,47487.2100392561
NY.GDP.PCAP.CD,BEL,2017,44035.3239358548
NY.GDP.PCAP.CD,BEL,2016,41854.5498296444
NY.GDP.PCAP.CD,BEL,2015,40893.804537772
NY.GDP.PCAP.CD,BEL,2014,47995.7786961339
NY.GDP.PCAP.CD,BEL,2013,46964.5946777056
NY.GDP.PCAP.CD,BEL,2012,44874.1709182123
NY.GDP.PCAP.CD,BEL,2011,47760.8298776546
NY.GDP.PCAP.CD,BEL,2010,44197.393671162
NY.GDP.PCAP.CD,BEL,2009,44923.3400135081
NY.GDP.PCAP.CD,BEL,2008,48303.397956286
NY.GDP.PCAP.CD,BGR,2025,20328.1667065538
NY.GDP.PCAP.CD,BGR,2024,17596.9167621233
NY.GDP.PCAP.CD,BGR,2023,15854.0192893772
NY.GDP.PCAP.CD,BGR,2022,13999.9113358453
NY.GDP.PCAP.CD,BGR,2021,12966.8085197381
NY.GDP.PCAP.CD,BGR,2020,10760.7616180234
NY.GDP.PCAP.CD,BGR,2019,10354.2500414088
NY.GDP.PCAP.CD,BGR,2018,9849.88769989118
NY.GDP.PCAP.CD,BGR,2017,8697.13373333715
NY.GDP.PCAP.CD,BGR,2016,7822.89886431732
NY.GDP.PCAP.CD,BGR,2015,7269.02586513711
NY.GDP.PCAP.CD,BGR,2014,8070.01289303544
NY.GDP.PCAP.CD,BGR,2013,7796.37945241455
NY.GDP.PCAP.CD,BGR,2012,7432.33753378983
NY.GDP.PCAP.CD,BGR,2011,7849.98219737366
NY.GDP.PCAP.CD,BGR,2010,6854.2987837778
NY.GDP.PCAP.CD,BGR,2009,6988.63048446496
NY.GDP.PCAP.CD,BGR,2008,7271.67443724077
NY.GDP.PCAP.CD,BLR,2025,10279.2547190723
NY.GDP.PCAP.CD,BLR,2024,8605.60954569694
NY.GDP.PCAP.CD,BLR,2023,7896.75388295584
NY.GDP.PCAP.CD,BLR,2022,7994.64806074889
NY.GDP.PCAP.CD,BLR,2021,7489.71894713888
NY.GDP.PCAP.CD,BLR,2020,6542.85579976768
NY.GDP.PCAP.CD,BLR,2019,6837.77339645635
NY.GDP.PCAP.CD,BLR,2018,6360.037502312
NY.GDP.PCAP.CD,BLR,2017,5785.54491935194
NY.GDP.PCAP.CD,BLR,2016,5039.77560949445
NY.GDP.PCAP.CD,BLR,2015,5967.05595058777
NY.GDP.PCAP.CD,BLR,2014,8341.31809294883
NY.GDP.PCAP.CD,BLR,2013,7998.0802045456
NY.GDP.PCAP.CD,BLR,2012,6953.21591683101
NY.GDP.PCAP.CD,BLR,2011,6527.6593428786
NY.GDP.PCAP.CD,BLR,2010,6034.67885177216
NY.GDP.PCAP.CD,BLR,2009,5352.48809190697
NY.GDP.PCAP.CD,BLR,2008,6376.17569162063
NY.GDP.PCAP.CD,CYP,2025,41783.08984375
NY.GDP.PCAP.CD,CYP,2024,38674.3125
NY.GDP.PCAP.CD,CYP,2023,36623.70703125
NY.GDP.PCAP.CD,CYP,2022,33231.05078125
NY.GDP.PCAP.CD,CYP,2021,32937.8359375
NY.GDP.PCAP.CD,CYP,2020,28130.330078125
NY.GDP.PCAP.CD,CYP,2019,29227.16796875
NY.GDP.PCAP.CD,CYP,2018,29120.38671875
NY.GDP.PCAP.CD,CYP,2017,26247.46484375
NY.GDP.PCAP.CD,CYP,2016,24280.044921875
NY.GDP.PCAP.CD,CYP,2015,23088.4296875
NY.GDP.PCAP.CD,CYP,2014,26993.095703125
NY.GDP.PCAP.CD,CYP,2013,27764.7265625
NY.GDP.PCAP.CD,CYP,2012,28991.9296875
NY.GDP.PCAP.CD,CYP,2011,32485.8046875
NY.GDP.PCAP.CD,CYP,2010,31105.02734375
NY.GDP.PCAP.CD,CYP,2009,32236.462890625
NY.GDP.PCAP.CD,CYP,2008,35541.88671875
NY.GDP.PCAP.CD,CZE,2025,35917.2724081665
NY.GDP.PCAP.CD,CZE,2024,31827.7552539413
NY.GDP.PCAP.CD,CZE,2023,31761.5944102491
NY.GDP.PCAP.CD,CZE,2022,28282.2236715857
NY.GDP.PCAP.CD,CZE,2021,27696.4619527544
NY.GDP.PCAP.CD,CZE,2020,23472.8915454417
NY.GDP.PCAP.CD,CZE,2019,24062.7190013343
NY.GDP.PCAP.CD,CZE,2018,23705.9329811299
NY.GDP.PCAP.CD,CZE,2017,20913.197632212
NY.GDP.PCAP.CD,CZE,2016,18753.9686718096
NY.GDP.PCAP.CD,CZE,2015,17931.5987670768
NY.GDP.PCAP.CD,CZE,2014,20038.4163180257
NY.GDP.PCAP.CD,CZE,2013,20260.4954999375
NY.GDP.PCAP.CD,CZE,2012,20014.0354015165
NY.GDP.PCAP.CD,CZE,2011,22049.1080788682
NY.GDP.PCAP.CD,CZE,2010,20160.4355077059
NY.GDP.PCAP.CD,CZE,2009,19817.4215836554
NY.GDP.PCAP.CD,CZE,2008,22774.7045076205
NY.GDP.PCAP.CD,DEU,2025,60496.4350820414
NY.GDP.PCAP.CD,DEU,2024,56103.7323182554
NY.GDP.PCAP.CD,DEU,2023,54776.7668235491
NY.GDP.PCAP.CD,DEU,2022,50506.5179638543
NY.GDP.PCAP.CD,DEU,2021,52349.2459994422
NY.GDP.PCAP.CD,DEU,2020,47394.8734504469
NY.GDP.PCAP.CD,DEU,2019,47656.199739747
NY.GDP.PCAP.CD,DEU,2018,48916.1686612154
NY.GDP.PCAP.CD,DEU,2017,45553.9341495339
NY.GDP.PCAP.CD,DEU,2016,42948.9381932694
NY.GDP.PCAP.CD,DEU,2015,41929.7549110722
NY.GDP.PCAP.CD,DEU,2014,48959.5991203133
NY.GDP.PCAP.CD,DEU,2013,47206.8353514242
NY.GDP.PCAP.CD,DEU,2012,44718.0159214069
NY.GDP.PCAP.CD,DEU,2011,47630.9761883572
NY.GDP.PCAP.CD,DEU,2010,42396.9665976293
NY.GDP.PCAP.CD,DEU,2009,42471.8868625226
NY.GDP.PCAP.CD,DEU,2008,46379.1647953479
NY.GDP.PCAP.CD,DNK,2025,76970.1535217919
NY.GDP.PCAP.CD,DNK,2024,71026.4832271897
NY.GDP.PCAP.CD,DNK,2023,68043.5466971243
NY.GDP.PCAP.CD,DNK,2022,67781.0940939514
NY.GDP.PCAP.CD,DNK,2021,69340.7334922138
NY.GDP.PCAP.CD,DNK,2020,60985.4885601514
NY.GDP.PCAP.CD,DNK,2019,59404.2663247723
NY.GDP.PCAP.CD,DNK,2018,61324.7665045565
NY.GDP.PCAP.CD,DNK,2017,57521.5514992225
NY.GDP.PCAP.CD,DNK,2016,54500.9260410217
NY.GDP.PCAP.CD,DNK,2015,53094.0133607574
NY.GDP.PCAP.CD,DNK,2014,62520.4509747011
NY.GDP.PCAP.CD,DNK,2013,61377.5940590412
NY.GDP.PCAP.CD,DNK,2012,58443.7747103968
NY.GDP.PCAP.CD,DNK,2011,61809.737898222
NY.GDP.PCAP.CD,DNK,2010,58104.5445594981
NY.GDP.PCAP.CD,DNK,2009,58412.7472358513
NY.GDP.PCAP.CD,DNK,2008,64616.6657583663
NY.GDP.PCAP.CD,ESP,2025,38627.2472148623
NY.GDP.PCAP.CD,ESP,2024,35326.7683069278
NY.GDP.PCAP.CD,ESP,2023,33493.2225409111
NY.GDP.PCAP.CD,ESP,2022,30319.4987196616
NY.GDP.PCAP.CD,ESP,2021,30799.4775937775
NY.GDP.PCAP.CD,ESP,2020,27233.9426461608
NY.GDP.PCAP.CD,ESP,2019,29786.5245689007
NY.GDP.PCAP.CD,ESP,2018,30602.4212881113
NY.GDP.PCAP.CD,ESP,2017,28381.3425596906
NY.GDP.PCAP.CD,ESP,2016,26755.6061149398
NY.GDP.PCAP.CD,ESP,2015,25982.4416197775
NY.GDP.PCAP.CD,ESP,2014,29707.765509467
NY.GDP.PCAP.CD,ESP,2013,29228.846559842
NY.GDP.PCAP.CD,ESP,2012,28456.4438151477
NY.GDP.PCAP.CD,ESP,2011,31824.6219134777
NY.GDP.PCAP.CD,ESP,2010,30658.7422282912
NY.GDP.PCAP.CD,ESP,2009,32279.8208476151
NY.GDP.PCAP.CD,ESP,2008,35603.248328071
NY.GDP.PCAP.CD,EST,2025,34417.6320815138
NY.GDP.PCAP.CD,EST,2024,31428.3547816104
NY.GDP.PCAP.CD,EST,2023,30264.0064885057
NY.GDP.PCAP.CD,EST,2022,28340.3826549406
NY.GDP.PCAP.CD,EST,2021,27951.1659277744
NY.GDP.PCAP.CD,EST,2020,23933.9939421065
NY.GDP.PCAP.CD,EST,2019,24021.2501413306
NY.GDP.PCAP.CD,EST,2018,23618.1361254581
NY.GDP.PCAP.CD,EST,2017,20851.5223496861
NY.GDP.PCAP.CD,EST,2016,18666.3736521706
NY.GDP.PCAP.CD,EST,2015,17722.1557669523
NY.GDP.PCAP.CD,EST,2014,20581.7898991695
NY.GDP.PCAP.CD,EST,2013,19310.3874900757
NY.GDP.PCAP.CD,EST,2012,17568.2137969714
NY.GDP.PCAP.CD,EST,2011,17555.5455239426
NY.GDP.PCAP.CD,EST,2010,14663.7041018705
NY.GDP.PCAP.CD,EST,2009,14712.4494217916
NY.GDP.PCAP.CD,EST,2008,18205.9064113446
NY.GDP.PCAP.CD,FIN,2025,56148.580949046
NY.GDP.PCAP.CD,FIN,2024,53155.5451165897
NY.GDP.PCAP.CD,FIN,2023,52864.6931581216
NY.GDP.PCAP.CD,FIN,2022,50440.560224974
NY.GDP.PCAP.CD,FIN,2021,53099.1351400148
NY.GDP.PCAP.CD,FIN,2020,48828.6846862799
NY.GDP.PCAP.CD,FIN,2019,48358.1807773701
NY.GDP.PCAP.CD,FIN,2018,49654.2497035329
NY.GDP.PCAP.CD,FIN,2017,46085.0174739036
NY.GDP.PCAP.CD,FIN,2016,43451.2562442158
NY.GDP.PCAP.CD,FIN,2015,42560.3456767103
NY.GDP.PCAP.CD,FIN,2014,50073.7760815871
NY.GDP.PCAP.CD,FIN,2013,49691.0145200739
NY.GDP.PCAP.CD,FIN,2012,47551.6740841369
NY.GDP.PCAP.CD,FIN,2011,51060.3242589767
NY.GDP.PCAP.CD,FIN,2010,46506.2919016566
NY.GDP.PCAP.CD,FIN,2009,47478.3495310999
NY.GDP.PCAP.CD,FIN,2008,53769.4726240385
NY.GDP.PCAP.CD,FRA,2025,48985.7307807924
NY.GDP.PCAP.CD,FRA,2024,46103.0840855884
NY.GDP.PCAP.CD,FRA,2023,44700.1384177544
NY.GDP.PCAP.CD,FRA,2022,40988.6396406579
NY.GDP.PCAP.CD,FRA,2021,43725.0999521245
NY.GDP.PCAP.CD,FRA,2020,39169.8606000707
NY.GDP.PCAP.CD,FRA,2019,40408.2848574751
NY.GDP.PCAP.CD,FRA,2018,41418.1766484844
NY.GDP.PCAP.CD,FRA,2017,38687.1626407164
NY.GDP.PCAP.CD,FRA,2016,37024.2157133669
NY.GDP.PCAP.CD,FRA,2015,36702.4323733379
NY.GDP.PCAP.CD,FRA,2014,43148.0459288416
NY.GDP.PCAP.CD,FRA,2013,42669.1795111893
NY.GDP.PCAP.CD,FRA,2012,40863.5814412333
NY.GDP.PCAP.CD,FRA,2011,43929.7840873812
NY.GDP.PCAP.CD,FRA,2010,40694.8211697025
NY.GDP.PCAP.CD,FRA,2009,41728.0884164132
NY.GDP.PCAP.CD,FRA,2008,45464.8181385158
NY.GDP.PCAP.CD,GEO,2025,9691.53472415196
NY.GDP.PCAP.CD,GEO,2024,8967.67525638987
NY.GDP.PCAP.CD,GEO,2023,8283.66960652261
NY.GDP.PCAP.CD,GEO,2022,6729.84659930283
NY.GDP.PCAP.CD,GEO,2021,5083.60695484577
NY.GDP.PCAP.CD,GEO,2020,4300.85701291207
NY.GDP.PCAP.CD,GEO,2019,4741.2832715876
NY.GDP.PCAP.CD,GEO,2018,4804.0546040444
NY.GDP.PCAP.CD,GEO,2017,4418.75206546679
NY.GDP.PCAP.CD,GEO,2016,4143.40125686315
NY.GDP.PCAP.CD,GEO,2015,4086.6223465965
NY.GDP.PCAP.CD,GEO,2014,4830.33486170249
NY.GDP.PCAP.CD,GEO,2013,4712.00229382665
NY.GDP.PCAP.CD,GEO,2012,4530.69533409431
NY.GDP.PCAP.CD,GEO,2011,4119.66818307193
NY.GDP.PCAP.CD,GEO,2010,3281.72930937343
NY.GDP.PCAP.CD,GEO,2009,2822.68939668797
NY.GDP.PCAP.CD,GEO,2008,3324.7537205015
NY.GDP.PCAP.CD,GRC,2025,26948.0070432791
NY.GDP.PCAP.CD,GRC,2024,24626.1481858973
NY.GDP.PCAP.CD,GRC,2023,23343.7103964562
NY.GDP.PCAP.CD,GRC,2022,20884.6773436263
NY.GDP.PCAP.CD,GRC,2021,20652.89659591
NY.GDP.PCAP.CD,GRC,2020,17886.733165236
NY.GDP.PCAP.CD,GRC,2019,19335.3602002969
NY.GDP.PCAP.CD,GRC,2018,19873.4015238771
NY.GDP.PCAP.CD,GRC,2017,18631.9930129293
NY.GDP.PCAP.CD,GRC,2016,17919.2426377048
NY.GDP.PCAP.CD,GRC,2015,17980.7298238137
NY.GDP.PCAP.CD,GRC,2014,21474.7257123892
NY.GDP.PCAP.CD,GRC,2013,21573.3449762805
NY.GDP.PCAP.CD,GRC,2012,21624.346052551
NY.GDP.PCAP.CD,GRC,2011,25504.7866510124
NY.GDP.PCAP.CD,GRC,2010,26653.0488008626
NY.GDP.PCAP.CD,GRC,2009,29425.4573200263
NY.GDP.PCAP.CD,GRC,2008,31695.8331092209
NY.GDP.PCAP.CD,HRV,2025,27103.9116109268
NY.GDP.PCAP.CD,HRV,2024,24049.9441746337
NY.GDP.PCAP.CD,HRV,2023,22183.4982258492
NY.GDP.PCAP.CD,HRV,2022,18465.531473659
NY.GDP.PCAP.CD,HRV,2021,17788.7601163765
NY.GDP.PCAP.CD,HRV,2020,14807.5559227544
NY.GDP.PCAP.CD,HRV,2019,15563.7354996625
NY.GDP.PCAP.CD,HRV,2018,15460.4560798984
NY.GDP.PCAP.CD,HRV,2017,13901.6498657787
NY.GDP.PCAP.CD,HRV,2016,12820.1872746645
NY.GDP.PCAP.CD,HRV,2015,12283.8750299177
NY.GDP.PCAP.CD,HRV,2014,14186.7712230471
NY.GDP.PCAP.CD,HRV,2013,14135.0903485872
NY.GDP.PCAP.CD,HRV,2012,13507.6349882758
NY.GDP.PCAP.CD,HRV,2011,14691.591757962
NY.GDP.PCAP.CD,HRV,2010,13729.7472872883
NY.GDP.PCAP.CD,HRV,2009,14474.52513863
NY.GDP.PCAP.CD,HRV,2008,15888.1184388903
NY.GDP.PCAP.CD,HUN,2025,25907.4743259406
NY.GDP.PCAP.CD,HUN,2024,23305.4482514359
NY.GDP.PCAP.CD,HUN,2023,22208.6509820466
NY.GDP.PCAP.CD,HUN,2022,18428.028825614
NY.GDP.PCAP.CD,HUN,2021,19030.628130329
NY.GDP.PCAP.CD,HUN,2020,16386.9308821258
NY.GDP.PCAP.CD,HUN,2019,17012.8598553199
NY.GDP.PCAP.CD,HUN,2018,16605.0570511887
NY.GDP.PCAP.CD,HUN,2017,14736.1668157258
NY.GDP.PCAP.CD,HUN,2016,13215.8605277789
NY.GDP.PCAP.CD,HUN,2015,12782.9412577973
NY.GDP.PCAP.CD,HUN,2014,14352.501883174
NY.GDP.PCAP.CD,HUN,2013,13739.4620151401
NY.GDP.PCAP.CD,HUN,2012,12950.1594488143
NY.GDP.PCAP.CD,HUN,2011,14211.460557822
NY.GDP.PCAP.CD,HUN,2010,13189.8433874768
NY.GDP.PCAP.CD,HUN,2009,13051.1831777184
NY.GDP.PCAP.CD,HUN,2008,15762.6322515113
NY.GDP.PCAP.CD,IRL,2025,131592.462547877
NY.GDP.PCAP.CD,IRL,2024,112894.953240805
NY.GDP.PCAP.CD,IRL,2023,106818.917130804
NY.GDP.PCAP.CD,IRL,2022,105190.685952731
NY.GDP.PCAP.CD,IRL,2021,103783.446284479
NY.GDP.PCAP.CD,IRL,2020,86514.0706108754
NY.GDP.PCAP.CD,IRL,2019,81827.6688873996
NY.GDP.PCAP.CD,IRL,2018,80804.1123164826
NY.GDP.PCAP.CD,IRL,2017,72161.4047531385
NY.GDP.PCAP.CD,IRL,2016,64129.5571542383
NY.GDP.PCAP.CD,IRL,2015,64250.1385181257
NY.GDP.PCAP.CD,IRL,2014,57214.5379785709
NY.GDP.PCAP.CD,IRL,2013,52537.6108648692
NY.GDP.PCAP.CD,IRL,2012,49335.8408099555
NY.GDP.PCAP.CD,IRL,2011,52613.8540355689
NY.GDP.PCAP.CD,IRL,2010,48623.9666422487
NY.GDP.PCAP.CD,IRL,2009,52133.0906162544
NY.GDP.PCAP.CD,IRL,2008,61353.1065629523
NY.GDP.PCAP.CD,ITA,2025,43308.6403060733
NY.GDP.PCAP.CD,ITA,2024,40429.6224047352
NY.GDP.PCAP.CD,ITA,2023,39279.699782164
NY.GDP.PCAP.CD,ITA,2022,35653.9042103495
NY.GDP.PCAP.CD,ITA,2021,36852.5425414951
NY.GDP.PCAP.CD,ITA,2020,32091.4866621366
NY.GDP.PCAP.CD,ITA,2019,33812.788724868
NY.GDP.PCAP.CD,ITA,2018,35062.3364176949
NY.GDP.PCAP.CD,ITA,2017,32844.115660604
NY.GDP.PCAP.CD,ITA,2016,31391.5692898108
NY.GDP.PCAP.CD,ITA,2015,30639.8829751432
NY.GDP.PCAP.CD,ITA,2014,36028.3494022349
NY.GDP.PCAP.CD,ITA,2013,35701.6746002376
NY.GDP.PCAP.CD,ITA,2012,34854.3949441965
NY.GDP.PCAP.CD,ITA,2011,38432.3742820019
NY.GDP.PCAP.CD,ITA,2010,35856.8625485539
NY.GDP.PCAP.CD,ITA,2009,37099.6133958219
NY.GDP.PCAP.CD,ITA,2008,40828.5795580937
NY.GDP.PCAP.CD,LTU,2025,32958.6706396386
NY.GDP.PCAP.CD,LTU,2024,29603.7772588256
NY.GDP.PCAP.CD,LTU,2023,27983.3658256887
NY.GDP.PCAP.CD,LTU,2022,24946.5724005188
NY.GDP.PCAP.CD,LTU,2021,23882.8668916753
NY.GDP.PCAP.CD,LTU,2020,20428.6478157394
NY.GDP.PCAP.CD,LTU,2019,19608.7943945553
NY.GDP.PCAP.CD,LTU,2018,19247.2315367967
NY.GDP.PCAP.CD,LTU,2017,16800.1510246099
NY.GDP.PCAP.CD,LTU,2016,14934.2702840428
NY.GDP.PCAP.CD,LTU,2015,14269.8039878287
NY.GDP.PCAP.CD,LTU,2014,16446.1647181663
NY.GDP.PCAP.CD,LTU,2013,15636.5252586048
NY.GDP.PCAP.CD,LTU,2012,14288.1853493139
NY.GDP.PCAP.CD,LTU,2011,14261.8433787325
NY.GDP.PCAP.CD,LTU,2010,11829.122609457
NY.GDP.PCAP.CD,LTU,2009,11854.3711053096
NY.GDP.PCAP.CD,LTU,2008,14955.5345462921
NY.GDP.PCAP.CD,LUX,2025,147252.179121515
NY.GDP.PCAP.CD,LUX,2024,137781.681659123
NY.GDP.PCAP.CD,LUX,2023,133230.619178899
NY.GDP.PCAP.CD,LUX,2022,123719.658915996
NY.GDP.PCAP.CD,LUX,2021,134965.815442152
NY.GDP.PCAP.CD,LUX,2020,116860.02817236
NY.GDP.PCAP.CD,LUX,2019,112696.649059674
NY.GDP.PCAP.CD,LUX,2018,116926.759593905
NY.GDP.PCAP.CD,LUX,2017,110193.213797228
NY.GDP.PCAP.CD,LUX,2016,106899.293549552
NY.GDP.PCAP.CD,LUX,2015,105462.012584423
NY.GDP.PCAP.CD,LUX,2014,123678.706919314
NY.GDP.PCAP.CD,LUX,2013,120000.140729859
NY.GDP.PCAP.CD,LUX,2012,112584.676270958
NY.GDP.PCAP.CD,LUX,2011,119025.057203467
NY.GDP.PCAP.CD,LUX,2010,110885.991378721
NY.GDP.PCAP.CD,LUX,2009,109419.746953106
NY.GDP.PCAP.CD,LUX,2008,120422.137934157
NY.GDP.PCAP.CD,LVA,2025,26311.9730706362
NY.GDP.PCAP.CD,LVA,2024,23578.9663562625
NY.GDP.PCAP.CD,LVA,2023,22710.2637544197
NY.GDP.PCAP.CD,LVA,2022,20221.103686109
NY.GDP.PCAP.CD,LVA,2021,20261.8887788916
NY.GDP.PCAP.CD,LVA,2020,17564.2321549354
NY.GDP.PCAP.CD,LVA,2019,17294.9751600969
NY.GDP.PCAP.CD,LVA,2018,17252.1710428626
NY.GDP.PCAP.CD,LVA,2017,15132.4958333982
NY.GDP.PCAP.CD,LVA,2016,13838.5266823272
NY.GDP.PCAP.CD,LVA,2015,13321.9753140616
NY.GDP.PCAP.CD,LVA,2014,15185.814581236
NY.GDP.PCAP.CD,LVA,2013,14484.4715282132
NY.GDP.PCAP.CD,LVA,2012,13329.3499931271
NY.GDP.PCAP.CD,LVA,2011,12902.574053337
NY.GDP.PCAP.CD,LVA,2010,11188.4191700977
NY.GDP.PCAP.CD,LVA,2009,11996.0322729773
NY.GDP.PCAP.CD,LVA,2008,15677.6080864506
NY.GDP.PCAP.CD,MDA,2025,8621.71721623786
NY.GDP.PCAP.CD,MDA,2024,7578.90216348853
NY.GDP.PCAP.CD,MDA,2023,6799.58594644576
NY.GDP.PCAP.CD,MDA,2022,5744.29618434435
NY.GDP.PCAP.CD,MDA,2021,5274.60582195352
NY.GDP.PCAP.CD,MDA,2020,4375.7788930524
NY.GDP.PCAP.CD,MDA,2019,4405.33418162155
NY.GDP.PCAP.CD,MDA,2018,4156.44981956646
NY.GDP.PCAP.CD,MDA,2017,3453.26727720294
NY.GDP.PCAP.CD,MDA,2016,2847.08794770479
NY.GDP.PCAP.CD,MDA,2015,2749.55137054338
NY.GDP.PCAP.CD,MDA,2014,3289.95758568777
NY.GDP.PCAP.CD,MDA,2013,3321.04397795719
NY.GDP.PCAP.CD,MDA,2012,3044.8084324815
NY.GDP.PCAP.CD,MDA,2011,2941.36224066021
NY.GDP.PCAP.CD,MDA,2010,2436.79935102421
NY.GDP.PCAP.CD,MDA,2009,1898.43975710988
NY.GDP.PCAP.CD,MDA,2008,2110.55305353857
NY.GDP.PCAP.CD,MLT,2025,47906.9000057635
NY.GDP.PCAP.CD,MLT,2024,44023.6341078148
NY.GDP.PCAP.CD,MLT,2023,40932.5238774461
NY.GDP.PCAP.CD,MLT,2022,35658.8318250199
NY.GDP.PCAP.CD,MLT,2021,38078.0064279067
NY.GDP.PCAP.CD,MLT,2020,31823.422001724
NY.GDP.PCAP.CD,MLT,2019,32421.9087471186
NY.GDP.PCAP.CD,MLT,2018,33382.280781103
NY.GDP.PCAP.CD,MLT,2017,30317.2611769875
NY.GDP.PCAP.CD,MLT,2016,26459.0644285369
NY.GDP.PCAP.CD,MLT,2015,25529.6693210673
NY.GDP.PCAP.CD,MLT,2014,27424.5693619702
NY.GDP.PCAP.CD,MLT,2013,25415.5525389054
NY.GDP.PCAP.CD,MLT,2012,22878.3095862582
NY.GDP.PCAP.CD,MLT,2011,23516.972445816
NY.GDP.PCAP.CD,MLT,2010,21946.6073066905
NY.GDP.PCAP.CD,MLT,2009,21261.5428699817
NY.GDP.PCAP.CD,MLT,2008,22405.6426266551
NY.GDP.PCAP.CD,NLD,2025,73683.917132794
NY.GDP.PCAP.CD,NLD,2024,67465.3208126875
NY.GDP.PCAP.CD,NLD,2023,63515.6030780019
NY.GDP.PCAP.CD,NLD,2022,59123.318556487
NY.GDP.PCAP.CD,NLD,2021,60141.9880911492
NY.GDP.PCAP.CD,NLD,2020,53467.9277413737
NY.GDP.PCAP.CD,NLD,2019,53554.9007491475
NY.GDP.PCAP.CD,NLD,2018,53955.0770024266
NY.GDP.PCAP.CD,NLD,2017,49513.6817346384
NY.GDP.PCAP.CD,NLD,2016,46808.5291492503
NY.GDP.PCAP.CD,NLD,2015,45793.8135434697
NY.GDP.PCAP.CD,NLD,2014,53457.2234864322
NY.GDP.PCAP.CD,NLD,2013,52602.2860520766
NY.GDP.PCAP.CD,NLD,2012,50473.9442002689
NY.GDP.PCAP.CD,NLD,2011,54701.7728030611
NY.GDP.PCAP.CD,NLD,2010,51305.7338533973
NY.GDP.PCAP.CD,NLD,2009,53172.0261581418
NY.GDP.PCAP.CD,NLD,2008,58246.7026905874
NY.GDP.PCAP.CD,POL,2025,28419.5777395638
NY.GDP.PCAP.CD,POL,2024,25103.565661423
NY.GDP.PCAP.CD,POL,2023,22145.2660647429
NY.GDP.PCAP.CD,POL,2022,18891.2121169279
NY.GDP.PCAP.CD,POL,2021,18635.5104895754
NY.GDP.PCAP.CD,POL,2020,16150.9304813473
NY.GDP.PCAP.CD,POL,2019,15874.5220531254
NY.GDP.PCAP.CD,POL,2018,15658.210586693
NY.GDP.PCAP.CD,POL,2017,13913.3415190124
NY.GDP.PCAP.CD,POL,2016,12464.0121044827
NY.GDP.PCAP.CD,POL,2015,12637.5220324406
NY.GDP.PCAP.CD,POL,2014,14262.2841914116
NY.GDP.PCAP.CD,POL,2013,13621.9023794031
NY.GDP.PCAP.CD,POL,2012,13087.420943321
NY.GDP.PCAP.CD,POL,2011,13867.6669408192
NY.GDP.PCAP.CD,POL,2010,12567.7317676382
NY.GDP.PCAP.CD,POL,2009,11556.3026866026
NY.GDP.PCAP.CD,POL,2008,14048.5604672654
NY.GDP.PCAP.CD,PRT,2025,32081.8106150292
NY.GDP.PCAP.CD,PRT,2024,29328.3067415343
NY.GDP.PCAP.CD,PRT,2023,27634.6183139773
NY.GDP.PCAP.CD,PRT,2022,24620.5197587181
NY.GDP.PCAP.CD,PRT,2021,24711.4510062111
NY.GDP.PCAP.CD,PRT,2020,22299.4044062173
NY.GDP.PCAP.CD,PRT,2019,23343.3628970034
NY.GDP.PCAP.CD,PRT,2018,23541.1401075289
NY.GDP.PCAP.CD,PRT,2017,21442.3842768879
NY.GDP.PCAP.CD,PRT,2016,19980.2808866516
NY.GDP.PCAP.CD,PRT,2015,19215.7813014347
NY.GDP.PCAP.CD,PRT,2014,22120.6850127107
NY.GDP.PCAP.CD,PRT,2013,21676.4859642714
NY.GDP.PCAP.CD,PRT,2012,20593.4274224109
NY.GDP.PCAP.CD,PRT,2011,23246.5425416481
NY.GDP.PCAP.CD,PRT,2010,22551.935098809
NY.GDP.PCAP.CD,PRT,2009,23151.2154130712
NY.GDP.PCAP.CD,PRT,2008,24949.0413566739
NY.GDP.PCAP.CD,ROU,2025,22537.9532108047
NY.GDP.PCAP.CD,ROU,2024,20080.2096215595
NY.GDP.PCAP.CD,ROU,2023,18244.4186876321
NY.GDP.PCAP.CD,ROU,2022,15503.4691366242
NY.GDP.PCAP.CD,ROU,2021,14908.0412813921
NY.GDP.PCAP.CD,ROU,2020,13009.1525348396
NY.GDP.PCAP.CD,ROU,2019,12909.6104013244
NY.GDP.PCAP.CD,ROU,2018,12416.134317959
NY.GDP.PCAP.CD,ROU,2017,10727.9822007426
NY.GDP.PCAP.CD,ROU,2016,9404.54005870715
NY.GDP.PCAP.CD,ROU,2015,8977.01748158196
NY.GDP.PCAP.CD,ROU,2014,10031.7710755404
NY.GDP.PCAP.CD,ROU,2013,9497.67411615237
NY.GDP.PCAP.CD,ROU,2012,8929.95366231474
NY.GDP.PCAP.CD,ROU,2011,9560.6755277458
NY.GDP.PCAP.CD,ROU,2010,8399.5374234284
NY.GDP.PCAP.CD,ROU,2009,8548.4543409242
NY.GDP.PCAP.CD,ROU,2008,10435.1561230787
NY.GDP.PCAP.CD,SVK,2025,28543.6653439813
NY.GDP.PCAP.CD,SVK,2024,25992.6748502048
NY.GDP.PCAP.CD,SVK,2023,24614.8734642794
NY.GDP.PCAP.CD,SVK,2022,21317.7943982363
NY.GDP.PCAP.CD,SVK,2021,22123.3342114545
NY.GDP.PCAP.CD,SVK,2020,19735.4858280801
NY.GDP.PCAP.CD,SVK,2019,19406.0589683582
NY.GDP.PCAP.CD,SVK,2018,19573.3717031314
NY.GDP.PCAP.CD,SVK,2017,17645.5298716761
NY.GDP.PCAP.CD,SVK,2016,16636.0769133073
NY.GDP.PCAP.CD,SVK,2015,16442.0760860018
NY.GDP.PCAP.CD,SVK,2014,18770.9289896545
NY.GDP.PCAP.CD,SVK,2013,18312.7805149823
NY.GDP.PCAP.CD,SVK,2012,17516.9691054078
NY.GDP.PCAP.CD,SVK,2011,18469.4354316836
NY.GDP.PCAP.CD,SVK,2010,16899.448680529
NY.GDP.PCAP.CD,SVK,2009,16586.7527805228
NY.GDP.PCAP.CD,SVK,2008,17973.8436435514
NY.GDP.PCAP.CD,SVN,2025,37376.2216079138
NY.GDP.PCAP.CD,SVN,2024,34301.0318686594
NY.GDP.PCAP.CD,SVN,2023,32660.4753581346
NY.GDP.PCAP.CD,SVN,2022,28360.3041467268
NY.GDP.PCAP.CD,SVN,2021,29192.8401933019
NY.GDP.PCAP.CD,SVN,2020,25392.0651093612
NY.GDP.PCAP.CD,SVN,2019,25814.1687167572
NY.GDP.PCAP.CD,SVN,2018,25888.0481065655
NY.GDP.PCAP.CD,SVN,2017,23303.077705959
NY.GDP.PCAP.CD,SVN,2016,21447.8377796036
NY.GDP.PCAP.CD,SVN,2015,20697.2748530619
NY.GDP.PCAP.CD,SVN,2014,24013.0682060959
NY.GDP.PCAP.CD,SVN,2013,23236.9655321695
NY.GDP.PCAP.CD,SVN,2012,22442.1417859955
NY.GDP.PCAP.CD,SVN,2011,24940.6284841605
NY.GDP.PCAP.CD,SVN,2010,23329.8417691156
NY.GDP.PCAP.CD,SVN,2009,24501.7897290425
NY.GDP.PCAP.CD,SVN,2008,27461.9764165315
NY.GDP.PCAP.CD,SWE,2025,63133.2126736715
NY.GDP.PCAP.CD,SWE,2024,57222.7100565003
NY.GDP.PCAP.CD,SWE,2023,54950.2834725622
NY.GDP.PCAP.CD,SWE,2022,54836.8907235124
NY.GDP.PCAP.CD,SWE,2021,60647.5416365347
NY.GDP.PCAP.CD,SWE,2020,52568.5726980146
NY.GDP.PCAP.CD,SWE,2019,51648.9892820514
NY.GDP.PCAP.CD,SWE,2018,54018.4554391861
NY.GDP.PCAP.CD,SWE,2017,53210.2233318965
NY.GDP.PCAP.CD,SWE,2016,51703.5088332851
NY.GDP.PCAP.CD,SWE,2015,51188.1652120493
NY.GDP.PCAP.CD,SWE,2014,59583.4584491714
NY.GDP.PCAP.CD,SWE,2013,60843.9888799369
NY.GDP.PCAP.CD,SWE,2012,57749.5615420853
NY.GDP.PCAP.CD,SWE,2011,60379.4814599322
NY.GDP.PCAP.CD,SWE,2010,52542.5759090299
NY.GDP.PCAP.CD,SWE,2009,46707.6425044751
NY.GDP.PCAP.CD,SWE,2008,55817.1759726485
NY.GDP.PCAP.CD,UKR,2025,5865.884765625
NY.GDP.PCAP.CD,UKR,2024,5391.62255859375
NY.GDP.PCAP.CD,UKR,2023,5139.59814453125
NY.GDP.PCAP.CD,UKR,2022,4199.6708984375
NY.GDP.PCAP.CD,UKR,2021,4775.94580078125
NY.GDP.PCAP.CD,UKR,2020,3709.76928710938
NY.GDP.PCAP.CD,UKR,2019,3619.86157226563
NY.GDP.PCAP.CD,UKR,2018,3059.0517578125
NY.GDP.PCAP.CD,UKR,2017,2604.28759765625
NY.GDP.PCAP.CD,UKR,2016,2158.46118164063
NY.GDP.PCAP.CD,UKR,2015,2094.47387695313
NY.GDP.PCAP.CD,UKR,2014,3054.908203125
NY.GDP.PCAP.CD,UKR,2013,4129.89697265625
NY.GDP.PCAP.CD,UKR,2012,3951.34228515625
NY.GDP.PCAP.CD,UKR,2011,3656.69799804688
NY.GDP.PCAP.CD,UKR,2010,3039.63232421875
NY.GDP.PCAP.CD,UKR,2009,2607.08764648438
NY.GDP.PCAP.CD,UKR,2008,4017.806640625
NY.GNP.PCAP.CD,ARM,2025,9020.0
NY.GNP.PCAP.CD,ARM,2024,7810.0
NY.GNP.PCAP.CD,ARM,2023,6850.0
NY.GNP.PCAP.CD,ARM,2022,5690.0
NY.GNP.PCAP.CD,ARM,2021,4580.0
NY.GNP.PCAP.CD,ARM,2020,4230.0
NY.GNP.PCAP.CD,ARM,2019,4650.0
NY.GNP.PCAP.CD,ARM,2018,4220.0
NY.GNP.PCAP.CD,ARM,2017,3900.0
NY.GNP.PCAP.CD,ARM,2016,3690.0
NY.GNP.PCAP.CD,ARM,2015,3910.0
NY.GNP.PCAP.CD,ARM,2014,4000.0
NY.GNP.PCAP.CD,ARM,2013,3940.0
NY.GNP.PCAP.CD,ARM,2012,3700.0
NY.GNP.PCAP.CD,ARM,2011,3360.0
NY.GNP.PCAP.CD,ARM,2010,3280.0
NY.GNP.PCAP.CD,ARM,2009,3140.0
NY.GNP.PCAP.CD,ARM,2008,3390.0
NY.GNP.PCAP.CD,AUT,2025,60360.0
NY.GNP.PCAP.CD,AUT,2024,54760.0
NY.GNP.PCAP.CD,AUT,2023,55890.0
NY.GNP.PCAP.CD,AUT,2022,56310.0
NY.GNP.PCAP.CD,AUT,2021,53440.0
NY.GNP.PCAP.CD,AUT,2020,49000.0
NY.GNP.PCAP.CD,AUT,2019,50900.0
NY.GNP.PCAP.CD,AUT,2018,48710.0
NY.GNP.PCAP.CD,AUT,2017,44800.0
NY.GNP.PCAP.CD,AUT,2016,45980.0
NY.GNP.PCAP.CD,AUT,2015,47190.0
NY.GNP.PCAP.CD,AUT,2014,49960.0
NY.GNP.PCAP.CD,AUT,2013,50260.0
NY.GNP.PCAP.CD,AUT,2012,49760.0
NY.GNP.PCAP.CD,AUT,2011,50380.0
NY.GNP.PCAP.CD,AUT,2010,49460.0
NY.GNP.PCAP.CD,AUT,2009,48900.0
NY.GNP.PCAP.CD,AUT,2008,48890.0
NY.GNP.PCAP.CD,AZE,2025,7360.0
NY.GNP.PCAP.CD,AZE,2024,7340.0
NY.GNP.PCAP.CD,AZE,2023,6680.0
NY.GNP.PCAP.CD,AZE,2022,5670.0
NY.GNP.PCAP.CD,AZE,2021,4910.0
NY.GNP.PCAP.CD,AZE,2020,4480.0
NY.GNP.PCAP.CD,AZE,2019,4510.0
NY.GNP.PCAP.CD,AZE,2018,4080.0
NY.GNP.PCAP.CD,AZE,2017,4110.0
NY.GNP.PCAP.CD,AZE,2016,4790.0
NY.GNP.PCAP.CD,AZE,2015,6610.0
NY.GNP.PCAP.CD,AZE,2014,7740.0
NY.GNP.PCAP.CD,AZE,2013,7450.0
NY.GNP.PCAP.CD,AZE,2012,6440.0
NY.GNP.PCAP.CD,AZE,2011,5490.0
NY.GNP.PCAP.CD,AZE,2010,5400.0
NY.GNP.PCAP.CD,AZE,2009,4820.0
NY.GNP.PCAP.CD,AZE,2008,3900.0
NY.GNP.PCAP.CD,BEL,2025,59500.0
NY.GNP.PCAP.CD,BEL,2024,55290.0
NY.GNP.PCAP.CD,BEL,2023,55520.0
NY.GNP.PCAP.CD,BEL,2022,54330.0
NY.GNP.PCAP.CD,BEL,2021,51140.0
NY.GNP.PCAP.CD,BEL,2020,46330.0
NY.GNP.PCAP.CD,BEL,2019,48070.0
NY.GNP.PCAP.CD,BEL,2018,45980.0
NY.GNP.PCAP.CD,BEL,2017,42310.0
NY.GNP.PCAP.CD,BEL,2016,43240.0
NY.GNP.PCAP.CD,BEL,2015,45520.0
NY.GNP.PCAP.CD,BEL,2014,48050.0
NY.GNP.PCAP.CD,BEL,2013,47950.0
NY.GNP.PCAP.CD,BEL,2012,47170.0
NY.GNP.PCAP.CD,BEL,2011,46720.0
NY.GNP.PCAP.CD,BEL,2010,47110.0
NY.GNP.PCAP.CD,BEL,2009,47120.0
NY.GNP.PCAP.CD,BEL,2008,46570.0
NY.GNP.PCAP.CD,BGR,2025,17780.0
NY.GNP.PCAP.CD,BGR,2024,15370.0
NY.GNP.PCAP.CD,BGR,2023,14240.0
NY.GNP.PCAP.CD,BGR,2022,13100.0
NY.GNP.PCAP.CD,BGR,2021,11720.0
NY.GNP.PCAP.CD,BGR,2020,10090.0
NY.GNP.PCAP.CD,BGR,2019,9920.0
NY.GNP.PCAP.CD,BGR,2018,8860.0
NY.GNP.PCAP.CD,BGR,2017,7730.0
NY.GNP.PCAP.CD,BGR,2016,7490.0
NY.GNP.PCAP.CD,BGR,2015,7530.0
NY.GNP.PCAP.CD,BGR,2014,7780.0
NY.GNP.PCAP.CD,BGR,2013,7580.0
NY.GNP.PCAP.CD,BGR,2012,7400.0
NY.GNP.PCAP.CD,BGR,2011,7210.0
NY.GNP.PCAP.CD,BGR,2010,6960.0
NY.GNP.PCAP.CD,BGR,2009,6680.0
NY.GNP.PCAP.CD,BGR,2008,6080.0
NY.GNP.PCAP.CD,BLR,2025,9160.0
NY.GNP.PCAP.CD,BLR,2024,8380.0
NY.GNP.PCAP.CD,BLR,2023,7850.0
NY.GNP.PCAP.CD,BLR,2022,7210.0
NY.GNP.PCAP.CD,BLR,2021,7040.0
NY.GNP.PCAP.CD,BLR,2020,6410.0
NY.GNP.PCAP.CD,BLR,2019,6370.0
NY.GNP.PCAP.CD,BLR,2018,5730.0
NY.GNP.PCAP.CD,BLR,2017,5320.0
NY.GNP.PCAP.CD,BLR,2016,5640.0
NY.GNP.PCAP.CD,BLR,2015,6740.0
NY.GNP.PCAP.CD,BLR,2014,7620.0
NY.GNP.PCAP.CD,BLR,2013,7030.0
NY.GNP.PCAP.CD,BLR,2012,6630.0
NY.GNP.PCAP.CD,BLR,2011,6350.0
NY.GNP.PCAP.CD,BLR,2010,6150.0
NY.GNP.PCAP.CD,BLR,2009,5660.0
NY.GNP.PCAP.CD,BLR,2008,5470.0
NY.GNP.PCAP.CD,CYP,2025,36110.0
NY.GNP.PCAP.CD,CYP,2024,32870.0
NY.GNP.PCAP.CD,CYP,2023,32380.0
NY.GNP.PCAP.CD,CYP,2022,31900.0
NY.GNP.PCAP.CD,CYP,2021,29560.0
NY.GNP.PCAP.CD,CYP,2020,26780.0
NY.GNP.PCAP.CD,CYP,2019,28380.0
NY.GNP.PCAP.CD,CYP,2018,27120.0
NY.GNP.PCAP.CD,CYP,2017,24600.0
NY.GNP.PCAP.CD,CYP,2016,24400.0
NY.GNP.PCAP.CD,CYP,2015,25650.0
NY.GNP.PCAP.CD,CYP,2014,26350.0
NY.GNP.PCAP.CD,CYP,2013,27820.0
NY.GNP.PCAP.CD,CYP,2012,29760.0
NY.GNP.PCAP.CD,CYP,2011,32680.0
NY.GNP.PCAP.CD,CYP,2010,32210.0
NY.GNP.PCAP.CD,CYP,2009,32860.0
NY.GNP.PCAP.CD,CYP,2008,32010.0
NY.GNP.PCAP.CD,CZE,2025,32960.0
NY.GNP.PCAP.CD,CZE,2024,29570.0
NY.GNP.PCAP.CD,CZE,2023,28540.0
NY.GNP.PCAP.CD,CZE,2022,27210.0
NY.GNP.PCAP.CD,CZE,2021,25500.0
NY.GNP.PCAP.CD,CZE,2020,22190.0
NY.GNP.PCAP.CD,CZE,2019,22440.0
NY.GNP.PCAP.CD,CZE,2018,20700.0
NY.GNP.PCAP.CD,CZE,2017,18350.0
NY.GNP.PCAP.CD,CZE,2016,17660.0
NY.GNP.PCAP.CD,CZE,2015,18340.0
NY.GNP.PCAP.CD,CZE,2014,19080.0
NY.GNP.PCAP.CD,CZE,2013,19600.0
NY.GNP.PCAP.CD,CZE,2012,19650.0
NY.GNP.PCAP.CD,CZE,2011,19600.0
NY.GNP.PCAP.CD,CZE,2010,19420.0
NY.GNP.PCAP.CD,CZE,2009,18790.0
NY.GNP.PCAP.CD,CZE,2008,18480.0
NY.GNP.PCAP.CD,DEU,2025,60200.0
NY.GNP.PCAP.CD,DEU,2024,55090.0
NY.GNP.PCAP.CD,DEU,2023,55420.0
NY.GNP.PCAP.CD,DEU,2022,55200.0
NY.GNP.PCAP.CD,DEU,2021,52850.0
NY.GNP.PCAP.CD,DEU,2020,48540.0
NY.GNP.PCAP.CD,DEU,2019,50350.0
NY.GNP.PCAP.CD,DEU,2018,48770.0
NY.GNP.PCAP.CD,DEU,2017,44730.0
NY.GNP.PCAP.CD,DEU,2016,45340.0
NY.GNP.PCAP.CD,DEU,2015,46590.0
NY.GNP.PCAP.CD,DEU,2014,48610.0
NY.GNP.PCAP.CD,DEU,2013,48160.0
NY.GNP.PCAP.CD,DEU,2012,47480.0
NY.GNP.PCAP.CD,DEU,2011,48200.0
NY.GNP.PCAP.CD,DEU,2010,45530.0
NY.GNP.PCAP.CD,DEU,2009,44470.0
NY.GNP.PCAP.CD,DEU,2008,44360.0
NY.GNP.PCAP.CD,DNK,2025,77190.0
NY.GNP.PCAP.CD,DNK,2024,72540.0
NY.GNP.PCAP.CD,DNK,2023,72080.0
NY.GNP.PCAP.CD,DNK,2022,72040.0
NY.GNP.PCAP.CD,DNK,2021,69810.0
NY.GNP.PCAP.CD,DNK,2020,62710.0
NY.GNP.PCAP.CD,DNK,2019,63020.0
NY.GNP.PCAP.CD,DNK,2018,61090.0
NY.GNP.PCAP.CD,DNK,2017,56600.0
NY.GNP.PCAP.CD,DNK,2016,57830.0
NY.GNP.PCAP.CD,DNK,2015,60350.0
NY.GNP.PCAP.CD,DNK,2014,63650.0
NY.GNP.PCAP.CD,DNK,2013,63400.0
NY.GNP.PCAP.CD,DNK,2012,61570.0
NY.GNP.PCAP.CD,DNK,2011,62050.0
NY.GNP.PCAP.CD,DNK,2010,61290.0
NY.GNP.PCAP.CD,DNK,2009,60300.0
NY.GNP.PCAP.CD,DNK,2008,60620.0
NY.GNP.PCAP.CD,ESP,2025,37120.0
NY.GNP.PCAP.CD,ESP,2024,33550.0
NY.GNP.PCAP.CD,ESP,2023,32980.0
NY.GNP.PCAP.CD,ESP,2022,32690.0
NY.GNP.PCAP.CD,ESP,2021,30380.0
NY.GNP.PCAP.CD,ESP,2020,27410.0
NY.GNP.PCAP.CD,ESP,2019,30560.0
NY.GNP.PCAP.CD,ESP,2018,29530.0
NY.GNP.PCAP.CD,ESP,2017,27290.0
NY.GNP.PCAP.CD,ESP,2016,27760.0
NY.GNP.PCAP.CD,ESP,2015,28700.0
NY.GNP.PCAP.CD,ESP,2014,29350.0
NY.GNP.PCAP.CD,ESP,2013,29400.0
NY.GNP.PCAP.CD,ESP,2012,29710.0
NY.GNP.PCAP.CD,ESP,2011,31170.0
NY.GNP.PCAP.CD,ESP,2010,32060.0
NY.GNP.PCAP.CD,ESP,2009,32630.0
NY.GNP.PCAP.CD,ESP,2008,32270.0
NY.GNP.PCAP.CD,EST,2025,32310.0
NY.GNP.PCAP.CD,EST,2024,28880.0
NY.GNP.PCAP.CD,EST,2023,27650.0
NY.GNP.PCAP.CD,EST,2022,27580.0
NY.GNP.PCAP.CD,EST,2021,26490.0
NY.GNP.PCAP.CD,EST,2020,23580.0
NY.GNP.PCAP.CD,EST,2019,23490.0
NY.GNP.PCAP.CD,EST,2018,21600.0
NY.GNP.PCAP.CD,EST,2017,19140.0
NY.GNP.PCAP.CD,EST,2016,18640.0
NY.GNP.PCAP.CD,EST,2015,18900.0
NY.GNP.PCAP.CD,EST,2014,19210.0
NY.GNP.PCAP.CD,EST,2013,18370.0
NY.GNP.PCAP.CD,EST,2012,16910.0
NY.GNP.PCAP.CD,EST,2011,15900.0
NY.GNP.PCAP.CD,EST,2010,14580.0
NY.GNP.PCAP.CD,EST,2009,14570.0
NY.GNP.PCAP.CD,EST,2008,15190.0
NY.GNP.PCAP.CD,FIN,2025,55250.0
NY.GNP.PCAP.CD,FIN,2024,51710.0
NY.GNP.PCAP.CD,FIN,2023,52870.0
NY.GNP.PCAP.CD,FIN,2022,54120.0
NY.GNP.PCAP.CD,FIN,2021,52810.0
NY.GNP.PCAP.CD,FIN,2020,49630.0
NY.GNP.PCAP.CD,FIN,2019,49590.0
NY.GNP.PCAP.CD,FIN,2018,47900.0
NY.GNP.PCAP.CD,FIN,2017,44520.0
NY.GNP.PCAP.CD,FIN,2016,45160.0
NY.GNP.PCAP.CD,FIN,2015,46860.0
NY.GNP.PCAP.CD,FIN,2014,49210.0
NY.GNP.PCAP.CD,FIN,2013,49390.0
NY.GNP.PCAP.CD,FIN,2012,48820.0
NY.GNP.PCAP.CD,FIN,2011,50200.0
NY.GNP.PCAP.CD,FIN,2010,49750.0
NY.GNP.PCAP.CD,FIN,2009,48950.0
NY.GNP.PCAP.CD,FIN,2008,50160.0
NY.GNP.PCAP.CD,FRA,2025,48630.0
NY.GNP.PCAP.CD,FRA,2024,45160.0
NY.GNP.PCAP.CD,FRA,2023,45770.0
NY.GNP.PCAP.CD,FRA,2022,46010.0
NY.GNP.PCAP.CD,FRA,2021,44300.0
NY.GNP.PCAP.CD,FRA,2020,39690.0
NY.GNP.PCAP.CD,FRA,2019,42720.0
NY.GNP.PCAP.CD,FRA,2018,40960.0
NY.GNP.PCAP.CD,FRA,2017,38120.0
NY.GNP.PCAP.CD,FRA,2016,39020.0
NY.GNP.PCAP.CD,FRA,2015,41130.0
NY.GNP.PCAP.CD,FRA,2014,43470.0
NY.GNP.PCAP.CD,FRA,2013,43950.0
NY.GNP.PCAP.CD,FRA,2012,43500.0
NY.GNP.PCAP.CD,FRA,2011,44610.0
NY.GNP.PCAP.CD,FRA,2010,44040.0
NY.GNP.PCAP.CD,FRA,2009,44090.0
NY.GNP.PCAP.CD,FRA,2008,43580.0
NY.GNP.PCAP.CD,GEO,2025,8990.0
NY.GNP.PCAP.CD,GEO,2024,7870.0
NY.GNP.PCAP.CD,GEO,2023,6710.0
NY.GNP.PCAP.CD,GEO,2022,5690.0
NY.GNP.PCAP.CD,GEO,2021,4760.0
NY.GNP.PCAP.CD,GEO,2020,4330.0
NY.GNP.PCAP.CD,GEO,2019,4780.0
NY.GNP.PCAP.CD,GEO,2018,4580.0
NY.GNP.PCAP.CD,GEO,2017,4130.0
NY.GNP.PCAP.CD,GEO,2016,4180.0
NY.GNP.PCAP.CD,GEO,2015,4500.0
NY.GNP.PCAP.CD,GEO,2014,4850.0
NY.GNP.PCAP.CD,GEO,2013,4680.0
NY.GNP.PCAP.CD,GEO,2012,4250.0
NY.GNP.PCAP.CD,GEO,2011,3580.0
NY.GNP.PCAP.CD,GEO,2010,3220.0
NY.GNP.PCAP.CD,GEO,2009,2950.0
NY.GNP.PCAP.CD,GEO,2008,2820.0
NY.GNP.PCAP.CD,GRC,2025,25360.0
NY.GNP.PCAP.CD,GRC,2024,22730.0
NY.GNP.PCAP.CD,GRC,2023,22300.0
NY.GNP.PCAP.CD,GRC,2022,21980.0
NY.GNP.PCAP.CD,GRC,2021,20350.0
NY.GNP.PCAP.CD,GRC,2020,18030.0
NY.GNP.PCAP.CD,GRC,2019,19770.0
NY.GNP.PCAP.CD,GRC,2018,19060.0
NY.GNP.PCAP.CD,GRC,2017,17890.0
NY.GNP.PCAP.CD,GRC,2016,18500.0
NY.GNP.PCAP.CD,GRC,2015,19920.0
NY.GNP.PCAP.CD,GRC,2014,21670.0
NY.GNP.PCAP.CD,GRC,2013,22030.0
NY.GNP.PCAP.CD,GRC,2012,22750.0
NY.GNP.PCAP.CD,GRC,2011,24470.0
NY.GNP.PCAP.CD,GRC,2010,27320.0
NY.GNP.PCAP.CD,GRC,2009,29030.0
NY.GNP.PCAP.CD,GRC,2008,28330.0
NY.GNP.PCAP.CD,HRV,2025,25360.0
NY.GNP.PCAP.CD,HRV,2024,22230.0
NY.GNP.PCAP.CD,HRV,2023,20800.0
NY.GNP.PCAP.CD,HRV,2022,19370.0
NY.GNP.PCAP.CD,HRV,2021,17390.0
NY.GNP.PCAP.CD,HRV,2020,15060.0
NY.GNP.PCAP.CD,HRV,2019,15770.0
NY.GNP.PCAP.CD,HRV,2018,14670.0
NY.GNP.PCAP.CD,HRV,2017,13350.0
NY.GNP.PCAP.CD,HRV,2016,13090.0
NY.GNP.PCAP.CD,HRV,2015,13570.0
NY.GNP.PCAP.CD,HRV,2014,13820.0
NY.GNP.PCAP.CD,HRV,2013,13940.0
NY.GNP.PCAP.CD,HRV,2012,13540.0
NY.GNP.PCAP.CD,HRV,2011,14020.0
NY.GNP.PCAP.CD,HRV,2010,13900.0
NY.GNP.PCAP.CD,HRV,2009,13970.0
NY.GNP.PCAP.CD,HRV,2008,14030.0
NY.GNP.PCAP.CD,HUN,2025,23850.0
NY.GNP.PCAP.CD,HUN,2024,20800.0
NY.GNP.PCAP.CD,HUN,2023,19820.0
NY.GNP.PCAP.CD,HUN,2022,19200.0
NY.GNP.PCAP.CD,HUN,2021,18070.0
NY.GNP.PCAP.CD,HUN,2020,16330.0
NY.GNP.PCAP.CD,HUN,2019,16840.0
NY.GNP.PCAP.CD,HUN,2018,15180.0
NY.GNP.PCAP.CD,HUN,2017,13310.0
NY.GNP.PCAP.CD,HUN,2016,13230.0
NY.GNP.PCAP.CD,HUN,2015,13310.0
NY.GNP.PCAP.CD,HUN,2014,13630.0
NY.GNP.PCAP.CD,HUN,2013,13560.0
NY.GNP.PCAP.CD,HUN,2012,13080.0
NY.GNP.PCAP.CD,HUN,2011,13260.0
NY.GNP.PCAP.CD,HUN,2010,13250.0
NY.GNP.PCAP.CD,HUN,2009,13400.0
NY.GNP.PCAP.CD,HUN,2008,13250.0
NY.GNP.PCAP.CD,IRL,2025,87360.0
NY.GNP.PCAP.CD,IRL,2024,80650.0
NY.GNP.PCAP.CD,IRL,2023,79280.0
NY.GNP.PCAP.CD,IRL,2022,75970.0
NY.GNP.PCAP.CD,IRL,2021,74070.0
NY.GNP.PCAP.CD,IRL,2020,64420.0
NY.GNP.PCAP.CD,IRL,2019,62460.0
NY.GNP.PCAP.CD,IRL,2018,59110.0
NY.GNP.PCAP.CD,IRL,2017,54410.0
NY.GNP.PCAP.CD,IRL,2016,52880.0
NY.GNP.PCAP.CD,IRL,2015,52340.0
NY.GNP.PCAP.CD,IRL,2014,47580.0
NY.GNP.PCAP.CD,IRL,2013,44170.0
NY.GNP.PCAP.CD,IRL,2012,41070.0
NY.GNP.PCAP.CD,IRL,2011,42670.0
NY.GNP.PCAP.CD,IRL,2010,44970.0
NY.GNP.PCAP.CD,IRL,2009,46810.0
NY.GNP.PCAP.CD,IRL,2008,50940.0
NY.GNP.PCAP.CD,ITA,2025,42080.0
NY.GNP.PCAP.CD,ITA,2024,38640.0
NY.GNP.PCAP.CD,ITA,2023,38750.0
NY.GNP.PCAP.CD,ITA,2022,39060.0
NY.GNP.PCAP.CD,ITA,2021,36760.0
NY.GNP.PCAP.CD,ITA,2020,32600.0
NY.GNP.PCAP.CD,ITA,2019,35030.0
NY.GNP.PCAP.CD,ITA,2018,34270.0
NY.GNP.PCAP.CD,ITA,2017,31790.0
NY.GNP.PCAP.CD,ITA,2016,32400.0
NY.GNP.PCAP.CD,ITA,2015,33460.0
NY.GNP.PCAP.CD,ITA,2014,35370.0
NY.GNP.PCAP.CD,ITA,2013,35700.0
NY.GNP.PCAP.CD,ITA,2012,35970.0
NY.GNP.PCAP.CD,ITA,2011,37710.0
NY.GNP.PCAP.CD,ITA,2010,37720.0
NY.GNP.PCAP.CD,ITA,2009,37830.0
NY.GNP.PCAP.CD,ITA,2008,37870.0
NY.GNP.PCAP.CD,LTU,2025,30500.0
NY.GNP.PCAP.CD,LTU,2024,27110.0
NY.GNP.PCAP.CD,LTU,2023,25360.0
NY.GNP.PCAP.CD,LTU,2022,23840.0
NY.GNP.PCAP.CD,LTU,2021,22040.0
NY.GNP.PCAP.CD,LTU,2020,19800.0
NY.GNP.PCAP.CD,LTU,2019,19200.0
NY.GNP.PCAP.CD,LTU,2018,17550.0
NY.GNP.PCAP.CD,LTU,2017,15260.0
NY.GNP.PCAP.CD,LTU,2016,14890.0
NY.GNP.PCAP.CD,LTU,2015,15220.0
NY.GNP.PCAP.CD,LTU,2014,16020.0
NY.GNP.PCAP.CD,LTU,2013,15310.0
NY.GNP.PCAP.CD,LTU,2012,14040.0
NY.GNP.PCAP.CD,LTU,2011,13200.0
NY.GNP.PCAP.CD,LTU,2010,12430.0
NY.GNP.PCAP.CD,LTU,2009,12480.0
NY.GNP.PCAP.CD,LTU,2008,12670.0
NY.GNP.PCAP.CD,LUX,2025,95720.0
NY.GNP.PCAP.CD,LUX,2024,84650.0
NY.GNP.PCAP.CD,LUX,2023,88480.0
NY.GNP.PCAP.CD,LUX,2022,84190.0
NY.GNP.PCAP.CD,LUX,2021,86850.0
NY.GNP.PCAP.CD,LUX,2020,80090.0
NY.GNP.PCAP.CD,LUX,2019,79280.0
NY.GNP.PCAP.CD,LUX,2018,80120.0
NY.GNP.PCAP.CD,LUX,2017,75800.0
NY.GNP.PCAP.CD,LUX,2016,73730.0
NY.GNP.PCAP.CD,LUX,2015,73530.0
NY.GNP.PCAP.CD,LUX,2014,86760.0
NY.GNP.PCAP.CD,LUX,2013,85160.0
NY.GNP.PCAP.CD,LUX,2012,87950.0
NY.GNP.PCAP.CD,LUX,2011,79210.0
NY.GNP.PCAP.CD,LUX,2010,77640.0
NY.GNP.PCAP.CD,LUX,2009,70650.0
NY.GNP.PCAP.CD,LUX,2008,86000.0
NY.GNP.PCAP.CD,LVA,2025,24980.0
NY.GNP.PCAP.CD,LVA,2024,21520.0
NY.GNP.PCAP.CD,LVA,2023,21000.0
NY.GNP.PCAP.CD,LVA,2022,20630.0
NY.GNP.PCAP.CD,LVA,2021,19310.0
NY.GNP.PCAP.CD,LVA,2020,17350.0
NY.GNP.PCAP.CD,LVA,2019,17010.0
NY.GNP.PCAP.CD,LVA,2018,16010.0
NY.GNP.PCAP.CD,LVA,2017,14360.0
NY.GNP.PCAP.CD,LVA,2016,14300.0
NY.GNP.PCAP.CD,LVA,2015,14580.0
NY.GNP.PCAP.CD,LVA,2014,14810.0
NY.GNP.PCAP.CD,LVA,2013,14340.0
NY.GNP.PCAP.CD,LVA,2012,13430.0
NY.GNP.PCAP.CD,LVA,2011,12470.0
NY.GNP.PCAP.CD,LVA,2010,12250.0
NY.GNP.PCAP.CD,LVA,2009,13360.0
NY.GNP.PCAP.CD,LVA,2008,12830.0
NY.GNP.PCAP.CD,MDA,2025,8050.0
NY.GNP.PCAP.CD,MDA,2024,6890.0
NY.GNP.PCAP.CD,MDA,2023,6250.0
NY.GNP.PCAP.CD,MDA,2022,5540.0
NY.GNP.PCAP.CD,MDA,2021,5270.0
NY.GNP.PCAP.CD,MDA,2020,4360.0
NY.GNP.PCAP.CD,MDA,2019,4490.0
NY.GNP.PCAP.CD,MDA,2018,3850.0
NY.GNP.PCAP.CD,MDA,2017,3300.0
NY.GNP.PCAP.CD,MDA,2016,3170.0
NY.GNP.PCAP.CD,MDA,2015,3290.0
NY.GNP.PCAP.CD,MDA,2014,3730.0
NY.GNP.PCAP.CD,MDA,2013,3620.0
NY.GNP.PCAP.CD,MDA,2012,3140.0
NY.GNP.PCAP.CD,MDA,2011,2730.0
NY.GNP.PCAP.CD,MDA,2010,2380.0
NY.GNP.PCAP.CD,MDA,2009,1950.0
NY.GNP.PCAP.CD,MDA,2008,1870.0
NY.GNP.PCAP.CD,MLT,2025,41440.0
NY.GNP.PCAP.CD,MLT,2024,36540.0
NY.GNP.PCAP.CD,MLT,2023,35720.0
NY.GNP.PCAP.CD,MLT,2022,34840.0
NY.GNP.PCAP.CD,MLT,2021,32440.0
NY.GNP.PCAP.CD,MLT,2020,26910.0
NY.GNP.PCAP.CD,MLT,2019,29830.0
NY.GNP.PCAP.CD,MLT,2018,29030.0
NY.GNP.PCAP.CD,MLT,2017,26690.0
NY.GNP.PCAP.CD,MLT,2016,23820.0
NY.GNP.PCAP.CD,MLT,2015,25470.0
NY.GNP.PCAP.CD,MLT,2014,24590.0
NY.GNP.PCAP.CD,MLT,2013,23330.0
NY.GNP.PCAP.CD,MLT,2012,22450.0
NY.GNP.PCAP.CD,MLT,2011,22060.0
NY.GNP.PCAP.CD,MLT,2010,21440.0
NY.GNP.PCAP.CD,MLT,2009,20110.0
NY.GNP.PCAP.CD,MLT,2008,20320.0
NY.GNP.PCAP.CD,NLD,2025,68530.0
NY.GNP.PCAP.CD,NLD,2024,62500.0
NY.GNP.PCAP.CD,NLD,2023,62550.0
NY.GNP.PCAP.CD,NLD,2022,62110.0
NY.GNP.PCAP.CD,NLD,2021,59560.0
NY.GNP.PCAP.CD,NLD,2020,51490.0
NY.GNP.PCAP.CD,NLD,2019,52940.0
NY.GNP.PCAP.CD,NLD,2018,51290.0
NY.GNP.PCAP.CD,NLD,2017,46710.0
NY.GNP.PCAP.CD,NLD,2016,46960.0
NY.GNP.PCAP.CD,NLD,2015,49670.0
NY.GNP.PCAP.CD,NLD,2014,52220.0
NY.GNP.PCAP.CD,NLD,2013,52460.0
NY.GNP.PCAP.CD,NLD,2012,52070.0
NY.GNP.PCAP.CD,NLD,2011,54270.0
NY.GNP.PCAP.CD,NLD,2010,54000.0
NY.GNP.PCAP.CD,NLD,2009,52780.0
NY.GNP.PCAP.CD,NLD,2008,51930.0
NY.GNP.PCAP.CD,POL,2025,25520.0
NY.GNP.PCAP.CD,POL,2024,21590.0
NY.GNP.PCAP.CD,POL,2023,19890.0
NY.GNP.PCAP.CD,POL,2022,19110.0
NY.GNP.PCAP.CD,POL,2021,17470.0
NY.GNP.PCAP.CD,POL,2020,15640.0
NY.GNP.PCAP.CD,POL,2019,15510.0
NY.GNP.PCAP.CD,POL,2018,14310.0
NY.GNP.PCAP.CD,POL,2017,12780.0
NY.GNP.PCAP.CD,POL,2016,12740.0
NY.GNP.PCAP.CD,POL,2015,13320.0
NY.GNP.PCAP.CD,POL,2014,13540.0
NY.GNP.PCAP.CD,POL,2013,13290.0
NY.GNP.PCAP.CD,POL,2012,13170.0
NY.GNP.PCAP.CD,POL,2011,12900.0
NY.GNP.PCAP.CD,POL,2010,12730.0
NY.GNP.PCAP.CD,POL,2009,12520.0
NY.GNP.PCAP.CD,POL,2008,11980.0
NY.GNP.PCAP.CD,PRT,2025,29930.0
NY.GNP.PCAP.CD,PRT,2024,26940.0
NY.GNP.PCAP.CD,PRT,2023,26340.0
NY.GNP.PCAP.CD,PRT,2022,25880.0
NY.GNP.PCAP.CD,PRT,2021,23980.0
NY.GNP.PCAP.CD,PRT,2020,21910.0
NY.GNP.PCAP.CD,PRT,2019,23250.0
NY.GNP.PCAP.CD,PRT,2018,22040.0
NY.GNP.PCAP.CD,PRT,2017,20030.0
NY.GNP.PCAP.CD,PRT,2016,19950.0
NY.GNP.PCAP.CD,PRT,2015,20450.0
NY.GNP.PCAP.CD,PRT,2014,21210.0
NY.GNP.PCAP.CD,PRT,2013,21380.0
NY.GNP.PCAP.CD,PRT,2012,21220.0
NY.GNP.PCAP.CD,PRT,2011,22750.0
NY.GNP.PCAP.CD,PRT,2010,23030.0
NY.GNP.PCAP.CD,PRT,2009,22970.0
NY.GNP.PCAP.CD,PRT,2008,22630.0
NY.GNP.PCAP.CD,ROU,2025,20190.0
NY.GNP.PCAP.CD,ROU,2024,17600.0
NY.GNP.PCAP.CD,ROU,2023,16590.0
NY.GNP.PCAP.CD,ROU,2022,15390.0
NY.GNP.PCAP.CD,ROU,2021,14180.0
NY.GNP.PCAP.CD,ROU,2020,12720.0
NY.GNP.PCAP.CD,ROU,2019,12660.0
NY.GNP.PCAP.CD,ROU,2018,11490.0
NY.GNP.PCAP.CD,ROU,2017,10030.0
NY.GNP.PCAP.CD,ROU,2016,9460.0
NY.GNP.PCAP.CD,ROU,2015,9610.0
NY.GNP.PCAP.CD,ROU,2014,9760.0
NY.GNP.PCAP.CD,ROU,2013,9390.0
NY.GNP.PCAP.CD,ROU,2012,9260.0
NY.GNP.PCAP.CD,ROU,2011,9080.0
NY.GNP.PCAP.CD,ROU,2010,8770.0
NY.GNP.PCAP.CD,ROU,2009,9220.0
NY.GNP.PCAP.CD,ROU,2008,8800.0
NY.GNP.PCAP.CD,SVK,2025,26410.0
NY.GNP.PCAP.CD,SVK,2024,23560.0
NY.GNP.PCAP.CD,SVK,2023,22710.0
NY.GNP.PCAP.CD,SVK,2022,21890.0
NY.GNP.PCAP.CD,SVK,2021,21010.0
NY.GNP.PCAP.CD,SVK,2020,19420.0
NY.GNP.PCAP.CD,SVK,2019,19230.0
NY.GNP.PCAP.CD,SVK,2018,18460.0
NY.GNP.PCAP.CD,SVK,2017,16710.0
NY.GNP.PCAP.CD,SVK,2016,16900.0
NY.GNP.PCAP.CD,SVK,2015,17800.0
NY.GNP.PCAP.CD,SVK,2014,18380.0
NY.GNP.PCAP.CD,SVK,2013,18280.0
NY.GNP.PCAP.CD,SVK,2012,17830.0
NY.GNP.PCAP.CD,SVK,2011,17560.0
NY.GNP.PCAP.CD,SVK,2010,17370.0
NY.GNP.PCAP.CD,SVK,2009,16220.0
NY.GNP.PCAP.CD,SVK,2008,15130.0
NY.GNP.PCAP.CD,SVN,2025,35520.0
NY.GNP.PCAP.CD,SVN,2024,31790.0
NY.GNP.PCAP.CD,SVN,2023,31020.0
NY.GNP.PCAP.CD,SVN,2022,29590.0
NY.GNP.PCAP.CD,SVN,2021,28320.0
NY.GNP.PCAP.CD,SVN,2020,25380.0
NY.GNP.PCAP.CD,SVN,2019,25900.0
NY.GNP.PCAP.CD,SVN,2018,24510.0
NY.GNP.PCAP.CD,SVN,2017,22040.0
NY.GNP.PCAP.CD,SVN,2016,21610.0
NY.GNP.PCAP.CD,SVN,2015,22080.0
NY.GNP.PCAP.CD,SVN,2014,23400.0
NY.GNP.PCAP.CD,SVN,2013,23040.0
NY.GNP.PCAP.CD,SVN,2012,23010.0
NY.GNP.PCAP.CD,SVN,2011,24340.0
NY.GNP.PCAP.CD,SVN,2010,24370.0
NY.GNP.PCAP.CD,SVN,2009,24260.0
NY.GNP.PCAP.CD,SVN,2008,24530.0
NY.GNP.PCAP.CD,SWE,2025,63010.0
NY.GNP.PCAP.CD,SWE,2024,58510.0
NY.GNP.PCAP.CD,SWE,2023,60540.0
NY.GNP.PCAP.CD,SWE,2022,61930.0
NY.GNP.PCAP.CD,SWE,2021,59840.0
NY.GNP.PCAP.CD,SWE,2020,54590.0
NY.GNP.PCAP.CD,SWE,2019,56100.0
NY.GNP.PCAP.CD,SWE,2018,54930.0
NY.GNP.PCAP.CD,SWE,2017,52240.0
NY.GNP.PCAP.CD,SWE,2016,53850.0
NY.GNP.PCAP.CD,SWE,2015,57900.0
NY.GNP.PCAP.CD,SWE,2014,61350.0
NY.GNP.PCAP.CD,SWE,2013,61530.0
NY.GNP.PCAP.CD,SWE,2012,58840.0
NY.GNP.PCAP.CD,SWE,2011,56450.0
NY.GNP.PCAP.CD,SWE,2010,54380.0
NY.GNP.PCAP.CD,SWE,2009,52390.0
NY.GNP.PCAP.CD,SWE,2008,55370.0
NY.GNP.PCAP.CD,UKR,2025,5510.0
NY.GNP.PCAP.CD,UKR,2024,5230.0
NY.GNP.PCAP.CD,UKR,2023,4980.0
NY.GNP.PCAP.CD,UKR,2022,3930.0
NY.GNP.PCAP.CD,UKR,2021,4060.0
NY.GNP.PCAP.CD,UKR,2020,3530.0
NY.GNP.PCAP.CD,UKR,2019,3270.0
NY.GNP.PCAP.CD,UKR,2018,2720.0
NY.GNP.PCAP.CD,UKR,2017,2330.0
NY.GNP.PCAP.CD,UKR,2016,2330.0
NY.GNP.PCAP.CD,UKR,2015,2760.0
NY.GNP.PCAP.CD,UKR,2014,3500.0
NY.GNP.PCAP.CD,UKR,2013,3900.0
NY.GNP.PCAP.CD,UKR,2012,3600.0
NY.GNP.PCAP.CD,UKR,2011,3100.0
NY.GNP.PCAP.CD,UKR,2010,2990.0
NY.GNP.PCAP.CD,UKR,2009,2810.0
NY.GNP.PCAP.CD,UKR,2008,3170.0
SP.POP.TOTL,ARM,2025,3086700.0
SP.POP.TOTL,ARM,2024,3033500.0
SP.POP.TOTL,ARM,2023,2964300.0
SP.POP.TOTL,ARM,2022,2969200.0
SP.POP.TOTL,ARM,2021,2962300.0
SP.POP.TOTL,ARM,2020,2961500.0
SP.POP.TOTL,ARM,2019,2962500.0
SP.POP.TOTL,ARM,2018,2969000.0
SP.POP.TOTL,ARM,2017,2979400.0
SP.POP.TOTL,ARM,2016,2992300.0
SP.POP.TOTL,ARM,2015,3004600.0
SP.POP.TOTL,ARM,2014,3013800.0
SP.POP.TOTL,ARM,2013,3022000.0
SP.POP.TOTL,ARM,2012,3024100.0
SP.POP.TOTL,ARM,2011,3027900.0
SP.POP.TOTL,ARM,2010,3044800.0
SP.POP.TOTL,ARM,2009,3066000.0
SP.POP.TOTL,ARM,2008,3087100.0
SP.POP.TOTL,AUT,2025,9208163.0
SP.POP.TOTL,AUT,2024,9177982.0
SP.POP.TOTL,AUT,2023,9131761.0
SP.POP.TOTL,AUT,2022,9041851.0
SP.POP.TOTL,AUT,2021,8955797.0
SP.POP.TOTL,AUT,2020,8916864.0
SP.POP.TOTL,AUT,2019,8879920.0
SP.POP.TOTL,AUT,2018,8840521.0
SP.POP.TOTL,AUT,2017,8797566.0
SP.POP.TOTL,AUT,2016,8736668.0
SP.POP.TOTL,AUT,2015,8642699.0
SP.POP.TOTL,AUT,2014,8546356.0
SP.POP.TOTL,AUT,2013,8479823.0
SP.POP.TOTL,AUT,2012,8429991.0
SP.POP.TOTL,AUT,2011,8391643.0
SP.POP.TOTL,AUT,2010,8363404.0
SP.POP.TOTL,AUT,2009,8343323.0
SP.POP.TOTL,AUT,2008,8321496.0
SP.POP.TOTL,AZE,2025,10246996.0
SP.POP.TOTL,AZE,2024,10202830.0
SP.POP.TOTL,AZE,2023,10153958.0
SP.POP.TOTL,AZE,2022,10141756.0
SP.POP.TOTL,AZE,2021,10137750.0
SP.POP.TOTL,AZE,2020,10093121.0
SP.POP.TOTL,AZE,2019,10024283.0
SP.POP.TOTL,AZE,2018,9939771.0
SP.POP.TOTL,AZE,2017,9854033.0
SP.POP.TOTL,AZE,2016,9757812.0
SP.POP.TOTL,AZE,2015,9649341.0
SP.POP.TOTL,AZE,2014,9535079.0
SP.POP.TOTL,AZE,2013,9416801.0
SP.POP.TOTL,AZE,2012,9295784.0
SP.POP.TOTL,AZE,2011,9173082.0
SP.POP.TOTL,AZE,2010,9054332.0
SP.POP.TOTL,AZE,2009,8947243.0
SP.POP.TOTL,AZE,2008,8763400.0
SP.POP.TOTL,BEL,2025,11941781.0
SP.POP.TOTL,BEL,2024,11858610.0
SP.POP.TOTL,BEL,2023,11779946.0
SP.POP.TOTL,BEL,2022,11680210.0
SP.POP.TOTL,BEL,2021,11586195.0
SP.POP.TOTL,BEL,2020,11538604.0
SP.POP.TOTL,BEL,2019,11488980.0
SP.POP.TOTL,BEL,2018,11427054.0
SP.POP.TOTL,BEL,2017,11375158.0
SP.POP.TOTL,BEL,2016,11331422.0
SP.POP.TOTL,BEL,2015,11274196.0
SP.POP.TOTL,BEL,2014,11209057.0
SP.POP.TOTL,BEL,2013,11159407.0
SP.POP.TOTL,BEL,2012,11106932.0
SP.POP.TOTL,BEL,2011,11038264.0
SP.POP.TOTL,BEL,2010,10895586.0
SP.POP.TOTL,BEL,2009,10796493.0
SP.POP.TOTL,BEL,2008,10709973.0
SP.POP.TOTL,BGR,2025,6433302.0
SP.POP.TOTL,BGR,2024,6441421.0
SP.POP.TOTL,BGR,2023,6446596.0
SP.POP.TOTL,BGR,2022,6465097.0
SP.POP.TOTL,BGR,2021,6507301.0
SP.POP.TOTL,BGR,2020,6550696.0
SP.POP.TOTL,BGR,2019,6616726.0
SP.POP.TOTL,BGR,2018,6710798.0
SP.POP.TOTL,BGR,2017,6803468.0
SP.POP.TOTL,BGR,2016,6894139.0
SP.POP.TOTL,BGR,2015,6984225.0
SP.POP.TOTL,BGR,2014,7073572.0
SP.POP.TOTL,BGR,2013,7160005.0
SP.POP.TOTL,BGR,2012,7305888.0
SP.POP.TOTL,BGR,2011,7348328.0
SP.POP.TOTL,BGR,2010,7395599.0
SP.POP.TOTL,BGR,2009,7444443.0
SP.POP.TOTL,BGR,2008,7492561.0
SP.POP.TOTL,BLR,2025,9085991.0
SP.POP.TOTL,BLR,2024,9132629.0
SP.POP.TOTL,BLR,2023,9178298.0
SP.POP.TOTL,BLR,2022,9228071.0
SP.POP.TOTL,BLR,2021,9302585.0
SP.POP.TOTL,BLR,2020,9379952.0
SP.POP.TOTL,BLR,2019,9419758.0
SP.POP.TOTL,BLR,2018,9438785.0
SP.POP.TOTL,BLR,2017,9458989.0
SP.POP.TOTL,BLR,2016,9469379.0
SP.POP.TOTL,BLR,2015,9461076.0
SP.POP.TOTL,BLR,2014,9448515.0
SP.POP.TOTL,BLR,2013,9443211.0
SP.POP.TOTL,BLR,2012,9446836.0
SP.POP.TOTL,BLR,2011,9461643.0
SP.POP.TOTL,BLR,2010,9483836.0
SP.POP.TOTL,BLR,2009,9504583.0
SP.POP.TOTL,BLR,2008,9527985.0
SP.POP.TOTL,CYP,2025,1370754.0
SP.POP.TOTL,CYP,2024,1358282.0
SP.POP.TOTL,CYP,2023,1344976.0
SP.POP.TOTL,CYP,2022,1331370.0
SP.POP.TOTL,CYP,2021,1317309.0
SP.POP.TOTL,CYP,2020,1302247.0
SP.POP.TOTL,CYP,2019,1286671.0
SP.POP.TOTL,CYP,2018,1270737.0
SP.POP.TOTL,CYP,2017,1254275.0
SP.POP.TOTL,CYP,2016,1237112.0
SP.POP.TOTL,CYP,2015,1219502.0
SP.POP.TOTL,CYP,2014,1201801.0
SP.POP.TOTL,CYP,2013,1183895.0
SP.POP.TOTL,CYP,2012,1165397.0
SP.POP.TOTL,CYP,2011,1146493.0
SP.POP.TOTL,CYP,2010,1127816.0
SP.POP.TOTL,CYP,2009,1109371.0
SP.POP.TOTL,CYP,2008,1091026.0
SP.POP.TOTL,CZE,2025,10886878.0
SP.POP.TOTL,CZE,2024,10905028.0
SP.POP.TOTL,CZE,2023,10864042.0
SP.POP.TOTL,CZE,2022,10672118.0
SP.POP.TOTL,CZE,2021,10505772.0
SP.POP.TOTL,CZE,2020,10697858.0
SP.POP.TOTL,CZE,2019,10671870.0
SP.POP.TOTL,CZE,2018,10629928.0
SP.POP.TOTL,CZE,2017,10594438.0
SP.POP.TOTL,CZE,2016,10566332.0
SP.POP.TOTL,CZE,2015,10546059.0
SP.POP.TOTL,CZE,2014,10525347.0
SP.POP.TOTL,CZE,2013,10514272.0
SP.POP.TOTL,CZE,2012,10510785.0
SP.POP.TOTL,CZE,2011,10496088.0
SP.POP.TOTL,CZE,2010,10474410.0
SP.POP.TOTL,CZE,2009,10443936.0
SP.POP.TOTL,CZE,2008,10384603.0
SP.POP.TOTL,DEU,2025,83491249.0
SP.POP.TOTL,DEU,2024,83516593.0
SP.POP.TOTL,DEU,2023,83287273.0
SP.POP.TOTL,DEU,2022,83177813.0
SP.POP.TOTL,DEU,2021,83196078.0
SP.POP.TOTL,DEU,2020,83160871.0
SP.POP.TOTL,DEU,2019,83092962.0
SP.POP.TOTL,DEU,2018,82905782.0
SP.POP.TOTL,DEU,2017,82657002.0
SP.POP.TOTL,DEU,2016,82348669.0
SP.POP.TOTL,DEU,2015,81686611.0
SP.POP.TOTL,DEU,2014,80982500.0
SP.POP.TOTL,DEU,2013,80645605.0
SP.POP.TOTL,DEU,2012,80425823.0
SP.POP.TOTL,DEU,2011,80274983.0
SP.POP.TOTL,DEU,2010,81776930.0
SP.POP.TOTL,DEU,2009,81902307.0
SP.POP.TOTL,DEU,2008,82110097.0
SP.POP.TOTL,DNK,2025,6009169.0
SP.POP.TOTL,DNK,2024,5976992.0
SP.POP.TOTL,DNK,2023,5946952.0
SP.POP.TOTL,DNK,2022,5903037.0
SP.POP.TOTL,DNK,2021,5856733.0
SP.POP.TOTL,DNK,2020,5831404.0
SP.POP.TOTL,DNK,2019,5814422.0
SP.POP.TOTL,DNK,2018,5793636.0
SP.POP.TOTL,DNK,2017,5764980.0
SP.POP.TOTL,DNK,2016,5728010.0
SP.POP.TOTL,DNK,2015,5683483.0
SP.POP.TOTL,DNK,2014,5643475.0
SP.POP.TOTL,DNK,2013,5614932.0
SP.POP.TOTL,DNK,2012,5591572.0
SP.POP.TOTL,DNK,2011,5570572.0
SP.POP.TOTL,DNK,2010,5547683.0
SP.POP.TOTL,DNK,2009,5523095.0
SP.POP.TOTL,DNK,2008,5493621.0
SP.POP.TOTL,ESP,2025,49355143.0
SP.POP.TOTL,ESP,2024,48848840.0
SP.POP.TOTL,ESP,2023,48352528.0
SP.POP.TOTL,ESP,2022,47786102.0
SP.POP.TOTL,ESP,2021,47443821.0
SP.POP.TOTL,ESP,2020,47359424.0
SP.POP.TOTL,ESP,2019,47118501.0
SP.POP.TOTL,ESP,2018,46782011.0
SP.POP.TOTL,ESP,2017,46571232.0
SP.POP.TOTL,ESP,2016,46458139.0
SP.POP.TOTL,ESP,2015,46422303.0
SP.POP.TOTL,ESP,2014,46460733.0
SP.POP.TOTL,ESP,2013,46604197.0
SP.POP.TOTL,ESP,2012,46773055.0
SP.POP.TOTL,ESP,2011,46742697.0
SP.POP.TOTL,ESP,2010,46576897.0
SP.POP.TOTL,ESP,2009,46362946.0
SP.POP.TOTL,ESP,2008,45954106.0
SP.POP.TOTL,EST,2025,1366475.0
SP.POP.TOTL,EST,2024,1372341.0
SP.POP.TOTL,EST,2023,1370286.0
SP.POP.TOTL,EST,2022,1348840.0
SP.POP.TOTL,EST,2021,1330932.0
SP.POP.TOTL,EST,2020,1329522.0
SP.POP.TOTL,EST,2019,1326898.0
SP.POP.TOTL,EST,2018,1321977.0
SP.POP.TOTL,EST,2017,1317384.0
SP.POP.TOTL,EST,2016,1315790.0
SP.POP.TOTL,EST,2015,1315407.0
SP.POP.TOTL,EST,2014,1314545.0
SP.POP.TOTL,EST,2013,1317997.0
SP.POP.TOTL,EST,2012,1322696.0
SP.POP.TOTL,EST,2011,1327439.0
SP.POP.TOTL,EST,2010,1331475.0
SP.POP.TOTL,EST,2009,1334515.0
SP.POP.TOTL,EST,2008,1337090.0
SP.POP.TOTL,FIN,2025,5646436.0
SP.POP.TOTL,FIN,2024,5619911.0
SP.POP.TOTL,FIN,2023,5583911.0
SP.POP.TOTL,FIN,2022,5556106.0
SP.POP.TOTL,FIN,2021,5541017.0
SP.POP.TOTL,FIN,2020,5529543.0
SP.POP.TOTL,FIN,2019,5521606.0
SP.POP.TOTL,FIN,2018,5515525.0
SP.POP.TOTL,FIN,2017,5508214.0
SP.POP.TOTL,FIN,2016,5495303.0
SP.POP.TOTL,FIN,2015,5479531.0
SP.POP.TOTL,FIN,2014,5461512.0
SP.POP.TOTL,FIN,2013,5438972.0
SP.POP.TOTL,FIN,2012,5413971.0
SP.POP.TOTL,FIN,2011,5388272.0
SP.POP.TOTL,FIN,2010,5363352.0
SP.POP.TOTL,FIN,2009,5338871.0
SP.POP.TOTL,FIN,2008,5313399.0
SP.POP.TOTL,FRA,2025,68720337.0
SP.POP.TOTL,FRA,2024,68551653.0
SP.POP.TOTL,FRA,2023,68372286.0
SP.POP.TOTL,FRA,2022,68184457.0
SP.POP.TOTL,FRA,2021,67842811.0
SP.POP.TOTL,FRA,2020,67601110.0
SP.POP.TOTL,FRA,2019,67382061.0
SP.POP.TOTL,FRA,2018,67158348.0
SP.POP.TOTL,FRA,2017,66918020.0
SP.POP.TOTL,FRA,2016,66724104.0
SP.POP.TOTL,FRA,2015,66548272.0
SP.POP.TOTL,FRA,2014,66312067.0
SP.POP.TOTL,FRA,2013,65997932.0
SP.POP.TOTL,FRA,2012,65657659.0
SP.POP.TOTL,FRA,2011,65340830.0
SP.POP.TOTL,FRA,2010,65026211.0
SP.POP.TOTL,FRA,2009,64706436.0
SP.POP.TOTL,FRA,2008,64375116.0
SP.POP.TOTL,GEO,2025,3935766.0
SP.POP.TOTL,GEO,2024,3812518.0
SP.POP.TOTL,GEO,2023,3715483.0
SP.POP.TOTL,GEO,2022,3712502.0
SP.POP.TOTL,GEO,2021,3708610.0
SP.POP.TOTL,GEO,2020,3722716.0
SP.POP.TOTL,GEO,2019,3720161.0
SP.POP.TOTL,GEO,2018,3726549.0
SP.POP.TOTL,GEO,2017,3728004.0
SP.POP.TOTL,GEO,2016,3727505.0
SP.POP.TOTL,GEO,2015,3725276.0
SP.POP.TOTL,GEO,2014,3719414.0
SP.POP.TOTL,GEO,2013,3717668.0
SP.POP.TOTL,GEO,2012,3728874.0
SP.POP.TOTL,GEO,2011,3756441.0
SP.POP.TOTL,GEO,2010,3786695.0
SP.POP.TOTL,GEO,2009,3814419.0
SP.POP.TOTL,GEO,2008,3848449.0
SP.POP.TOTL,GRC,2025,10413962.0
SP.POP.TOTL,GRC,2024,10405134.0
SP.POP.TOTL,GRC,2023,10407351.0
SP.POP.TOTL,GRC,2022,10437805.0
SP.POP.TOTL,GRC,2021,10570130.0
SP.POP.TOTL,GRC,2020,10698599.0
SP.POP.TOTL,GRC,2019,10721582.0
SP.POP.TOTL,GRC,2018,10732882.0
SP.POP.TOTL,GRC,2017,10754679.0
SP.POP.TOTL,GRC,2016,10775971.0
SP.POP.TOTL,GRC,2015,10820883.0
SP.POP.TOTL,GRC,2014,10892413.0
SP.POP.TOTL,GRC,2013,10965211.0
SP.POP.TOTL,GRC,2012,11045011.0
SP.POP.TOTL,GRC,2011,11104899.0
SP.POP.TOTL,GRC,2010,11121341.0
SP.POP.TOTL,GRC,2009,11107017.0
SP.POP.TOTL,GRC,2008,11077841.0
SP.POP.TOTL,HRV,2025,3876200.0
SP.POP.TOTL,HRV,2024,3866200.0
SP.POP.TOTL,HRV,2023,3859686.0
SP.POP.TOTL,HRV,2022,3855641.0
SP.POP.TOTL,HRV,2021,3878981.0
SP.POP.TOTL,HRV,2020,3914206.0
SP.POP.TOTL,HRV,2019,3949390.0
SP.POP.TOTL,HRV,2018,3988775.0
SP.POP.TOTL,HRV,2017,4041407.0
SP.POP.TOTL,HRV,2016,4106867.0
SP.POP.TOTL,HRV,2015,4151725.0
SP.POP.TOTL,HRV,2014,4201598.0
SP.POP.TOTL,HRV,2013,4233922.0
SP.POP.TOTL,HRV,2012,4260368.0
SP.POP.TOTL,HRV,2011,4280622.0
SP.POP.TOTL,HRV,2010,4295427.0
SP.POP.TOTL,HRV,2009,4305181.0
SP.POP.TOTL,HRV,2008,4309705.0
SP.POP.TOTL,HUN,2025,9514251.0
SP.POP.TOTL,HUN,2024,9562065.0
SP.POP.TOTL,HUN,2023,9592186.0
SP.POP.TOTL,HUN,2022,9605074.0
SP.POP.TOTL,HUN,2021,9630932.0
SP.POP.TOTL,HUN,2020,9670419.0
SP.POP.TOTL,HUN,2019,9694824.0
SP.POP.TOTL,HUN,2018,9706964.0
SP.POP.TOTL,HUN,2017,9726756.0
SP.POP.TOTL,HUN,2016,9759755.0
SP.POP.TOTL,HUN,2015,9797755.0
SP.POP.TOTL,HUN,2014,9833038.0
SP.POP.TOTL,HUN,2013,9872734.0
SP.POP.TOTL,HUN,2012,9920362.0
SP.POP.TOTL,HUN,2011,9971727.0
SP.POP.TOTL,HUN,2010,10000023.0
SP.POP.TOTL,HUN,2009,10022650.0
SP.POP.TOTL,HUN,2008,10038188.0
SP.POP.TOTL,IRL,2025,5484367.0
SP.POP.TOTL,IRL,2024,5395790.0
SP.POP.TOTL,IRL,2023,5311538.0
SP.POP.TOTL,IRL,2022,5212836.0
SP.POP.TOTL,IRL,2021,5110585.0
SP.POP.TOTL,IRL,2020,5039747.0
SP.POP.TOTL,IRL,2019,4976456.0
SP.POP.TOTL,IRL,2018,4898022.0
SP.POP.TOTL,IRL,2017,4827445.0
SP.POP.TOTL,IRL,2016,4762722.0
SP.POP.TOTL,IRL,2015,4701957.0
SP.POP.TOTL,IRL,2014,4657740.0
SP.POP.TOTL,IRL,2013,4623816.0
SP.POP.TOTL,IRL,2012,4599533.0
SP.POP.TOTL,IRL,2011,4580084.0
SP.POP.TOTL,IRL,2010,4560155.0
SP.POP.TOTL,IRL,2009,4535375.0
SP.POP.TOTL,IRL,2008,4489544.0
SP.POP.TOTL,ITA,2025,58915656.0
SP.POP.TOTL,ITA,2024,58952704.0
SP.POP.TOTL,ITA,2023,58984216.0
SP.POP.TOTL,ITA,2022,59013667.0
SP.POP.TOTL,ITA,2021,59133173.0
SP.POP.TOTL,ITA,2020,59438851.0
SP.POP.TOTL,ITA,2019,59729081.0
SP.POP.TOTL,ITA,2018,59877221.0
SP.POP.TOTL,ITA,2017,60002252.0
SP.POP.TOTL,ITA,2016,60115223.0
SP.POP.TOTL,ITA,2015,60229605.0
SP.POP.TOTL,ITA,2014,60320707.0
SP.POP.TOTL,ITA,2013,60311613.0
SP.POP.TOTL,ITA,2012,60191247.0
SP.POP.TOTL,ITA,2011,60026841.0
SP.POP.TOTL,ITA,2010,59819407.0
SP.POP.TOTL,ITA,2009,59555454.0
SP.POP.TOTL,ITA,2008,59211181.0
SP.POP.TOTL,LTU,2025,2888774.0
SP.POP.TOTL,LTU,2024,2888278.0
SP.POP.TOTL,LTU,2023,2871585.0
SP.POP.TOTL,LTU,2022,2831639.0
SP.POP.TOTL,LTU,2021,2808380.0
SP.POP.TOTL,LTU,2020,2810369.0
SP.POP.TOTL,LTU,2019,2811089.0
SP.POP.TOTL,LTU,2018,2819200.0
SP.POP.TOTL,LTU,2017,2842639.0
SP.POP.TOTL,LTU,2016,2877325.0
SP.POP.TOTL,LTU,2015,2911109.0
SP.POP.TOTL,LTU,2014,2937253.0
SP.POP.TOTL,LTU,2013,2961250.0
SP.POP.TOTL,LTU,2012,2989139.0
SP.POP.TOTL,LTU,2011,3028115.0
SP.POP.TOTL,LTU,2010,3097282.0
SP.POP.TOTL,LTU,2009,3162916.0
SP.POP.TOTL,LTU,2008,3198231.0
SP.POP.TOTL,LUX,2025,686970.0
SP.POP.TOTL,LUX,2024,677012.0
SP.POP.TOTL,LUX,2023,666430.0
SP.POP.TOTL,LUX,2022,653103.0
SP.POP.TOTL,LUX,2021,640064.0
SP.POP.TOTL,LUX,2020,630419.0
SP.POP.TOTL,LUX,2019,620001.0
SP.POP.TOTL,LUX,2018,607950.0
SP.POP.TOTL,LUX,2017,596336.0
SP.POP.TOTL,LUX,2016,582014.0
SP.POP.TOTL,LUX,2015,569604.0
SP.POP.TOTL,LUX,2014,556319.0
SP.POP.TOTL,LUX,2013,543360.0
SP.POP.TOTL,LUX,2012,530946.0
SP.POP.TOTL,LUX,2011,518347.0
SP.POP.TOTL,LUX,2010,506953.0
SP.POP.TOTL,LUX,2009,497783.0
SP.POP.TOTL,LUX,2008,488650.0
SP.POP.TOTL,LVA,2025,1847785.0
SP.POP.TOTL,LVA,2024,1866124.0
SP.POP.TOTL,LVA,2023,1883710.0
SP.POP.TOTL,LVA,2022,1879383.0
SP.POP.TOTL,LVA,2021,1884490.0
SP.POP.TOTL,LVA,2020,1900449.0
SP.POP.TOTL,LVA,2019,1913822.0
SP.POP.TOTL,LVA,2018,1927174.0
SP.POP.TOTL,LVA,2017,1942248.0
SP.POP.TOTL,LVA,2016,1959537.0
SP.POP.TOTL,LVA,2015,1977527.0
SP.POP.TOTL,LVA,2014,1993782.0
SP.POP.TOTL,LVA,2013,2012647.0
SP.POP.TOTL,LVA,2012,2034319.0
SP.POP.TOTL,LVA,2011,2059709.0
SP.POP.TOTL,LVA,2010,2097555.0
SP.POP.TOTL,LVA,2009,2141669.0
SP.POP.TOTL,LVA,2008,2177322.0
SP.POP.TOTL,MDA,2025,2360527.0
SP.POP.TOTL,MDA,2024,2402306.0
SP.POP.TOTL,MDA,2023,2457783.0
SP.POP.TOTL,MDA,2022,2528654.0
SP.POP.TOTL,MDA,2021,2595809.0
SP.POP.TOTL,MDA,2020,2635130.0
SP.POP.TOTL,MDA,2019,2664224.0
SP.POP.TOTL,MDA,2018,2707203.0
SP.POP.TOTL,MDA,2017,2755189.0
SP.POP.TOTL,MDA,2016,2803186.0
SP.POP.TOTL,MDA,2015,2835978.0
SP.POP.TOTL,MDA,2014,2857815.0
SP.POP.TOTL,MDA,2013,2859558.0
SP.POP.TOTL,MDA,2012,2860324.0
SP.POP.TOTL,MDA,2011,2860699.0
SP.POP.TOTL,MDA,2010,2862354.0
SP.POP.TOTL,MDA,2009,2865213.0
SP.POP.TOTL,MDA,2008,2868833.0
SP.POP.TOTL,MLT,2025,579704.0
SP.POP.TOTL,MLT,2024,568847.0
SP.POP.TOTL,MLT,2023,552747.0
SP.POP.TOTL,MLT,2022,531113.0
SP.POP.TOTL,MLT,2021,518150.0
SP.POP.TOTL,MLT,2020,515490.0
SP.POP.TOTL,MLT,2019,503912.0
SP.POP.TOTL,MLT,2018,483903.0
SP.POP.TOTL,MLT,2017,467106.0
SP.POP.TOTL,MLT,2016,454505.0
SP.POP.TOTL,MLT,2015,444220.0
SP.POP.TOTL,MLT,2014,433481.0
SP.POP.TOTL,MLT,2013,424810.0
SP.POP.TOTL,MLT,2012,420028.0
SP.POP.TOTL,MLT,2011,416268.0
SP.POP.TOTL,MLT,2010,414508.0
SP.POP.TOTL,MLT,2009,412477.0
SP.POP.TOTL,MLT,2008,409379.0
SP.POP.TOTL,NLD,2025,18087633.0
SP.POP.TOTL,NLD,2024,17993485.0
SP.POP.TOTL,NLD,2023,17877117.0
SP.POP.TOTL,NLD,2022,17700982.0
SP.POP.TOTL,NLD,2021,17533044.0
SP.POP.TOTL,NLD,2020,17441500.0
SP.POP.TOTL,NLD,2019,17344874.0
SP.POP.TOTL,NLD,2018,17231624.0
SP.POP.TOTL,NLD,2017,17131296.0
SP.POP.TOTL,NLD,2016,17030314.0
SP.POP.TOTL,NLD,2015,16939923.0
SP.POP.TOTL,NLD,2014,16865008.0
SP.POP.TOTL,NLD,2013,16804432.0
SP.POP.TOTL,NLD,2012,16754962.0
SP.POP.TOTL,NLD,2011,16693074.0
SP.POP.TOTL,NLD,2010,16615394.0
SP.POP.TOTL,NLD,2009,16530388.0
SP.POP.TOTL,NLD,2008,16445593.0
SP.POP.TOTL,POL,2025,36435861.0
SP.POP.TOTL,POL,2024,36559233.0
SP.POP.TOTL,POL,2023,36687353.0
SP.POP.TOTL,POL,2022,36821749.0
SP.POP.TOTL,POL,2021,36981559.0
SP.POP.TOTL,POL,2020,37515748.0
SP.POP.TOTL,POL,2019,37965475.0
SP.POP.TOTL,POL,2018,37974750.0
SP.POP.TOTL,POL,2017,37974826.0
SP.POP.TOTL,POL,2016,37970087.0
SP.POP.TOTL,POL,2015,37986412.0
SP.POP.TOTL,POL,2014,38011735.0
SP.POP.TOTL,POL,2013,38040196.0
SP.POP.TOTL,POL,2012,38063164.0
SP.POP.TOTL,POL,2011,38063255.0
SP.POP.TOTL,POL,2010,38042794.0
SP.POP.TOTL,POL,2009,38151603.0
SP.POP.TOTL,POL,2008,38125759.0
SP.POP.TOTL,PRT,2025,10804871.0
SP.POP.TOTL,PRT,2024,10694681.0
SP.POP.TOTL,PRT,2023,10578174.0
SP.POP.TOTL,PRT,2022,10434332.0
SP.POP.TOTL,PRT,2021,10361831.0
SP.POP.TOTL,PRT,2020,10297081.0
SP.POP.TOTL,PRT,2019,10286263.0
SP.POP.TOTL,PRT,2018,10283822.0
SP.POP.TOTL,PRT,2017,10300300.0
SP.POP.TOTL,PRT,2016,10325452.0
SP.POP.TOTL,PRT,2015,10358076.0
SP.POP.TOTL,PRT,2014,10401062.0
SP.POP.TOTL,PRT,2013,10457295.0
SP.POP.TOTL,PRT,2012,10514844.0
SP.POP.TOTL,PRT,2011,10557560.0
SP.POP.TOTL,PRT,2010,10573100.0
SP.POP.TOTL,PRT,2009,10568247.0
SP.POP.TOTL,PRT,2008,10558177.0
SP.POP.TOTL,ROU,2025,19020271.0
SP.POP.TOTL,ROU,2024,19051804.0
SP.POP.TOTL,ROU,2023,19061062.0
SP.POP.TOTL,ROU,2022,19048502.0
SP.POP.TOTL,ROU,2021,19122059.0
SP.POP.TOTL,ROU,2020,19265250.0
SP.POP.TOTL,ROU,2019,19371648.0
SP.POP.TOTL,ROU,2018,19473970.0
SP.POP.TOTL,ROU,2017,19588715.0
SP.POP.TOTL,ROU,2016,19702267.0
SP.POP.TOTL,ROU,2015,19815616.0
SP.POP.TOTL,ROU,2014,19908979.0
SP.POP.TOTL,ROU,2013,19983693.0
SP.POP.TOTL,ROU,2012,20058035.0
SP.POP.TOTL,ROU,2011,20147528.0
SP.POP.TOTL,ROU,2010,20246871.0
SP.POP.TOTL,ROU,2009,20367487.0
SP.POP.TOTL,ROU,2008,20537875.0
SP.POP.TOTL,SVK,2025,5413813.0
SP.POP.TOTL,SVK,2024,5422069.0
SP.POP.TOTL,SVK,2023,5426740.0
SP.POP.TOTL,SVK,2022,5431752.0
SP.POP.TOTL,SVK,2021,5447247.0
SP.POP.TOTL,SVK,2020,5458827.0
SP.POP.TOTL,SVK,2019,5454147.0
SP.POP.TOTL,SVK,2018,5446771.0
SP.POP.TOTL,SVK,2017,5439232.0
SP.POP.TOTL,SVK,2016,5430798.0
SP.POP.TOTL,SVK,2015,5423801.0
SP.POP.TOTL,SVK,2014,5418649.0
SP.POP.TOTL,SVK,2013,5413393.0
SP.POP.TOTL,SVK,2012,5407579.0
SP.POP.TOTL,SVK,2011,5398384.0
SP.POP.TOTL,SVK,2010,5391428.0
SP.POP.TOTL,SVK,2009,5386406.0
SP.POP.TOTL,SVK,2008,5379233.0
SP.POP.TOTL,SVN,2025,2130986.0
SP.POP.TOTL,SVN,2024,2127400.0
SP.POP.TOTL,SVN,2023,2120461.0
SP.POP.TOTL,SVN,2022,2112076.0
SP.POP.TOTL,SVN,2021,2108079.0
SP.POP.TOTL,SVN,2020,2102419.0
SP.POP.TOTL,SVN,2019,2088385.0
SP.POP.TOTL,SVN,2018,2073894.0
SP.POP.TOTL,SVN,2017,2066388.0
SP.POP.TOTL,SVN,2016,2065042.0
SP.POP.TOTL,SVN,2015,2063531.0
SP.POP.TOTL,SVN,2014,2061980.0
SP.POP.TOTL,SVN,2013,2059953.0
SP.POP.TOTL,SVN,2012,2057159.0
SP.POP.TOTL,SVN,2011,2052843.0
SP.POP.TOTL,SVN,2010,2048583.0
SP.POP.TOTL,SVN,2009,2039669.0
SP.POP.TOTL,SVN,2008,2021316.0
SP.POP.TOTL,SWE,2025,10596620.0
SP.POP.TOTL,SWE,2024,10569709.0
SP.POP.TOTL,SWE,2023,10536632.0
SP.POP.TOTL,SWE,2022,10486941.0
SP.POP.TOTL,SWE,2021,10415811.0
SP.POP.TOTL,SWE,2020,10353442.0
SP.POP.TOTL,SWE,2019,10278887.0
SP.POP.TOTL,SWE,2018,10175214.0
SP.POP.TOTL,SWE,2017,10057698.0
SP.POP.TOTL,SWE,2016,9923085.0
SP.POP.TOTL,SWE,2015,9799186.0
SP.POP.TOTL,SWE,2014,9696110.0
SP.POP.TOTL,SWE,2013,9600379.0
SP.POP.TOTL,SWE,2012,9519374.0
SP.POP.TOTL,SWE,2011,9449213.0
SP.POP.TOTL,SWE,2010,9378126.0
SP.POP.TOTL,SWE,2009,9298515.0
SP.POP.TOTL,SWE,2008,9219637.0
SP.POP.TOTL,UKR,2025,38980376.0
SP.POP.TOTL,UKR,2024,37860221.0
SP.POP.TOTL,UKR,2023,37732836.0
SP.POP.TOTL,UKR,2022,41048766.0
SP.POP.TOTL,UKR,2021,44298640.0
SP.POP.TOTL,UKR,2020,44680014.0
SP.POP.TOTL,UKR,2019,44957458.0
SP.POP.TOTL,UKR,2018,45208907.0
SP.POP.TOTL,UKR,2017,45436041.0
SP.POP.TOTL,UKR,2016,45616832.0
SP.POP.TOTL,UKR,2015,45784896.0
SP.POP.TOTL,UKR,2014,45972380.0
SP.POP.TOTL,UKR,2013,46126770.0
SP.POP.TOTL,UKR,2012,46210056.0
SP.POP.TOTL,UKR,2011,46307853.0
SP.POP.TOTL,UKR,2010,46456003.0
SP.POP.TOTL,UKR,2009,46623731.0
SP.POP.TOTL,UKR,2008,46819175.0
