country,year,fixed_broad_price,fixed_broad_price_ppp,fixed_broad_price_usd,mobile_broad_price,mobile_broad_price_ppp,mobile_broad_price_usd,carry,s100,fixed_broadband_subs,internet_users_pct,population,gdp_per_capita,urban_population_pct,education_tertiary_pct,population_ages_15_64,gdp_growth,inflation_gdp_deflator,population_density,secure_internet_servers,research_development_expenditure,regulatory_quality_estimate,ntl_sum,imputed_controls,eap,region,y,y_count,p,p_usd,p_ppp,log_fixed_broad_price,log_mob_price,log_mobile_broad_price,log_gdp_per_capita,log_population_density,log_secure_internet_servers,log_internet_users_pct,log_ntl_pc,subreg,z_sub,z_nn,p_lag,y_lag,s_lag
ARM,2010,11.52,68.14,32.37,,,,False,3.19288671267022,93586.0,25.0,3044800,3041.34450723339,64.3304164043132,50.5839875932926,69.9705705545878,2.2000000002151,7.76871548067652,106.947664207938,9.85286389910667,0.24139,0.3844424,105243.0,0,1.0,EaP,1.1609254332003744,11.446636078629007,2.444084655267745,3.4772320679381528,4.22156441223282,2.444084655267745,,,8.020054968743029,4.6723395952519375,2.287762164102407,3.2188758248682006,-3.3649185345047092,SC,1.1778828027323853,1.160786698496371,,,
ARM,2011,7.36,42.44,21.04,,,,False,5.49292214098522,160573.0,32.0,3027900,3349.55309771906,64.3207449145194,51.2949290708131,69.9991499247162,4.69999999867412,4.28154999826118,106.354056902002,17.8341424749827,0.27014,0.3710118,130107.0,0,1.0,EaP,1.7034603800356007,11.98650394680944,1.9960599327407849,3.046425387869509,3.7480913137457823,1.9960599327407849,,,8.1165822122541,4.666773687622976,2.88111473663349,3.4657359027997265,-3.1472674000763234,SC,1.131948119189467,1.0583463714222212,2.444084655267745,1.1609254332003744,3.19288671267022
ARM,2012,3.63,24.37,11.2,,,,False,7.25580730107633,212053.0,37.5,3024100,3511.56399687426,64.3268379506998,44.4855719494927,69.877939557455,7.20000000096486,5.34580441814725,106.220583069898,28.7688899176615,0.23853,0.4081354,160674.0,0,1.0,EaP,1.9818021552766605,12.264591522409356,1.2892326482767593,2.4159137783010487,3.193352867637115,1.2892326482767593,,,8.163816800372278,4.665517904245784,3.3592945921009902,3.624340932976365,-2.934991338041332,SC,1.187015476721032,1.181102334694041,1.9960599327407849,1.7034603800356007,5.49292214098522
ARM,2013,3.35,23.37,10.99,2.61,18.18,8.54,False,8.31673235203342,243058.0,41.9,3022000,3680.16692158886,64.3584061131466,44.8347790892711,69.6400159040937,3.3,3.36682464224465,106.146821215314,52.2832561217737,0.22216,0.3441588,141103.0,0,1.0,EaP,2.118269431538319,12.401055376969971,1.208960345836975,2.39698576841553,3.1514531485507664,1.208960345836975,0.959350221334602,0.959350221334602,8.21071338926169,4.664823241542735,3.95667616917642,3.735285826928092,-3.0641840226832846,SC,1.0655423874158372,1.0855613984886052,1.2892326482767593,1.9818021552766605,7.25580730107633
ARM,2014,3.01,21.53,10.1,2.51,17.94,8.42,False,9.3376315946157,272885.0,54.6228058583362,3013800,3852.11800610384,64.4142934233291,47.7150849538629,69.3383433330299,3.60000000058993,2.30918242990974,105.858798735511,60.3888778286549,0.24151,0.1234003,64193.0,0,1.0,EaP,2.2340526434911627,12.516805739997075,1.1019400787607843,2.312535423847214,3.0694473113762717,1.1019400787607843,0.9202827531436925,0.9202827531436925,8.256378407470539,4.6621061186941075,4.100804946074879,4.000451485255912,-3.849062849500719,SC,1.1113053581596133,1.1624199757873783,1.208960345836975,2.118269431538319,8.31673235203342
ARM,2015,2.5,20.5,8.37,2.19,17.94,7.32,False,9.80149439763493,286319.0,59.1008337674937,3004600,3512.39350276709,64.4929623431549,48.7313687040259,68.961951131008,3.19999999896625,1.21390990471085,105.535651563049,74.5523530586434,0.25002,0.2129025,51935.0,0,1.0,EaP,2.2825348636057607,12.564861852838112,0.9162907318741551,2.124653884501384,3.0204248861443626,0.9162907318741551,0.7839015438284094,0.7839015438284094,8.164052993685441,4.659048825338378,4.311501604208853,4.079245032053549,-4.057906789948548,SC,0.8886273915125866,0.9636754470009581,1.1019400787607843,2.2340526434911627,9.3376315946157
ARM,2016,2.57,19.79,8.32,2.25,17.31,7.28,False,10.2497847569184,299170.0,64.3460297653742,2992300,3524.42476874707,64.5928753345316,54.3432877365993,68.5339571072627,0.199999999825991,0.268575076501392,105.103617843344,186.144437389299,0.23305,0.2424884,58777.0,0,1.0,EaP,2.3272567060388942,12.608767252675671,0.9439058989071284,2.1186622548331173,2.9851767596144745,0.9439058989071284,0.8109302162163288,0.8109302162163288,8.167472515759012,4.654946700157664,5.226522917461811,4.164275234630984,-3.9300469795272575,SC,0.6514563760904197,0.773653002550677,0.9162907318741551,2.2825348636057607,9.80149439763493
ARM,2017,3.11,25.4,10.36,2.18,17.78,7.25,False,10.8172556564183,315319.0,64.7448843250726,2979400,3869.05373867752,64.7124948593667,55.5065519523494,68.1111272919884,7.50000000164144,2.15064189848613,104.650509308044,268.174800295361,0.22788,0.2658499,117068.0,0,1.0,EaP,2.3811426050566915,12.661340103787362,1.1346227261911428,2.337952236831337,3.2347491740244907,1.1346227261911428,0.7793248768009977,0.7793248768009977,8.26076524415627,4.6506263156555505,5.591639007802917,4.170454690895879,-3.2367222543958607,SC,0.8621683964553104,0.8983930429772546,0.9439058989071284,2.3272567060388942,10.2497847569184
ARM,2018,2.93,25.62,10.33,1.47,12.84,5.18,False,11.9399374219278,347448.0,68.2450522610271,2969000,4196.00562301769,64.8502833795679,57.4585357681354,67.836738214504,5.19999999965324,2.78770951425761,104.285212504391,333.108790838666,0.18876,0.2852478,76092.0,0,1.0,EaP,2.479888866906149,12.75837029250199,1.075002423028976,2.3350522831315472,3.2433732964685884,1.075002423028976,0.3852624007906449,0.3852624007906449,8.341888309605302,4.647129573473817,5.808469135841088,4.223104937093302,-3.664037340257865,SC,0.8426436123587691,0.8602230999397988,1.1346227261911428,2.3811426050566915,10.8172556564183
ARM,2019,2.93,25.62,10.33,1.47,12.84,5.18,True,13.2819462446608,385704.0,66.5439496866159,2962500,4597.22887399548,65.0047033570428,53.5944174785534,67.6540902691366,7.59999999853918,1.06562263923419,104.056902002107,477.974683544304,0.17854,0.2583707,120438.0,0,1.0,EaP,2.5864056878780475,12.862825514897017,1.075002423028976,2.3350522831315472,3.2433732964685884,1.075002423028976,0.3852624007906449,0.3852624007906449,8.433208982253502,4.6449378841534354,6.169557767792416,4.197862626908299,-3.202653687746542,SC,0.8946782923058723,0.9281229485054511,1.075002423028976,2.479888866906149,11.9399374219278
ARM,2020,3.19,35.96,12.37,0.96,10.79,3.71,False,14.8883804721864,430407.0,76.50770055,2961500,4268.68093304583,65.174217253699,52.3331534448642,67.4875319646095,-7.19999999920631,1.80659270159933,105.027376627853,587.877764646294,0.2092,0.2080999,123639.0,0,1.0,EaP,2.7005810746411907,12.972486551637976,1.1600209167967532,2.5152741864043966,3.5824072096034194,1.1600209167967532,-0.040821994520255166,-0.040821994520255166,8.359060143521052,4.654221045962495,6.376519043033306,4.337391396550847,-3.1760851464832243,SC,0.7289120061294061,0.7657981826022872,1.075002423028976,2.5864056878780475,13.2819462446608
ARM,2021,3.51,35.97,11.54,1.05,10.79,3.46,False,16.2565945813558,466621.0,78.61225758,2962300,4685.17997128509,65.3572875314441,56.6235144830279,67.3509680096337,5.80000000065645,6.90051365787157,105.056940272915,712.95952469365,0.20557,0.1972098,177697.0,0,1.0,EaP,2.788498646844049,13.053272643986197,1.2556160374777743,2.4458192610799534,3.5826852577075323,1.2556160374777743,0.04879016416943204,0.04879016416943204,8.452159608296522,4.654502491485829,6.5694246511923655,4.364527636131364,-2.8136414199838713,SC,0.7842662905540484,0.8078866159746352,1.1600209167967532,2.7005810746411907,14.8883804721864
ARM,2022,4.2,46.85,17.77,0.94,10.54,4.0,False,17.7300708049016,510781.0,77.02767465,2969200,6571.97445545099,65.5624462874485,57.1818422625098,67.2222792072338,12.5999999997766,7.98587852828175,105.297053157777,862.185100363734,0.20955,0.0783259999999999,172210.0,0,1.0,EaP,2.875262113586411,13.143696205894289,1.4350845252893227,2.87751164216656,3.846951008684431,1.4350845252893227,-0.06187540371808753,-0.06187540371808753,8.790569592273615,4.656785433542041,6.759469981212353,4.344164768319969,-2.8473331729265836,SC,0.7070155580457451,0.6854679915897895,1.2556160374777743,2.788498646844049,16.2565945813558
ARM,2023,3.28,46.57,20.67,0.82,11.64,5.17,False,18.5458075085454,545876.0,79.99663036,2964300,8159.08720967996,65.6956882008852,56.2770051010456,67.2436198631987,8.29999999959539,3.10027629995311,105.119108748259,1177.00637587289,0.1821,0.0964411,324714.0,0,1.0,EaP,2.92024375318826,13.210147122707411,1.1878434223960523,3.028683373693677,3.840956556994286,1.1878434223960523,-0.19845093872383832,-0.19845093872383832,9.006887580142353,4.655094076278164,7.070729524299886,4.381984513286788,-2.2114514009665966,SC,0.5675524625135678,0.6723372763782548,1.4350845252893227,2.875262113586411,17.7300708049016
ARM,2024,2.52,43.26,18.0,0.72,12.36,5.14,False,20.3090953111129,603960.0,81.33930206,3033500,8556.21406956719,65.8113671449901,52.7748065090859,67.0601533606123,5.90000000046228,1.40106081544975,106.55075518089232,1735.28926982034,0.2861,0.137992,351200.0,0,1.0,EaP,3.011068830588013,13.311263249558406,0.9242589015233319,2.8903717578961645,3.7672284205249125,0.9242589015233319,-0.3285040669720361,-0.3285040669720361,9.054413089707818,4.668621446092408,7.4589294046049375,4.398629319916079,-2.156116485621391,SC,0.5473355997174237,0.6188272474595233,1.1878434223960523,2.92024375318826,18.5458075085454
AUT,2010,0.96,35.05,39.31,,,,False,24.5113861270145,2050400.0,75.17,8363404,46611.1393420232,67.1047429254747,75.0402526855469,67.5198292810067,1.80898243043663,0.891338694909649,101.350024236549,690.149608939135,2.74321,1.6301795,1542049.0,0,0.0,EU,3.199137749470694,14.533545454031998,-0.040821994520255166,3.671478939433769,3.5567756134805992,-0.040821994520255166,,,10.749594833222146,4.6185801120351195,6.53690839863773,4.319752215189378,-1.6907534697066682,W,-0.23534619701124834,0.6175411612989806,,,
AUT,2011,0.94,35.12,39.31,,,,False,24.9926429150975,2097700.0,78.7399930986888,8391643,51116.8953522042,67.1484255415056,77.2625122070312,67.6180439804748,2.92746800169145,1.81993743804168,101.692232186137,1068.4439268925,2.68567,1.5512902,1281510.0,0,0.0,EU,3.218581498162245,14.55635206438688,-0.06187540371808753,3.671478939433769,3.558770768766916,-0.06187540371808753,,,10.841870354660255,4.621950920453436,6.973958595041034,4.36615119786876,-1.8791972595273612,W,-0.23109582736620868,0.6531389254250399,-0.040821994520255166,3.199137749470694,24.5113861270145
AUT,2012,0.59,22.3,24.61,,,,False,25.2644782408466,2130200.0,80.0299939169903,8429991,48250.4059142637,67.2085909812279,79.5471267700195,67.5601644337772,0.628246239479637,2.09166476490424,102.156943771207,1613.40623020831,2.93372,1.5292054,1554982.0,0,0.0,EU,3.2293993870699746,14.571726429991202,-0.527632742082372,3.2031528644029645,3.104586678466073,-0.527632742082372,,,10.7841595194626,4.626510295176622,7.386102894035216,4.382401488369834,-1.6903317343960367,W,-0.21232896694302847,0.5840964338037498,-0.06187540371808753,3.218581498162245,24.9926429150975
AUT,2013,0.6,22.06,25.43,0.13,4.61,5.31,False,26.3222866586035,2232500.0,80.6188,8479823,50305.3545774973,67.2981308784247,80.9616012573242,67.4266821192924,-0.250726423318454,1.70872288191161,102.760821619001,1857.46801554702,2.97993,1.4173873,1350022.0,0,0.0,EU,3.2704159818096166,14.61863259173279,-0.5108256237659907,3.2359295794340284,3.0937660138253564,-0.5108256237659907,-2.0402208285265546,-2.0402208285265546,10.825866803255078,4.632404167723547,7.526969557357268,4.389731872934234,-1.8375686883306144,W,-0.2878554951267671,0.5875420535557927,-0.527632742082372,3.2293993870699746,25.2644782408466
AUT,2014,0.61,22.15,25.41,0.16,5.78,6.63,False,27.597689562142,2359000.0,80.9958249574764,8546356,51314.9722616322,67.4154327591781,81.0195693969727,67.3108310981136,0.755798850316665,2.00674413208939,103.567086766844,2345.32706103046,3.11263,1.3187394,550541.0,0,0.0,EU,3.317732057702506,14.673748358389812,-0.4942963218147801,3.2351427973320726,3.0978374964911444,-0.4942963218147801,-1.8325814637483102,-1.8325814637483102,10.8457378455288,4.640219584048806,7.760180142809893,4.394397609609156,-2.742358841114954,W,-0.20243543716353307,0.35479527688607415,-0.5108256237659907,3.2704159818096166,26.3222866586035
AUT,2015,0.57,24.46,23.46,0.16,6.82,6.54,False,28.4068593397138,2455500.0,83.9401419315026,8642699,43915.228020857,67.5576175537383,82.2563095092773,67.234719049435,1.30352331826198,2.29263470154871,104.734597673291,3081.90763093797,3.06917,1.2822536,527449.0,0,0.0,EU,3.3466306420507013,14.713840964461436,-0.5621189181535413,3.1552968432253294,3.1970391302590264,-0.5621189181535413,-1.8325814637483102,-1.8325814637483102,10.690016418660566,4.651429509072503,8.033304044937092,4.430103948772524,-2.796418019063841,W,-0.21632736912815964,0.1787611197000725,-0.4942963218147801,3.317732057702506,27.597689562142
AUT,2016,0.59,24.7,23.4,0.14,5.84,5.53,False,28.8775983744406,2523300.0,84.3237425711653,8736668,45061.4993920192,67.7218061923556,82.8496932983398,67.1339749165576,2.11721964494312,1.81475082333313,105.873339796413,4449.98024418463,3.13356,1.3915836,529682.0,0,0.0,EU,3.3630661517869846,14.741078126618639,-0.527632742082372,3.152736022363656,3.2068032436339315,-0.527632742082372,-1.9661128563728327,-1.9661128563728327,10.715783488887995,4.662243472059786,8.40065493564136,4.434663469139709,-2.803007333788702,W,-0.12516993434092522,0.1826751879401679,-0.5621189181535413,3.3466306420507013,28.4068593397138
AUT,2017,0.84,32.99,31.72,0.15,5.86,5.63,False,28.5425998928488,2511400.0,87.9355865856062,8797566,47163.7425775142,67.9051196052802,83.8392562866211,66.974326831199,2.27224992038207,0.975317906732371,106.61131846825,7431.71463561626,3.07376,1.4202869,777778.0,0,0.0,EU,3.3513977043554695,14.736350924537,-0.1743533871447778,3.456947396766647,3.49620448524049,-0.1743533871447778,-1.8971199848858813,-1.8971199848858813,10.76138071065254,4.669189683095834,8.91351188304179,4.476604575838805,-2.425789234883411,W,-0.04458324378190264,0.30840869478169725,-0.527632742082372,3.3630661517869846,28.8775983744406
AUT,2018,0.83,34.21,33.93,0.34,13.95,13.84,False,28.5150396136468,2521200.0,87.4791372262556,8840521,51194.0749841299,68.1046787227623,85.8698883056641,66.8074529749847,2.48422114080024,1.81047996133594,107.131858943286,16705.0109377038,3.10828,1.530712,768414.0,0,0.0,EU,3.3504316538288874,14.740245536621092,-0.18632957819149348,3.5242995787961386,3.5325179989895132,-0.18632957819149348,-1.0788096613719298,-1.0788096613719298,10.843379081364967,4.674060402343521,9.72346400954693,4.471400333234276,-2.4427724401409,W,0.03772577862401685,0.23881840679067265,-0.1743533871447778,3.3513977043554695,28.5425998928488
AUT,2019,0.8,33.22,32.95,0.29,11.91,11.81,False,28.3631930003301,2518900.0,87.7522047870069,8879920,49885.9947355204,68.3176044750522,86.3234329223633,66.6368554183168,1.75497619649288,1.47368502823586,107.609306834707,26298.32250741,3.14405,1.5588698,855458.0,0,0.0,EU,3.345092283490322,14.739332856253776,-0.2231435513142097,3.4949912609485163,3.503152104185149,-0.2231435513142097,-1.2378743560016174,-1.2378743560016174,10.817495575722525,4.678507138733576,10.177260433143422,4.474516987808185,-2.339910828906551,W,-0.03983098887899807,0.020471459034332038,-0.18632957819149348,3.3504316538288874,28.5150396136468
AUT,2020,0.8,36.31,33.91,0.27,12.15,11.34,False,29.2106456326106,2606000.0,87.52942813,8916864,48716.4098900349,68.5410177924001,88.7071990966797,66.4370522356064,-6.31825509209936,2.59313253599376,108.057004362579,33802.6911703487,3.20758,1.4737069,754948.0,0,0.0,EU,3.374533219291654,14.773327036666927,-0.2231435513142097,3.523709956137547,3.5920931854262443,-0.2231435513142097,-1.3093333199837622,-1.3093333199837622,10.793771211040454,4.682658906049232,10.42829569872609,4.4719750583058895,-2.4690507215473763,W,0.05666443755750763,-0.11604284213181065,-0.2231435513142097,3.345092283490322,28.3631930003301
AUT,2021,0.8,33.1,33.64,0.29,11.86,12.06,False,29.2537339731419,2623199.0,92.52915104,8955797,53648.6437976214,68.773601700253,93.940071105957,66.1764816581673,4.92309171717903,1.80187299270295,108.528805138148,39775.2427840872,3.25565,1.4481822,997238.0,0,0.0,EU,3.3760072227318108,14.779905123298718,-0.2231435513142097,3.5157158351047473,3.4995332823830174,-0.2231435513142097,-1.2378743560016174,-1.2378743560016174,10.890211469037029,4.687015622889791,10.590999957124183,4.527523741248569,-2.195066853470727,W,0.0706377402064559,-0.0748735726127061,-0.2231435513142097,3.374533219291654,29.2106456326106
AUT,2022,0.74,34.29,29.6,0.24,11.08,9.56,False,29.2342573265435,2649991.0,93.61409139,9041851,52336.7725223758,68.998085127906,94.5116882324219,65.8640953229773,5.33096379400371,5.02343156333271,109.571631119729,39544.447259748,3.17775,1.4011869,971073.0,0,0.0,EU,3.375341217731963,14.790066801730223,-0.3011050927839216,3.3877743613300146,3.534853766474829,-0.3011050927839216,-1.4271163556401458,-1.4271163556401458,10.86545451049114,4.696578500860564,10.585180565355465,4.539180921190638,-2.2312175433716073,W,-0.03673307894828761,-0.14202654354922292,-0.2231435513142097,3.3760072227318108,29.2537339731419
AUT,2023,0.31,16.32,13.94,0.21,10.82,9.24,False,29.3725409835617,2681839.0,95.33467117,9131761,56579.504175468,69.2265358276021,91.6818237304688,65.5333445996897,-0.786244288594673,7.1747129124039,110.661185167232,42281.0014410145,3.25517,1.4120974,972436.0,0,0.0,EU,3.3800602577624455,14.802013311193413,-1.171182981502945,2.6347624053323777,2.792391349535961,-1.171182981502945,-1.5606477482646683,-1.5606477482646683,10.943402081569864,4.70647314740025,10.652093125631161,4.557393555305026,-2.2397095720448967,W,-0.2924722054212687,-0.2750823367392716,-0.3011050927839216,3.375341217731963,29.2342573265435
AUT,2024,0.8,46.65,37.57,0.2,11.35,9.14,False,30.12779672163,2747900.0,94.91974877,9177982,58268.8787651601,69.4658181096788,92.6126708984375,65.1655943390134,-0.659089573171372,4.08681239792917,111.22130392632086,47132.0383936251,3.25517,1.3510615,983217.0,0,0.0,EU,3.405448224734241,14.826347541560349,-0.2231435513142097,3.6262058595858777,3.8426729272933526,-0.2231435513142097,-1.6094379124341003,-1.6094379124341003,10.972823417891926,4.711521945538212,10.760708269430733,4.553031784808898,-2.233732785158851,W,-0.2706995015202642,-0.2327966470542199,-1.171182981502945,3.3800602577624455,29.3725409835617
AZE,2010,2.79,31.74,12.47,,,,False,5.1962691859745,475295.0,46.0,9054332,5843.5337683582,53.2848367714869,19.2600431394615,71.8007526197132,4.78883248761557,13.8276658365282,109.542344173442,2.5402205264839,0.21848,-0.4634625,372248.0,0,1.0,EaP,1.6479409038510715,13.071690942874982,1.0260415958332743,2.523325759691945,3.457577715098263,1.0260415958332743,,,8.673090990146315,4.696311179285825,0.9322508987120356,3.828641396489095,-3.191438297382945,SC,1.8869043324496206,1.6950381158948358,,,
AZE,2011,2.71,30.36,12.47,,,,False,10.5213182586713,973869.0,50.0,9173082,7189.81869211976,53.5085461893249,19.6473062365442,72.0939429460413,-1.5729973511111,24.6069496884519,110.976336228798,4.90565766227752,0.21084,-0.4419223,360975.0,0,1.0,EaP,2.353403509218581,13.789032076659232,0.9969486348916096,2.523325759691945,3.4131259525274293,0.9969486348916096,,,8.880421233723956,4.709316991456782,1.5903891640044394,3.912023005428146,-3.2352199008907343,SC,1.6315037681140545,1.4040169344143625,1.0260415958332743,1.6479409038510715,5.1962691859745
AZE,2012,2.43,30.67,12.73,,,,False,14.6071625537092,1369594.0,54.20000076,9295784,7495.86527658099,53.8076442276208,20.4384614704139,72.0406993018106,2.20293891708398,2.84498268342621,112.460790244138,10.7575649348135,0.21427,-0.489390799999999,469223.0,0,1.0,EaP,2.6815119942868786,14.130024903518898,0.8878912573524571,2.543961412569315,3.4232849781261603,0.8878912573524571,,,8.922106851048769,4.722604629730155,2.375609221948839,3.992680922467741,-2.986238107835651,SC,1.387686172183183,1.2016260562200194,0.9969486348916096,2.353403509218581,10.5213182586713
AZE,2013,2.08,30.39,12.74,1.46,21.27,8.92,False,18.0145551396199,1712177.0,73.000001372,9416801,7875.34536661549,54.1821087431318,21.4404253568261,71.6592530898028,5.84341590483928,0.413163922120958,113.923480806688,16.7785217081682,0.20969,-0.389969499999999,451470.0,0,1.0,EaP,2.891180050007836,14.353276218190135,0.7323678937132266,2.5447466501440172,3.414113606928702,0.7323678937132266,0.37843643572024505,0.37843643572024505,8.971492318810341,4.735527002030865,2.820099598717652,4.290459459942912,-3.037741787824715,SC,1.3038386134777116,1.1283921711722105,0.8878912573524571,2.6815119942868786,14.6071625537092
AZE,2014,2.02,,12.75,1.41,,8.92,False,19.7076399486748,1898070.0,75.0000156363396,9535079,7890.84028062087,54.6319175926151,23.1597349800287,71.2018299395149,2.79758521448559,-1.33020421239041,115.348813858679,22.9678222907225,0.20978,-0.2770165,460044.0,0,1.0,EaP,2.98100637521682,14.456348138399218,0.7030975114131134,2.545531271604435,,0.7030975114131134,0.34358970439007686,0.34358970439007686,8.973457907614234,4.747960701590551,3.134094205533627,4.317488322020817,-3.0314106661823343,SC,1.310726641833449,1.1416004149320365,0.7323678937132266,2.891180050007836,18.0145551396199
AZE,2015,1.54,,9.76,1.08,,6.83,False,19.4759070425568,1899456.0,77.0,9649341,5500.50364628486,55.1570486328276,25.4831961094662,70.7521032313631,1.04954641215085,-8.80961556609952,116.731076781631,33.2665204805178,0.22232,-0.261817099999999,424403.0,0,1.0,EaP,2.969178165386328,14.457078087351004,0.43178241642553783,2.278292400425001,,0.43178241642553783,0.0769610411361284,0.0769610411361284,8.61259493907989,4.759872800171251,3.504551500266441,4.343805421853684,-3.123961426327852,SC,1.1308815492368953,0.9617271935184926,0.7030975114131134,2.98100637521682,19.7076399486748
AZE,2016,1.15,,6.27,0.46,,2.51,False,18.2770953995915,1803662.0,78.2,9757812,3880.6852276838,55.7574797205266,27.2368629930846,70.2891585164324,-3.06359842251706,14.6283389647903,118.033288980283,101.867098894711,0.20637,-0.216678799999999,393627.0,0,1.0,EaP,2.9056486584113337,14.405329600631294,0.13976194237515863,1.8357763546448294,,0.13976194237515863,-0.7765287894989963,-0.7765287894989963,8.263767022097623,4.770966694682519,4.6236690116916055,4.359269647551265,-3.2104197135607344,SC,1.0535283543564047,0.8952883880188801,0.43178241642553783,2.969178165386328,19.4759070425568
AZE,2017,1.71,26.39,5.81,0.68,10.55,2.32,False,18.1091657629876,1805214.0,79.0,9854033,4147.1981423222,56.4331887124691,28.4670565431322,69.9448498293551,0.153614661745507,16.226204549171,119.208741622511,259.487663578963,0.18468,-0.185369999999999,604231.0,0,1.0,EaP,2.8964182058418957,14.406189702278276,0.5364933705145685,1.7595805708638197,3.2729851505152325,0.5364933705145685,-0.3856624808119846,-0.3856624808119846,8.330188238782375,4.7808760877016345,5.558709162281173,4.3694478524670215,-2.791679516841697,SC,1.1612330742935977,1.002188033608966,0.13976194237515863,2.9056486584113337,18.2770953995915
AZE,2018,1.74,23.99,5.88,1.39,19.19,4.71,False,18.8342000186458,1890913.0,79.7999954887896,9939771,4739.7943123408,57.1841534654123,28.9724903670069,69.8692138262529,1.50040167167313,12.1844330031831,120.25759188908,329.383845965868,0.18416,-0.2005079,481452.0,0,1.0,EaP,2.9356743671146157,14.452570339178731,0.5538851132264376,1.7715567619105355,3.177637076851603,0.5538851132264376,0.3293037471426003,0.3293037471426003,8.463749019726647,4.789636041205713,5.797223775757359,4.379523447924303,-3.0274927233604254,SC,1.1032022672600383,0.9443564941264313,0.5364933705145685,2.8964182058418957,18.1091657629876
AZE,2019,1.74,23.99,5.88,1.39,19.19,4.71,True,19.2178211211639,1943013.0,81.0999990651547,10024283,4805.75371765917,58.1308191977779,32.9221812477847,69.825581884135,2.47980879185565,-0.221652784964604,121.280071139933,368.804432197295,0.20013,-0.1045151,606153.0,0,1.0,EaP,2.9558380319318482,14.479750419021704,0.5538851132264376,1.7715567619105355,3.177637076851603,0.5538851132264376,0.3293037471426003,0.3293037471426003,8.477569170218306,4.798102508469854,5.9102665094987685,4.395682949594298,-2.8056332989696724,SC,1.1552369472071415,0.9900164427262629,0.5538851132264376,2.9356743671146157,18.8342000186458
AZE,2020,1.54,20.41,5.88,1.23,16.33,4.71,False,19.5985750948022,1995474.0,84.59999573,10093121,4229.91064904503,58.2934691761937,36.3854742250215,69.7266672756005,-4.19896065333343,-7.49363345867255,122.124736829369,299.312769558593,0.2239,-0.1055885,559865.0,0,1.0,EaP,2.975456864348968,14.506392174070083,0.43178241642553783,1.7715567619105355,3.0160249768217535,0.43178241642553783,0.20701416938432612,0.20701416938432612,8.349936148660023,4.805042955432223,5.701489078694924,4.437934216139364,-2.891913698435648,SC,1.0930312563150137,0.9408327727526438,0.5538851132264376,2.9558380319318482,19.2178211211639
AZE,2021,1.69,20.11,5.88,1.69,20.11,5.88,False,20.0856994533421,2055645.0,85.99998954,10137750,5408.04535175023,58.3659969744818,39.0095977224788,69.708000115884,5.61644027150554,21.5888365787351,122.658802177858,416.857784025055,0.20836,-0.0594814,688216.0,0,1.0,EaP,3.0000080918671714,14.536100225279162,0.5247285289349821,1.7715567619105355,3.001217203784561,0.5247285289349821,0.5247285289349821,0.5247285289349821,8.595643003736127,4.80940653476501,6.032745118126092,4.454347174625593,-2.689918616883415,SC,1.1497100448254445,0.9996559341596684,0.43178241642553783,2.975456864348968,19.5985750948022
AZE,2022,1.75,25.66,7.65,1.34,19.74,5.88,False,20.3655958095069,2096700.0,88.0,10141756,7770.594223351,58.4382815854684,41.0017793895325,69.6758832959182,4.71468033247649,37.2707211293747,122.707271627344,544.580248233146,0.1513,-0.0606320999999999,687108.0,0,1.0,EaP,3.013846997215839,14.55587523813333,0.5596157879354227,2.0347056478384444,3.2449333591874905,0.5596157879354227,0.29266961396282004,0.29266961396282004,8.958101917059256,4.809801613427392,6.300015311188897,4.477336814478207,-2.6919249525873523,SC,1.144749926722695,0.9850449936407469,0.5247285289349821,3.0000080918671714,20.0856994533421
AZE,2023,1.27,24.34,7.65,0.59,11.23,3.53,False,20.8825041017301,2154700.0,89.0,10153958,7133.02838048328,58.5075350483702,41.3907560278377,69.64501196768,1.35447749115767,-9.32261504785629,122.854906231095,549.736368813028,0.1816,0.0432245,1103066.0,0,1.0,EaP,3.0389116840673998,14.583162060692324,0.23901690047049992,2.0347056478384444,3.1921210875593813,0.23901690047049992,-0.527632742082372,-0.527632742082372,8.872491161028469,4.811004034930787,6.309438833880584,4.48863636973214,-2.2197700049257643,SC,1.041965723476344,0.9454113597538073,0.5596157879354227,3.013846997215839,20.3655958095069
AZE,2024,1.34,24.45,7.65,0.62,11.28,3.53,False,21.7534102440295,2248558.0,90.43979645,10202830,7294.64276088105,58.573795837717,41.3413783372226,69.6325984108376,4.15806800428062,-1.34423961292765,123.43576466602954,541.026362293599,0.20778,0.1348932,1161769.0,0,1.0,EaP,3.079770538072925,14.625799679834643,0.29266961396282004,2.0347056478384444,3.196630215920881,0.29266961396282004,-0.4780358009429998,-0.4780358009429998,8.894895489350812,4.815720896594835,6.293468006482929,4.504684396743813,-2.1727212893015966,SC,0.8631302434976796,0.7827526737323116,0.23901690047049992,3.0389116840673998,20.8825041017301
BEL,2010,0.63,20.93,24.85,,,,False,30.842629161864,3373143.0,77.6397855126946,10895586,44197.393671162,84.9719309583717,66.8578872680664,65.9424518102042,2.71031150254662,1.70310444520605,359.199090099891,401.814092422381,2.0613,1.1312828,1954147.0,0,0.0,EU,3.4288977967431227,15.03135550863875,-0.4620354595965587,3.2128577525426376,3.0411835364579085,-0.4620354595965587,,,10.696421099611392,5.883876803295357,5.995989524992217,4.352079995709341,-1.7184039720028308,W,-0.16514395283186442,-0.31290241093048743,,,
BEL,2011,0.64,21.5,25.18,,,,False,32.1032472233196,3543759.0,81.6099959955952,11038264,47760.8298776546,85.2349607044689,67.7034072875977,65.771386607117,1.93115502411325,2.29252172328242,363.902812118814,597.920107727085,2.15739,1.0640569,1630175.0,0,0.0,EU,3.4689571846246543,15.080698586137514,-0.4462871026284195,3.2260500286162013,3.068052935133617,-0.4462871026284195,,,10.773961123913315,5.8968868323123935,6.393457145906887,4.401951754413576,-1.9126804110886517,W,-0.16702721088115335,-0.31489567902151394,-0.4620354595965587,3.4288977967431227,30.842629161864
BEL,2012,0.82,27.95,32.07,,,,False,33.2388297727719,3692009.0,80.7199905482042,11106932,44874.1709182123,85.4915403816388,69.7490615844727,65.5288562215249,0.215803612089744,2.20573642403188,366.166617215574,957.330070986299,2.27079,1.1007296,1816947.0,0,0.0,EU,3.5037187639755825,15.12168131230505,-0.19845093872383832,3.4679210137050633,3.3304171996011083,-0.19845093872383832,,,10.711617650259736,5.90308846810577,6.8641482337500825,4.390986258951742,-1.8104117978722158,W,-0.2671926008361174,-0.33383360112545124,-0.4462871026284195,3.4689571846246543,32.1032472233196
BEL,2013,0.84,27.79,33.13,0.67,22.27,26.54,False,34.3084525866565,3828918.0,82.1702,11159407,46964.5946777056,85.7415410247275,71.7841110229492,65.2910824069226,0.305494549070232,1.41248965471736,367.896581281113,1260.55085185082,2.32047,1.1209955,1725344.0,0,0.0,EU,3.535391754910596,15.158092814716927,-0.1743533871447778,3.5004392163118045,3.3246762437544124,-0.1743533871447778,-0.40047756659712525,-0.40047756659712525,10.757149292085947,5.907801869545436,7.139304088417026,4.408792705918472,-1.8668563684490747,W,-0.3439342012303026,-0.3184752464769198,-0.19845093872383832,3.5037187639755825,33.2388297727719
BEL,2014,0.86,28.84,33.83,0.67,22.61,26.52,False,35.7819662752911,4011201.0,85.0012379539925,11209057,47995.7786961339,85.9848336685807,74.0397262573242,65.0395058250497,1.76554038149924,0.840395740063599,369.533412455082,1610.03731179171,2.35858,0.9346005,1460180.0,0,0.0,EU,3.577444031162327,15.20460125568809,-0.15082288973458366,3.521347982792617,3.3617633124167483,-0.15082288973458366,-0.40047756659712525,-0.40047756659712525,10.7788683421922,5.912241162430187,7.384012632735879,4.442665820548878,-2.0381623964332443,W,-0.2596810091768991,-0.24034663547478524,-0.1743533871447778,3.535391754910596,34.3084525866565
BEL,2015,0.77,31.1,30.5,0.53,21.35,20.94,False,36.5492377831789,4121049.0,85.0529417508701,11274196,40893.804537772,86.2212893480444,76.423942565918,64.8430252778753,1.47416433731927,1.12183851916816,371.680875614018,2038.46021481266,2.43496,1.1764063,1465777.0,0,0.0,EU,3.5986603318929453,15.23161830056815,-0.2613647641344075,3.417726683613366,3.4372078191851885,-0.2613647641344075,-0.6348782724359695,-0.6348782724359695,10.618733852262814,5.918035624846966,7.61995000517538,4.443273906731299,-2.0401310973458835,W,-0.266453061464682,-0.4160886923576467,-0.15082288973458366,3.577444031162327,35.7819662752911
BEL,2016,0.82,31.75,30.42,0.6,23.08,22.11,False,37.6812994536783,4270309.0,86.5164766644457,11331422,41854.5498296444,86.4507790979645,77.2435073852539,64.6607620134318,1.19350273007754,1.89528913569444,373.567467774371,3047.27862045911,2.53291,1.3239138,1447216.0,0,0.0,EU,3.629163935676102,15.26719674792614,-0.19845093872383832,3.4151002868311466,3.457892725338701,-0.19845093872383832,-0.5108256237659907,-0.5108256237659907,10.641955787562523,5.9230986248714785,8.022004215717324,4.460334877468396,-2.0579378637969294,W,-0.18003356823401417,-0.24579921364541246,-0.2613647641344075,3.5986603318929453,36.5492377831789
BEL,2017,0.89,31.34,30.99,0.49,17.1,16.9,False,38.4911160919085,4378973.0,87.6796808175598,11375158,44035.3239358548,86.6731739531869,80.7738189697266,64.4426328280277,1.47446761556785,1.98316343604859,375.009329772855,8300.54404519041,2.67654,1.2707575,1499183.0,0,0.0,EU,3.6504274638071434,15.292324779973251,-0.11653381625595151,3.433664571799657,3.444895236927875,-0.11653381625595151,-0.7133498878774648,-0.7133498878774648,10.692747407539397,5.926950905055204,9.024076339249842,4.473690182882402,-2.0265115617937113,W,-0.05421983893004035,-0.10645254089333558,-0.19845093872383832,3.629163935676102,37.6812994536783
BEL,2018,0.86,32.08,32.48,0.47,17.5,17.71,False,39.4006967604533,4502950.0,88.6473429951691,11427054,47487.2100392561,86.8883449485575,79.1237487792969,64.2447525310394,1.87796847383565,1.71728236623039,374.74351490506,13973.2427973124,2.86365,1.2683788,1546461.0,0,0.0,EU,3.6737835004229877,15.320243295513423,-0.15082288973458366,3.480624515293477,3.4682327829983137,-0.15082288973458366,-0.7550225842780328,-0.7550225842780328,10.76821569143367,5.926241831709716,9.544899551105853,4.484666060217347,-2.000014607212909,W,0.03180799721453188,0.013835249943898424,-0.11653381625595151,3.6504274638071434,38.4911160919085
BEL,2019,0.86,32.08,32.48,0.47,17.5,17.71,True,39.9517850127817,4590707.0,90.275428012141,11488980,46716.6227467964,87.0961631189222,79.3044815063477,64.0794211416653,2.4428900448156,1.85424076568934,376.761985964452,19655.5307781892,3.15154,1.2890183,1597916.0,0,0.0,EU,3.687673352385116,15.339544600676337,-0.15082288973458366,3.480624515293477,3.4682327829983137,-0.15082288973458366,-0.7550225842780328,-0.7550225842780328,10.75185532779159,5.9316136511065904,9.886114042232586,4.5028653083557275,-1.9726880348188454,W,-0.051884432475602406,-0.10226948655754228,-0.15082288973458366,3.6737835004229877,39.4006967604533
BEL,2020,0.8,32.89,31.19,0.44,17.94,17.01,False,41.0239697084264,4734210.0,91.52641629,11538604,45906.2875805246,87.2964994991269,79.4996032714844,63.9755896544114,-4.7929839083518,1.59611667576401,378.38932248967,24215.3210215031,3.36823,1.3238216,1606911.0,0,0.0,EU,3.7141565229112903,15.370325428021495,-0.2231435513142097,3.440097530619712,3.4931686602009657,-0.2231435513142097,-0.8209805520698302,-0.8209805520698302,10.734357370992296,5.935923619257588,10.09474081188359,4.516627633237843,-1.9713845807041537,W,0.05666443755750763,0.05950342990712238,-0.15082288973458366,3.687673352385116,39.9517850127817
BEL,2021,0.84,32.6,33.16,0.46,17.78,18.09,False,43.0218054966431,4977986.0,92.78867618,11586195,51658.238294958,87.4305564090635,82.6882019042969,63.8651840723626,6.25445686466593,2.69731875410955,379.949990161999,28369.365438783,3.40589,1.3954035,1698718.0,0,0.0,EU,3.7617070917325854,15.420535949531272,-0.1743533871447778,3.501344330267094,3.484312288372662,-0.1743533871447778,-0.7765287894989963,-0.7765287894989963,10.852404964151159,5.940039639222911,10.253065160220457,4.530324608424216,-1.9199404542651248,W,0.06250604617821724,0.09750855588912262,-0.2231435513142097,3.7141565229112903,41.0239697084264
BEL,2022,0.68,30.5,26.62,0.41,18.3,15.97,False,43.5657139519422,5071842.0,94.00783071,11680210,50639.0264882739,87.489200269855,83.5736465454102,63.7031280332457,4.02460852835887,6.69902524819976,383.033055683085,30850.8151822613,3.19592,1.4079657,1567145.0,0,0.0,EU,3.7742704637491764,15.439214623194426,-0.3856624808119846,3.2816628129669656,3.417726683613366,-0.3856624808119846,-0.8915981192837836,-0.8915981192837836,10.832477832468063,5.948121292722929,10.336918453044758,4.543378084225831,-2.008640464094074,W,-0.02264018094361044,-0.07352855711512021,-0.1743533871447778,3.7617070917325854,43.0218054966431
BEL,2023,0.69,30.52,27.22,0.41,18.31,16.33,False,43.7026445985633,5118844.0,94.62625074,11779946,55244.68145811,87.551492636772,82.1475601196289,63.5639803078539,1.56125539542029,5.50779389634111,386.303731881682,33664.5855592207,3.27235,1.2914096,1241178.0,0,0.0,EU,3.777408617400052,15.448439190273266,-0.37106368139083207,3.30395199722332,3.4183822064162563,-0.37106368139083207,-0.8915981192837836,-0.8915981192837836,10.91952735154477,5.95662393020461,10.424201690172003,4.549934929530231,-2.250337665519653,W,-0.4258254221066209,-0.26227152968514933,-0.3856624808119846,3.7742704637491764,43.5657139519422
BEL,2024,0.66,36.16,30.15,0.36,19.37,16.15,False,44.2321563183446,5192308.0,95.77579144,11858610,56581.9375642531,87.6126557010527,82.1475601196289,63.4457922250499,1.09775383828703,1.88024411217241,390.9474829393726,36731.8766702,3.27235,1.2435483,1314580.0,0,0.0,EU,3.789452043084926,15.46268885764048,-0.4155154439616658,3.4061849231731944,3.5879535355239756,-0.4155154439616658,-1.0216512475319814,-1.0216512475319814,10.943445088953794,5.968573236231272,10.511400231170333,4.5620099540868955,-2.199536963048132,W,-0.2386375194123548,-0.14392512124278192,-0.37106368139083207,3.777408617400052,43.7026445985633
BGR,2010,2.43,25.2,13.45,,,,False,15.1221247609612,1124723.0,46.23,7395599,6854.2987837778,71.5149307250977,58.354850769043,68.3958807402685,1.55536266288017,0.764130914968717,68.1245302137067,62.3343693999634,0.56299,0.4826727,777039.0,0,0.0,EU,2.7161588873970586,13.933047341080767,0.8878912573524571,2.598979106047848,3.2268439945173775,0.8878912573524571,,,8.832631294098634,4.221337357014042,4.13251294943813,3.833628938000134,-2.2531498303824438,SE,0.412973969042765,0.22369932714329724,,,
BGR,2011,2.35,25.33,13.45,,,,False,17.0296984088807,1256796.0,47.9799930506026,7348328,7849.98219737366,72.6101653885532,59.8246803283691,67.9655488971921,2.09017598337418,6.11282837292184,67.6890935887988,101.383607264129,0.5295,0.3293894,770934.0,0,0.0,EU,2.8349587851155933,14.044076183232297,0.8544153281560676,2.598979106047848,3.231989464013584,0.8544153281560676,,,8.968266542923393,4.21492506780889,4.618911414026195,3.8707841125720757,-2.2546253165491708,SE,0.40405055535456347,0.2623408112752924,0.8878912573524571,2.7161588873970586,15.1221247609612
BGR,2012,1.65,18.79,9.72,,,,False,18.2006758494654,1331746.0,51.8999876658503,7305888,7432.33753378983,72.7684860229492,62.1616516113281,67.4917027281691,0.748814556346105,1.11217130423154,67.2981577008106,251.714781283261,0.60039,0.3314826,884814.0,0,0.0,EU,2.901458727979289,14.102001421208,0.5007752879124892,2.2741856184723477,2.933324813425374,0.5007752879124892,,,8.913595695741964,4.209132861845247,5.5282966262145985,3.9493185525196046,-2.1110584239441588,SE,0.37919432352206056,0.3258001299361443,0.8544153281560676,2.8349587851155933,17.0296984088807
BGR,2013,1.82,21.62,11.4,1.07,12.74,6.72,False,19.5682074718498,1421552.0,53.0615,7160005,7796.37945241455,72.9632821572019,68.2013397216797,66.9753508090845,-0.542753400392826,0.0719574385567938,65.9543570375829,327.23440835586,0.63424,0.2963471,734497.0,0,0.0,EU,2.9739061814974503,14.167259790480449,0.598836501088704,2.4336133554004498,3.073618812211062,0.598836501088704,0.06765864847381486,0.06765864847381486,8.961414732148791,4.188962942751856,5.790676759211463,3.971451618193159,-2.277080047084043,SE,0.3668805767226002,0.9320970692492762,0.5007752879124892,2.901458727979289,18.2006758494654
BGR,2014,1.79,21.91,11.4,1.06,12.91,6.72,False,20.5011345688189,1480889.0,55.4903766299262,7073572,8070.01289303544,73.0844879150391,72.981559753418,66.4196171095264,0.949449772002041,1.34078607268415,65.1581798084009,648.752850752067,0.79007,0.3082609,524678.0,0,0.0,EU,3.020480229433329,14.208153141082551,0.5822156198526637,2.4336133554004498,3.086943153607375,0.5822156198526637,0.058268908123975824,0.058268908123975824,8.995910358912711,4.176817849157074,6.475051828693283,4.016209611662518,-2.6013361235912287,SE,0.27387259633041633,0.2816357489396137,0.598836501088704,2.9739061814974503,19.5682074718498
BGR,2015,1.59,23.22,10.09,0.98,14.33,6.23,False,22.4944225140811,1614541.0,56.6562516053086,6984225,7269.02586513711,73.1030578613281,78.2999572753906,65.8828672924077,3.39755351999294,2.94773984858946,64.3351602800295,698.717466862823,0.94947,0.4178283,456282.0,0,0.0,EU,3.1132673902179384,14.294561263717112,0.4637340162321402,2.3115448343655176,3.1450139762697455,0.4637340162321402,-0.020202707317519466,-0.020202707317519466,8.891377567758276,4.16410629796873,6.5492464643339865,4.037002336289308,-2.728298274071824,SE,0.09605290294753573,0.11101581177542058,0.5822156198526637,3.020480229433329,20.5011345688189
BGR,2016,1.62,23.6,10.07,0.9,13.13,5.6,False,23.8176881048635,1697590.0,59.825547661014,6894139,7822.89886431732,73.1750030517578,80.6399612426758,65.3990271954816,3.02662820096305,3.32355888853566,63.5053334561533,4180.50752965671,0.77009,0.5564144,477719.0,0,0.0,EU,3.170428502326128,14.344720156155326,0.4824261492442928,2.309560706730471,3.1612467120315646,0.4824261492442928,-0.10536051565782628,-0.10536051565782628,8.964810463609352,4.151123893807048,8.338187936726323,4.091432788136389,-2.669404215812022,SE,0.25980859638012294,0.11685500711367733,0.4637340162321402,3.1132673902179384,22.4944225140811
BGR,2017,1.76,26.67,11.41,1.07,16.15,6.91,False,25.3925159519229,1796682.0,63.4101013837926,6803468,8697.13373333715,73.3904571533203,81.2245864868164,64.9588436261308,2.74592737750996,4.81312201964556,62.6701179071481,33602.2746046575,0.74037,0.5379574,875138.0,0,0.0,EU,3.234454483045279,14.401452188503473,0.5653138090500605,2.4344901638739844,3.283539338193923,0.5653138090500605,0.06765864847381486,0.06765864847381486,9.070748794421887,4.137884745631784,10.422349040227173,4.149623176571923,-2.0508061729506597,SE,0.28252213191897496,0.161490629444342,0.4824261492442928,3.170428502326128,23.8176881048635
BGR,2018,1.62,26.38,11.95,0.9,14.64,6.63,False,27.103417988838,1903946.0,64.78201069118,6710798,9849.88769989118,73.600212097168,83.134880065918,64.5280031853111,2.33015054210419,4.23528219652766,61.816488577745,40013.7211699711,0.75505,0.4816346,686539.0,0,0.0,EU,3.2996598449819325,14.45943913258672,0.4824261492442928,2.4807312783775197,3.2726061472891685,0.4824261492442928,-0.10536051565782628,-0.10536051565782628,9.195215333074866,4.124170134342526,10.596977703524269,4.171027952026233,-2.279810116369419,SE,0.3988668989987712,0.10160280069825411,0.5653138090500605,3.234454483045279,25.3925159519229
BGR,2019,1.62,26.38,11.95,0.9,14.64,6.63,True,28.8836779290396,2014772.0,67.9469809417603,6616726,10354.2500414088,73.7162322998047,84.7503128051758,64.1335371141353,3.79331964589196,5.28264348943156,60.9499447310243,42421.4331982313,0.83576,0.4580563,835079.0,0,0.0,EU,3.363276658029593,14.516016595596058,0.4824261492442928,2.4807312783775197,3.2726061472891685,0.4824261492442928,-0.10536051565782628,-0.10536051565782628,9.245152346427433,4.110052949134816,10.655409013456271,4.218727709025248,-2.069829633507448,SE,0.028978708052735502,0.10160280069825411,0.4824261492442928,3.2996598449819325,27.103417988838
BGR,2020,1.73,31.6,13.8,1.23,22.56,9.85,False,30.5042854761098,2115061.0,70.16248359,6550696,10760.7616180234,73.3239898681641,85.5331115722656,63.8814581406739,-3.13323543125917,4.34990779928985,60.3417096536478,50889.4016757914,0.84549,0.3077122,741199.0,0,0.0,EU,3.4178671811565597,14.56459421165417,0.5481214085096876,2.624668592163159,3.4531571205928664,0.5481214085096876,0.20701416938432612,0.20701416938432612,9.283661613555006,4.100023566999524,10.837409962307856,4.250813746382668,-2.179057437279361,SE,-0.09870585042429414,-0.004108079705120999,0.4824261492442928,3.363276658029593,28.8836779290396
BGR,2021,1.71,29.8,14.67,1.08,18.77,9.24,False,32.7688420838347,2253587.0,75.27144583,6507301,12966.8085197381,73.346765618041,85.3017501831055,63.8135029889597,7.82817310703665,6.96609956897447,59.9419767870302,55100.7245553879,0.76933,0.3229289,989196.0,0,0.0,EU,3.4894781274460587,14.628033726979561,0.5364933705145685,2.6858045921548905,3.3945083935113587,0.5364933705145685,0.0769610411361284,0.0769610411361284,9.470148180704149,4.093377040774641,10.9169181448801,4.321100857444395,-1.8837875643338233,SE,-0.052876676829714565,0.16233697579589132,0.5481214085096876,3.4178671811565597,30.5042854761098
BGR,2022,1.52,30.29,12.96,0.51,10.18,4.36,False,34.9667968772891,2386786.0,79.12686326,6465097,13999.9113358453,73.4799164005224,84.1293563842773,63.7634737521873,4.08386398118941,15.9184610592695,59.5532148120855,57819.5501165721,0.75174,0.2475956,929829.0,0,0.0,EU,3.55439895057723,14.68545824901876,0.41871033485818504,2.561867690924129,3.410817625039146,0.41871033485818504,-0.6733445532637656,-0.6733445532637656,9.546806275423434,4.0868702794337635,10.965082234782061,4.37105242849672,-1.9391725966871562,SE,-0.19717715597753457,-0.15487111477602317,0.5364933705145685,3.4894781274460587,32.7688420838347
BGR,2023,1.25,31.48,14.36,0.48,12.2,5.57,False,37.0235717545079,2516049.0,80.38956462,6446596,15854.0192893772,73.7322671584613,79.8532333374023,63.6293606509783,1.68151075832925,7.99709199455781,59.3827929255711,54104.3676383629,0.79224,0.351784,1246549.0,0,0.0,EU,3.611554784244606,14.738200371970537,0.22314355131420976,2.664446563620078,3.4493524235492026,0.22314355131420976,-0.7339691750802004,-0.7339691750802004,9.671178330084718,4.08400450301515,10.898670194262795,4.386884374477462,-1.6431733062825804,SE,-0.2776997136624635,-0.3170874004321592,0.41871033485818504,3.55439895057723,34.9667968772891
BGR,2024,1.12,32.95,14.2,0.43,12.77,5.51,False,,,82.438955,6441421,17596.9167621233,73.9499356882481,69.5460433959961,63.4952025385603,3.38708962009333,7.20423580050331,59.335123434045684,50750.6030113542,0.79224,0.2880342,1610403.0,0,0.0,EU,,,0.11332868530700327,2.653241964607215,3.4949912609485163,0.11332868530700327,-0.843970070294529,-0.843970070294529,9.775478981709472,4.083201431405588,10.83467877883057,4.412058080056426,-1.386264709717148,SE,-0.3607384848355877,-0.42714897158300846,0.22314355131420976,3.611554784244606,37.0235717545079
BLR,2010,3.63,43.77,18.13,,,,False,17.5605789720351,1666631.0,31.8,9483836,6034.67885177216,74.5501403808594,80.1169697729485,71.2064002518662,7.75001707500896,11.3403098732787,46.7409685463919,5.06124315097815,0.66913,-1.1710193,1802833.0,0,1.0,EaP,2.8656565587360507,14.326314781501281,1.2892326482767593,2.8975680247667595,3.778948651202804,1.2892326482767593,,,8.705277917827742,3.844621050898408,1.6216121351359831,3.459466289786131,-1.6602295592459757,EE,1.5975210216884004,0.2872836205085201,,,
BLR,2011,2.12,29.47,10.86,,,,False,22.1484924892336,2098068.0,39.6488956598961,9461643,6527.6593428786,75.0597534179688,87.3373753061346,71.2520882300624,5.54997471638077,70.76129097803,46.6297521068454,9.08933046829182,0.6776,-1.3322808,1646463.0,0,1.0,EaP,3.097769434998201,14.55652747923391,0.7514160886839212,2.3850863145057892,3.3833727967496032,0.7514160886839212,,,8.783803711286998,3.8422387946329355,2.2071012496231766,3.680063095483547,-1.7486166959586589,EE,1.5290247898094262,0.23323296130190327,1.2892326482767593,2.8656565587360507,17.5605789720351
BLR,2012,1.34,20.78,7.12,,,,False,26.7549579016379,2531842.0,46.91,9446836,6953.21591683101,75.5281066894531,93.4729592664074,70.9909034339942,1.70785253368828,75.2416667116347,46.5593029044007,25.5111870260053,0.64603,-1.0299101,1782575.0,0,1.0,EaP,3.286719798285592,14.74445765903534,0.29266961396282004,1.9629077254238845,3.0339909856710814,0.29266961396282004,,,8.846959553382286,3.84072683132658,3.2391170628628116,3.8482308723403666,-1.667620922470362,EE,1.4206140989782348,0.19387348156587608,0.7514160886839212,3.097769434998201,22.1484924892336
BLR,2013,1.56,23.54,8.83,0.91,13.68,5.14,False,29.4347914242904,2785842.0,54.17,9443211,7998.0802045456,75.94970703125,95.4975003100193,70.5764717728536,0.998719299661161,21.2630002283286,46.5393725235082,38.7580029716587,0.65191,-1.0356233,1372093.0,0,1.0,EaP,3.382177356478914,14.840060719581606,0.44468582126144574,2.178155014615869,3.1587011018321305,0.44468582126144574,-0.09431067947124129,-0.09431067947124129,8.986956817431702,3.8402986752630195,3.657337262776192,3.9921272496698075,-1.9289587593621702,EE,1.2572327260147724,0.20829482002871968,0.29266961396282004,3.286719798285592,26.7549579016379
BLR,2014,1.44,,8.79,0.73,,4.46,False,28.3376939308168,2684347.0,59.0163187101542,9448515,8341.31809294883,76.3405227661133,94.316359554493,70.0684624749577,1.65112470228097,18.1925984572644,46.5506003261518,61.2794709009828,0.50548,-0.8946824,611099.0,0,1.0,EaP,3.3441928594208803,14.802948053366945,0.36464311358790924,2.1736147116970854,,0.36464311358790924,-0.31471074483970024,-0.31471074483970024,9.028976527583128,3.8405399000126748,4.115444891272718,4.077813993969923,-2.7383538897762714,EE,0.9610428654518146,0.17980220264055338,0.44468582126144574,3.382177356478914,29.4347914242904
BLR,2015,1.17,,7.16,0.72,,4.39,False,30.6040616643757,2903497.0,62.230360906803,9461076,5967.05595058777,76.6263885498047,93.7888271999214,69.5172848567025,-3.82957056812593,16.0224937897335,46.611337189252,107.91584382157,0.49999,-1.0025727,447030.0,0,1.0,EaP,3.4211327342798645,14.881426430557958,0.1570037488096647,1.9685099809725544,,0.1570037488096647,-0.3285040669720361,-0.3285040669720361,8.694008944147766,3.841843798865043,4.6813516994971405,4.130842998127269,-3.052315691194188,EE,0.7002465402598518,-0.03021489498705459,0.36464311358790924,3.3441928594208803,28.3376939308168
BLR,2016,0.74,,3.97,0.68,,3.66,False,32.2929606538076,3067529.0,71.1130457603832,9469379,5039.77560949445,76.8458709716797,91.5206757734477,68.9918011391333,-2.5264464460425,8.34191706191312,46.6499448243246,440.472390005723,0.50063,-0.914265099999999,645703.0,0,1.0,EaP,3.474849270062394,14.936382909475245,-0.3011050927839216,1.3787660946990992,,-0.3011050927839216,-0.3856624808119846,-0.3856624808119846,8.525116838148579,3.8426717445343384,6.087847764650711,4.26427080465281,-2.6854789627862554,EE,0.875173511323754,0.12831054328645644,0.1570037488096647,3.4211327342798645,30.6040616643757
BLR,2017,1.02,17.93,4.5,0.93,16.28,4.09,False,33.3125100702522,3163286.0,74.4364454136036,9458989,5785.54491935194,77.0208206176758,89.4706479354735,68.4886180343404,2.53218349471909,8.62314741010877,46.5987595325832,2269.27000337985,0.58411,-0.8816836,608803.0,0,1.0,EaP,3.505933004222519,14.96712191868698,0.01980262729617973,1.5040773967762742,2.8864752876170416,0.01980262729617973,-0.07257069283483537,-0.07257069283483537,8.66311783041242,3.8415739213048323,7.727213474341929,4.309945679607652,-2.743226051036857,EE,1.0977504351921856,0.21771245167243058,-0.3011050927839216,3.474849270062394,32.2929606538076
BLR,2018,0.99,18.42,4.66,0.87,16.21,4.1,False,33.7711870351479,3201519.0,79.1298866919307,9438785,6360.037502312,77.2132720947266,84.7097808751504,68.079682439857,3.14919758275296,12.1392299880648,46.5010592176569,3436.88303102571,0.60443,-0.7883245,903676.0,0,1.0,EaP,3.5196079843615244,14.979135942641484,-0.01005033585350145,1.5390154481375546,2.913437030827161,-0.01005033585350145,-0.13926206733350766,-0.13926206733350766,8.75778955290672,3.839475091208218,8.142320243982596,4.371090637697048,-2.346111654159528,EE,1.01093269677112,0.1562258102882507,0.01980262729617973,3.505933004222519,33.3125100702522
BLR,2019,0.99,18.42,4.66,0.84,15.59,3.95,True,34.0723501521236,3214869.0,82.7891520910901,9419758,6837.77339645635,77.4550771852757,81.2921953254514,67.6546230933346,1.44645548204305,8.57698909105054,46.4107506220284,5750.67852061592,0.57733,-0.5076275,694958.0,0,1.0,EaP,3.5284862093972795,14.983297168322919,-0.01005033585350145,1.5390154481375546,2.913437030827161,-0.01005033585350145,-0.1743533871447778,-0.1743533871447778,8.830217430787368,3.8375311268354655,8.657073130414899,4.4162970394155785,-2.606713265135133,EE,1.0816385237960344,0.21272847555717092,-0.01005033585350145,3.5196079843615244,33.7711870351479
BLR,2020,0.91,15.66,4.14,0.74,12.76,3.38,False,34.8152229336418,3255552.0,85.08791245,9379952,6542.85579976768,77.7890385790408,79.900160036935,67.2194165637181,-0.672742918585868,11.8774650462643,46.211212927382,7550.57168736045,0.53901,-0.6830906,489454.0,0,1.0,EaP,3.5500547317530633,14.99587240450031,-0.09431067947124129,1.4206957878372228,2.751109690562657,-0.09431067947124129,-0.3011050927839216,-0.3011050927839216,8.78612901577126,3.833222472695716,8.929378559556634,4.44368498612533,-2.9530394406038916,EE,0.6404669227310322,0.15036409287404978,-0.01005033585350145,3.5284862093972795,34.0723501521236
BLR,2021,0.83,15.24,4.07,0.76,13.92,3.72,False,35.0097634241001,3238881.0,86.88841196,9302585,7489.71894713888,78.131086803694,78.6027133367864,66.8571610783922,2.43886210234947,15.3265737193908,45.8368317319537,9313.43277164358,0.45981,-0.7942597,1240128.0,0,1.0,EaP,3.555626977562998,14.99073845774406,-0.18632957819149348,1.4036429994545037,2.7239235502585,-0.18632957819149348,-0.2744368457017603,-0.2744368457017603,8.921286552060753,3.825087954222801,9.139213021069764,4.4646246742426206,-2.0150777184295903,EE,0.6415768011001886,0.17138644600433584,-0.09431067947124129,3.5500547317530633,34.8152229336418
BLR,2022,0.73,15.28,4.14,0.62,12.98,3.52,False,34.0671782490739,3125063.0,89.50733148,9228071,7994.64806074889,78.4732787892908,77.0977334087936,66.5333622144506,-4.65839591328999,14.8848623635367,45.4607172767131,10278.4211348179,0.47477,-1.0760793,949305.0,0,1.0,EaP,3.5283344060848414,14.954965000949429,-0.31471074483970024,1.4206957878372228,2.7265447837383743,-0.31471074483970024,-0.4780358009429998,-0.4780358009429998,8.986527604380312,3.8168485964942276,9.237801941106394,4.4943205379035325,-2.274275175326152,EE,0.6570365348014482,0.09500092572875765,-0.18632957819149348,3.555626977562998,35.0097634241001
BLR,2023,0.65,14.32,3.72,0.57,12.57,3.26,False,35.0931910729644,3198983.0,91.51249979,9178298,7896.75388295584,78.8146420666327,72.8250212584046,66.2627417811946,4.12654007153881,8.04676215128896,45.217077292187,11946.8772968583,0.57348,-1.175204,1112315.0,0,1.0,EaP,3.55800712512877,14.97834350475686,-0.4307829160924542,1.3137236682850553,2.6616571615324998,-0.4307829160924542,-0.5621189181535413,-0.5621189181535413,8.974207053120542,3.8114748316824447,9.388225209140751,4.516475572677993,-2.1103983552976633,EE,0.5843023302440723,0.1142527880480448,-0.31471074483970024,3.5283344060848414,34.0671782490739
BLR,2024,0.58,13.7,3.38,0.51,12.03,2.97,False,36.2627055164488,3284203.0,94.26182128,9132629,8605.60954569694,79.1551015210848,70.1107509145358,66.0362068021274,4.34999638140579,12.1668402198719,44.993750477274354,12729.5218058239,0.5872,-1.23226899999999,1238782.0,0,1.0,EaP,3.590789816896441,15.004634562503924,-0.5447271754416722,1.2178757094949273,2.617395832834079,-0.5447271754416722,-0.6733445532637656,-0.6733445532637656,9.060169542359644,3.806523601843046,9.451679126495847,4.546076243184583,-1.9977249661431018,EE,0.5452900584854227,0.132316072221032,-0.4307829160924542,3.55800712512877,35.0931910729644
CYP,2010,1.48,36.73,34.78,,,,False,23.1549178375804,194455.0,52.99,1127816,31105.02734375,67.5229111556342,48.311580657959,71.6949964821405,2.28267100119788,1.88138203943318,122.058008658009,272.207523213006,0.44292,1.4438511,119462.0,0,0.0,EU,3.1422071915602094,12.177956052804348,0.3920420877760237,3.549042508926137,3.6035938598315758,0.3920420877760237,,,10.34512473602766,4.804496412531432,5.606564728384312,3.9701032165046706,-2.2450399690153153,S,0.03504376238334163,0.7712077235562846,,,
CYP,2011,0.86,20.99,20.73,,,,False,24.611252900232,212149.0,56.8598923503507,1146493,32485.8046875,67.3979892758544,46.5397300720215,71.8255025654333,0.416711868408683,1.61625502234671,124.079329004329,398.60688203068,0.45263,1.2151122,112537.0,0,0.0,EU,3.203203773315617,12.265044136973357,-0.15082288973458366,3.0315819264476884,3.0440461338325417,-0.15082288973458366,,,10.38855849405601,4.820921111087132,5.987975673135618,4.040590212980659,-2.321180940279456,S,0.07447871487100839,0.6723738967423815,0.3920420877760237,3.1422071915602094,23.1549178375804
CYP,2012,0.92,20.98,20.27,,,,False,25.5626376173369,220580.0,60.6898684001903,1165397,28991.9296875,67.3010289148738,45.8635902404785,71.8250518921878,-3.44738151374587,1.67877418981877,126.125216450216,1467.31113946578,0.43765,1.0369259,117842.0,0,0.0,EU,3.241131817351831,12.304015719860137,-0.08338160893905101,3.0091419604639085,3.043569602968151,-0.08338160893905101,,,10.274772783601769,4.837275194828622,7.2911868479966255,4.105776771451778,-2.2914723363062204,S,0.13069553577042886,0.49356673742464857,-0.15082288973458366,3.203203773315617,24.611252900232
CYP,2013,0.92,21.49,21.13,0.87,20.26,19.92,False,26.6505813953488,229195.0,65.4548,1183895,27764.7265625,67.2102333625375,47.470890045166,71.7655281929563,-6.58747751118347,-0.937738949964341,128.127164502165,947.719181177385,0.48485,0.8202721,118039.0,0,0.0,EU,3.2828109663344445,12.342328448576044,-0.08338160893905101,3.0506938316279655,3.067587710654419,-0.08338160893905101,-0.13926206733350766,-0.13926206733350766,10.231521665347005,4.85302324342541,6.85405823598578,4.181359828093058,-2.3055500507446527,S,0.17498670758204496,0.6389635434918172,-0.08338160893905101,3.241131817351831,25.5626376173369
CYP,2014,0.97,22.16,21.28,0.91,20.72,19.9,False,28.3005343866171,243611.0,69.3286967086473,1201801,26993.095703125,67.1230558819804,52.1083793640137,71.6676353521237,-1.77605867728616,-1.33826573105922,130.065043290043,2326.50829879489,0.51205,0.9876497,101106.0,0,0.0,EU,3.342880687390244,12.40332796979181,-0.030459207484708574,3.0577676644734435,3.098288861879083,-0.030459207484708574,-0.09431067947124129,-0.09431067947124129,10.203336397586813,4.868034658331092,7.75212383835115,4.238858914402506,-2.4754070725382267,S,0.30715961093954525,0.4534467450579238,-0.08338160893905101,3.2828109663344445,26.6505813953488
CYP,2015,0.81,22.16,17.79,0.76,20.72,16.64,False,30.1736513081732,260640.0,71.7157409175171,1219502,23088.4296875,67.0402477918073,59.8640594482422,71.5197152279025,3.41892038889013,-0.754231430452322,131.980735930736,2263.21892051018,0.47529,0.9934827,99733.0,0,0.0,EU,3.406969070315226,12.470895423835872,-0.21072103131565253,2.8786365016777435,3.098288861879083,-0.21072103131565253,-0.2744368457017603,-0.2744368457017603,10.047086891698926,4.882655972017438,7.724543380022304,4.272710262109068,-2.5037012424903926,S,0.1597728301590579,0.27250988596888504,-0.030459207484708574,3.342880687390244,28.3005343866171
CYP,2016,0.82,22.25,17.74,0.77,20.81,16.59,False,32.0132199103345,278483.0,75.9002054030125,1237112,24280.044921875,66.9625604106231,68.3754730224609,71.326455758874,6.57359080924678,-0.574742494242457,133.88658008658,4304.3798782972,0.5197,0.98056,99935.0,0,0.0,EU,3.4661489396861995,12.537112295193742,-0.19845093872383832,2.8758219768814333,3.1023420086122493,-0.19845093872383832,-0.2613647641344075,-0.2613647641344075,10.09741009533132,4.896993024273232,8.367388359632939,4.329419390629972,-2.5160149352803196,S,0.250001590424101,0.31411453436410547,-0.21072103131565253,3.406969070315226,30.1736513081732
CYP,2017,0.91,22.81,18.08,0.86,21.33,16.9,False,33.6542226269064,295686.0,80.743188971932,1254275,26247.46484375,66.8907450570326,79.827522277832,71.117190760722,5.75083236554525,1.02039376290533,135.744047619048,16331.3467939646,0.54259,0.9695105,124456.0,0,0.0,EU,3.5161385349016383,12.597053359437364,-0.09431067947124129,2.89480635496403,3.1271990362962967,-0.09431067947124129,-0.15082288973458366,-0.15082288973458366,10.175324685974921,4.910771109742544,9.700841656168441,4.391273611448532,-2.310360755611314,S,0.409442857517076,0.43063172425977814,-0.19845093872383832,3.4661489396861995,32.0132199103345
CYP,2018,0.86,23.17,18.94,0.97,26.0,21.26,False,35.2355650415637,313667.0,84.4335825186889,1270737,29120.38671875,66.8255530496405,86.5899276733398,70.908704590838,6.27166360056404,1.02575360460912,137.525649350649,5963.46844390303,0.61032,0.9434584,120625.0,0,0.0,EU,3.562055943022299,12.656087192598099,-0.15082288973458366,2.9412760877579323,3.142858338444285,-0.15082288973458366,-0.030459207484708574,-0.030459207484708574,10.279193782399297,4.923810440442059,8.693407544465028,4.4359652196027,-2.354665766436505,S,0.31304521577923516,0.39326282071149404,-0.09431067947124129,3.5161385349016383,33.6542226269064
CYP,2019,0.86,23.17,18.94,0.97,26.0,21.26,True,36.1884973404255,326565.0,86.0636299618935,1286671,29227.16796875,66.7677357070518,93.9260711669922,70.6890608830614,5.87559583386607,1.35009076801123,139.250108225108,7658.52342984337,0.70269,1.0395499,125585.0,0,0.0,EU,3.5887413153106156,12.696384289048456,-0.15082288973458366,2.9412760877579323,3.142858338444285,-0.15082288973458366,-0.030459207484708574,-0.030459207484708574,10.282853965582078,4.936271656007149,8.943574480425301,4.455086905952642,-2.32683072151018,S,0.35721520419801794,0.39326282071149404,-0.15082288973458366,3.562055943022299,35.2355650415637
CYP,2020,0.9,27.41,20.41,0.9,27.41,20.41,False,36.3127392017496,332080.0,90.80194644,1302247,28130.330078125,66.7180443478713,102.390762329102,70.4395285842361,-3.22063018637567,-1.20792857395175,140.935822510823,23168.4158228047,0.82581,0.8979194,122845.0,0,0.0,EU,3.5921686219019544,12.71313118272692,-0.10536051565782628,3.0160249768217535,3.3109079103146946,-0.10536051565782628,-0.10536051565782628,-0.10536051565782628,10.244603635440122,4.948304627263933,10.050545243177204,4.5086807219413645,-2.3609231148193026,S,0.3298272407672851,0.3916850018396629,-0.15082288973458366,3.5887413153106156,36.1884973404255
CYP,2021,0.97,27.42,21.71,0.81,22.85,18.09,False,36.6502473650247,340774.0,90.75951564,1317309,32937.8359375,66.6718365394971,106.362930297852,70.1591161068193,11.3975590801512,3.03406314812496,142.565909090909,55321.8720892365,0.77686,0.8484873,129642.0,0,0.0,EU,3.601420177696642,12.738974779947172,-0.030459207484708574,3.0777729838902004,3.3112726741341683,-0.030459207484708574,-0.21072103131565253,-0.21072103131565253,10.402377304472694,4.959804412715533,10.920923626298586,4.508213323185193,-2.3185694928775384,S,0.48447183128769566,0.669194258580832,-0.10536051565782628,3.5921686219019544,36.3127392017496
CYP,2022,0.9,27.46,19.16,0.25,7.63,5.32,False,36.7656727425982,348943.0,89.60099194,1331370,33231.05078125,66.6694829407584,105.384979248047,69.8887987561685,8.73854684881674,6.16482950856525,144.087662337662,58909.2438615862,0.70468,0.7331313,124882.0,0,0.0,EU,3.604564603933054,12.762663864063548,-0.10536051565782628,2.9528247725427144,3.312730400339825,-0.10536051565782628,-1.3862943611198906,-1.3862943611198906,10.41123998231273,4.970421880586769,10.983753298948486,4.495366390678533,-2.3665944747866723,S,0.22956347565992413,0.5417344519594871,-0.030459207484708574,3.601420177696642,36.6502473650247
CYP,2023,1.33,46.56,32.94,0.22,7.69,5.44,False,36.9005587748344,356607.0,91.22110357,1344976,36623.70703125,66.6739477522639,107.26212310791,69.6228295608359,3.62045368236082,5.60068698105447,145.560173160173,557174.254410488,0.68145,0.7722603,136870.0,0,0.0,EU,3.60822669388127,12.784389614055867,0.28517894223366247,3.494687724749494,3.8407418034231826,0.28517894223366247,-1.5141277326297755,-1.5141277326297755,10.508451042795182,4.980589562356971,13.230633314526838,4.513286269105574,-2.28509987778739,S,0.18863847674306125,0.3640605708793545,-0.10536051565782628,3.604564603933054,36.7656727425982
CYP,2024,1.26,49.72,32.5,0.21,8.23,5.38,False,37.5627069536424,363006.0,89.60099246,1358282,38674.3125,66.6824259192483,120.87727355957,69.3116377895017,3.94076934447787,3.1220034017947,147.00021645021636,221297.933713323,0.68145,0.7395817,142416.0,0,0.0,EU,3.6260117218614107,12.802174642036006,0.23111172096338664,3.481240089335692,3.9064072666425105,0.23111172096338664,-1.5606477482646683,-1.5606477482646683,10.56293089894196,4.990434059228104,12.307265188956793,4.49536639648204,-2.2552235926651214,S,0.11641960062073657,0.22871153209398185,0.28517894223366247,3.60822669388127,36.9005587748344
CZE,2010,1.95,39.18,31.25,,,,False,21.6090542510609,2261179.0,68.82,10474410,20160.4355077059,73.3495599222723,64.9327697753906,70.1383514992853,2.71466509907701,-0.485125297413731,135.626181535673,305.506467667391,1.31352,1.1026865,2404465.0,0,0.0,EU,3.0731124051493,14.631396916635955,0.6678293725756554,3.4420193761824107,3.6681664125163946,0.6678293725756554,,,9.91147732451675,4.90990243604054,5.721970949148243,4.231494400369335,-1.4716077140506905,C,0.5960880113242014,0.19209632230470203,,,
CZE,2011,1.93,41.17,31.25,,,,False,23.9064110361087,2509100.0,70.49,10496088,22049.1080788682,73.2878338394746,66.7968215942383,69.5092644845973,1.77238085338473,-0.221133416037063,135.90687556649,470.079900244739,1.5323,1.0263037,1718293.0,0,0.0,EU,3.1741466671550738,14.73543468107085,0.6575200029167941,3.4420193761824107,3.7177098357818132,0.6575200029167941,,,10.00102743011892,4.911969912713895,6.152902680776375,4.255470855785784,-1.8096712601445295,C,0.6482555461177447,0.18552324797069972,0.6678293725756554,3.0731124051493,21.6090542510609
CZE,2012,1.27,27.48,20.43,,,,False,25.2869067180213,2656980.0,73.4300078241036,10510785,20014.0354015165,73.2249239592898,66.9287719726562,68.7404703476191,-0.770668190622743,1.34339010085863,136.097177262722,834.666487802766,1.757,0.9257526,2137137.0,0,0.0,EU,3.2302867407464215,14.792700697427208,0.23901690047049992,3.0170044088295307,3.3134584673541485,0.23901690047049992,,,9.904189076486476,4.913369169271304,6.727032229258046,4.29633267801538,-1.5929347900247866,C,0.6765984370633902,-0.016919299463469928,0.6575200029167941,3.1741466671550738,23.9064110361087
CZE,2013,1.29,27.92,20.64,1.12,24.12,17.83,False,27.1727115258321,2856168.0,74.1104,10514272,20260.4954999375,73.1622186934979,66.3243179321289,67.9917611396456,-0.0418124160447491,1.2715877867745,136.159958559959,1079.86553895505,1.86743,0.947901,1592108.0,0,0.0,EU,3.3022132169803236,14.864991424240987,0.25464221837358075,3.027230940613362,3.329343277894172,0.25464221837358075,0.11332868530700327,0.11332868530700327,9.916428234558763,4.91383036047689,6.98459181139983,4.305555873330971,-1.8876746480136435,C,0.5341276951867991,-0.002576586702130063,0.23901690047049992,3.2302867407464215,25.2869067180213
CZE,2014,1.1,24.39,16.81,1.1,24.39,16.81,False,28.475360327904,2994818.0,74.2317116367383,10525347,20038.4163180257,73.0995921041469,67.3959732055664,67.2980768549652,2.24521219862635,2.7067159395823,136.30337995338,1417.62547116024,1.94392,0.812549,986538.0,0,0.0,EU,3.349039163437695,14.912394019738663,0.09531017980432493,2.821973947420524,3.194173212227829,0.09531017980432493,0.09531017980432493,0.09531017980432493,9.905406526029457,4.914883136292163,7.256738547494307,4.307191439421314,-2.367339782387186,C,0.38850766465024567,-0.0340348878187491,0.25464221837358075,3.3022132169803236,27.1727115258321
CZE,2015,0.93,24.39,14.19,0.93,24.39,14.19,False,27.9980000790543,2946626.0,75.668838699279,10546059,17931.5987670768,73.0370442874355,67.2303619384766,66.6295181305301,4.95875848915604,1.23453645859612,136.589288952208,2048.8222188023,1.906,0.9885827,972260.0,0,0.0,EU,3.332133081876203,14.896171344945506,-0.07257069283483537,2.6525374911719513,3.194173212227829,-0.07257069283483537,-0.07257069283483537,-0.07257069283483537,9.794319729778335,4.916978532292253,7.625020379614826,4.326366433678119,-2.3838842562096008,C,0.22204041596476679,-0.17461558049918532,0.09531017980432493,3.349039163437695,28.475360327904
CZE,2016,0.94,24.09,14.28,0.54,13.74,8.14,False,29.14911847267,3069970.0,76.4811986951838,10566332,18753.9686718096,72.9745753395623,67.5056381225586,65.9601528606104,2.58087013921376,1.49123391004676,136.851858567543,11991.389254095,1.65411,0.9408369,1029292.0,0,0.0,EU,3.3724246712644455,14.937178347528663,-0.06187540371808753,2.658859956911438,3.18179681662678,-0.06187540371808753,-0.616186139423817,-0.616186139423817,9.839160671497723,4.918899016450681,9.39194410904044,4.337044941936009,-2.328801532541515,C,0.21794846137316773,-0.1495691681739834,-0.07257069283483537,3.332133081876203,27.9980000790543
CZE,2017,1.41,34.94,21.35,0.99,24.44,14.93,False,29.8452606888193,3146091.0,78.7191728513432,10594438,20913.197632212,72.9121853567256,67.7142181396484,65.3001802474571,5.17356529967881,1.6836205033357,137.21587877218,25419.9420488373,1.74513,1.1404044,1458892.0,0,0.0,EU,3.3960260563393527,14.961671287801858,0.34358970439007686,3.0610517396746335,3.5536323047059106,0.34358970439007686,-0.01005033585350145,-0.01005033585350145,9.948135704318434,4.921555443086173,10.143289264994085,4.365886745210938,-1.9826519029276028,C,0.4871880526979004,0.02716315820810875,-0.06187540371808753,3.3724246712644455,29.14911847267
CZE,2018,1.36,35.92,22.96,0.54,14.32,9.16,False,30.5512773467128,3222835.0,80.6881675434288,10629928,23705.9329811299,72.8498744351241,66.7902221679688,64.6915656051411,2.83030588267866,2.81335980001735,137.675534257221,42344.5953726121,1.87652,1.1466245,1459484.0,0,0.0,EU,3.4194064964198807,14.98577196494784,0.3074846997479607,3.133753571451366,3.581294243433999,0.3074846997479607,-0.616186139423817,-0.616186139423817,10.07348063255074,4.924899715709173,10.653596073816177,4.390591941767728,-1.9855904704542595,C,0.3912481660055169,-0.008210816511073764,0.34358970439007686,3.3960260563393527,29.8452606888193
CZE,2019,1.36,35.92,22.96,0.54,14.32,9.16,True,35.4302064212035,3739614.0,80.8669444139622,10671870,24062.7190013343,72.7876426709563,66.8802185058594,64.1400490294769,3.56577658128261,3.8413178989087,138.226810266108,56186.8725912141,1.89547,1.1215213,1479720.0,0,0.0,EU,3.56756474503042,15.134492955508195,0.3074846997479607,3.133753571451366,3.581294243433999,0.3074846997479607,-0.616186139423817,-0.616186139423817,10.088418992342875,4.9288958886555685,10.936438424810614,4.392805142468616,-1.975758427001476,C,0.28365703525116653,-0.12289383963813774,0.3074846997479607,3.4194064964198807,30.5512773467128
CZE,2020,0.95,28.59,16.89,0.3,8.96,5.29,False,36.4490898642092,3845426.0,81.33889705,10697858,23472.8915454417,72.7254901604208,67.1843719482422,63.7032085719896,-5.30487955463876,4.51623223406736,138.575928842168,67601.7572863652,1.94537,1.0899444,1250369.0,0,0.0,EU,3.5959164887110795,15.162394948022735,-0.05129329438755058,2.826721730819709,3.3530570063342204,-0.05129329438755058,-1.2039728043259361,-1.2039728043259361,10.063601483022085,4.931418398095369,11.121389257053615,4.3986243406379435,-2.1466048267606346,C,0.12059634820166759,-0.16616349673641856,0.3074846997479607,3.56756474503042,35.4302064212035
CZE,2021,1.17,34.05,23.46,0.51,14.94,10.29,False,37.4984794433561,3948846.0,82.67062427,10505772,27696.4619527544,72.6810594374316,69.8369293212891,63.3939300705344,4.02901832055149,4.03442637497191,136.108349053848,75932.7348813586,1.93302,1.2403943,1741305.0,0,0.0,EU,3.624300383977095,15.188933942293891,0.1570037488096647,3.1552968432253294,3.527830032595521,0.1570037488096647,-0.6733445532637656,-0.6733445532637656,10.229059956680212,4.913451252771103,11.237603160014558,4.414864330584809,-1.7972899882946594,C,0.10459513227908819,-0.14844846608423232,-0.05129329438755058,3.5959164887110795,36.4490898642092
CZE,2022,0.98,30.41,19.41,0.48,14.83,9.47,False,37.7136856539825,4025262.0,84.54009378,10672118,28282.2236715857,72.6967638379524,70.8145904541016,63.5339892495353,2.8471706583814,8.67110087967065,138.290511305111,85606.0624517083,1.89089,1.3279348,1452734.0,0,0.0,EU,3.6300230432745684,15.208100559884034,-0.020202707317519466,2.9657883971809187,3.4147715016892732,-0.020202707317519466,-0.7339691750802004,-0.7339691750802004,10.249988747456268,4.92935662680946,11.357511382655977,4.437225904435403,-1.9941872477661329,C,-0.11425358935091802,-0.16583376856577478,0.1570037488096647,3.624300383977095,37.4984794433561
CZE,2023,0.87,29.3,20.73,0.43,14.29,10.11,False,37.9099783935119,4097961.0,85.99404818,10864042,31761.5944102491,72.7352388396817,66.7282867431641,63.7804637975688,0.0475803308973752,8.59789006156055,140.785547662605,80152.0281309664,1.83369,1.2275231,1464235.0,0,0.0,EU,3.6352143595864272,15.226000090898214,-0.13926206733350766,3.0315819264476884,3.3775875160230218,-0.13926206733350766,-0.843970070294529,-0.843970070294529,10.366013115935042,4.947237794013915,11.291680461909273,4.454278086649276,-2.004125515005262,C,-0.2753797633507769,-0.515553346570988,-0.020202707317519466,3.6300230432745684,37.7136856539825
CZE,2024,1.11,41.75,25.84,0.41,15.26,9.45,False,38.8656371139002,4172560.0,87.68776014,10905028,31827.7552539413,72.7947984592185,66.7282867431641,63.7573202107069,1.25131096245923,3.90248023036213,141.2385442300221,79335.8806598204,1.83369,1.2319075,1330797.0,0,0.0,EU,3.6601104955466663,15.244040314282923,0.10436001532424286,3.2519236789144013,3.7316994512968646,0.10436001532424286,-0.8915981192837836,-0.8915981192837836,10.368093994821677,4.950450263941237,11.281445772627414,4.473782324529697,-2.103445956403318,C,-0.32673692588012904,-0.2235861886544121,-0.13926206733350766,3.6352143595864272,37.9099783935119
DEU,2010,1.06,35.64,39.38,,,,False,32.3662636839336,26161950.0,82.0,81776930,42396.9665976293,80.305702559949,60.8984489440918,65.7386429233445,4.13463778522758,0.699760025176531,234.606908225034,1049.31794333683,2.67632,1.4217684,12202273.0,0,0.0,EU,3.4771166360037804,17.079816623059614,0.058268908123975824,3.6732580732109796,3.573468602602609,0.058268908123975824,,,10.654832096152019,5.4579113826103525,6.955895654310071,4.406719247264253,-1.9023729286303015,W,-0.2518613474519535,0.36534673401048207,,,
DEU,2011,1.02,36.44,39.38,,,,False,33.7098845809377,27257096.0,81.26999953602,80274983,47630.9761883572,80.3405762928198,60.8984489440918,65.8994933869984,3.75796884489337,1.22973443987648,230.304633348634,1471.90314571602,2.75016,1.472517,8900393.0,0,0.0,EU,3.5177911053581052,17.1208244488441,0.01980262729617973,3.6732580732109796,3.5956670723917576,0.01980262729617973,,,10.771238588826478,5.43940292537647,7.294311499376786,4.397776939055996,-2.1993625951369618,W,-0.24470883253525322,0.37270425365703647,0.058268908123975824,3.4771166360037804,32.3662636839336
DEU,2012,0.99,36.66,38.5,,,,False,34.5501078335304,27956700.0,82.3499984738392,80425823,44718.0159214069,80.393447520218,60.8984489440918,65.9715437998931,0.463512036709204,1.43633622765856,230.750625466231,2194.9044898179,2.82499,1.5033775,10072964.0,0,0.0,EU,3.542410671295072,17.146167442613223,-0.01005033585350145,3.6506582412937387,3.6016862424115588,-0.01005033585350145,,,10.708131740149913,5.441337583958838,7.693893811951136,4.410978438091035,-2.0774803031654905,W,-0.2985927013145069,0.16676504751318907,0.01980262729617973,3.5177911053581052,33.7098845809377
DEU,2013,1.01,36.15,39.77,0.61,21.67,23.83,False,35.3423024244517,28641961.0,84.17,80645605,47206.8353514242,80.4732318400362,60.8984489440918,65.9544693115349,0.396995583779145,1.99569888138804,231.155712565925,2601.18328828955,2.78067,1.4776207,8970836.0,0,0.0,EU,3.56508061543294,17.1703833683831,0.009950330853168092,3.6831128592195994,3.5876769486047735,0.009950330853168092,-0.4942963218147801,-0.4942963218147801,10.762293977856173,5.443091563803635,7.863721731358623,4.432838563223485,-2.1960854370740446,W,-0.3746514875632936,0.09941436851295758,-0.01005033585350145,3.542410671295072,34.5501078335304
DEU,2014,1.17,42.51,46.37,0.5,18.18,19.83,False,36.3409222955935,29572818.0,86.1937006578756,80982500,48959.5991203133,80.57574023743,65.1844787597656,65.8621937797938,2.18018602168017,1.89470416699187,232.108053883634,3352.78609576143,2.82218,1.5568299,4406245.0,0,0.0,EU,3.5929444422715457,17.20236618657779,0.1570037488096647,3.8366526984033693,3.749739342370699,0.1570037488096647,-0.6931471805599453,-0.6931471805599453,10.798750729250589,5.4472030127371,8.11754694954948,4.456597096784404,-2.911210229121668,W,-0.3109854489342739,0.023093800045417733,0.009950330853168092,3.56508061543294,35.3423024244517
DEU,2015,0.98,42.51,38.76,0.4,17.57,16.03,False,37.412701768023,30707429.0,87.5897993525767,81686611,41929.7549110722,80.6974371632814,68.23291015625,65.7365353514053,1.66300602334775,1.74443989037543,234.152986871524,4297.92588653237,2.87725,1.6412186,4639397.0,0,0.0,EU,3.6220102662287053,17.240015170253987,-0.020202707317519466,3.6573887870225654,3.749739342370699,-0.020202707317519466,-0.916290731874155,-0.916290731874155,10.643750994955075,5.455974691779342,8.365887833343304,4.4726645454151726,-2.868305707490712,W,-0.30664673760082994,-0.1504656462927146,0.1570037488096647,3.5929444422715457,36.3409222955935
DEU,2016,1.01,41.74,38.66,0.29,11.93,11.05,False,38.4991067314054,31861900.0,84.1652066441212,82348669,42948.9381932694,80.8347870684725,67.9464111328125,65.5385099359924,2.22222216259371,1.25424485239203,235.712929356538,11624.9602042748,2.88393,1.6895096,4300647.0,0,0.0,EU,3.650635039242895,17.27692149657512,0.009950330853168092,3.654805473780185,3.7314599016490546,0.009950330853168092,-1.2378743560016174,-1.2378743560016174,10.667767205180603,5.462614663577767,9.360909807161509,4.432781613094327,-2.9521968172758783,W,-0.21476711316351524,-0.16443834341453928,-0.020202707317519466,3.6220102662287053,37.412701768023
DEU,2017,1.09,42.05,39.38,0.47,18.04,16.89,False,39.9888046312857,33232299.0,84.3941537010844,82657002,45553.9341495339,80.9842544038853,68.4692306518555,65.2493405041228,2.797906720551,1.47661425586129,236.588722557747,34181.2784354313,2.9886,1.6946666,5687482.0,0,0.0,EU,3.688599530721181,17.319032822409504,0.08617769624105241,3.6732580732109796,3.738859386418957,0.08617769624105241,-0.7550225842780328,-0.7550225842780328,10.726652268871367,5.466323285817199,10.439433358996183,4.4354981302582095,-2.6764319199349966,W,-0.08800509101287433,0.21031888441655638,0.009950330853168092,3.650635039242895,38.4991067314054
DEU,2018,1.04,43.43,41.27,0.45,18.63,17.7,False,40.9651498488548,34152033.0,87.037112092841,82905782,48916.1686612154,81.1423036204018,69.1634292602539,64.9876223341919,1.13569604599849,1.87085953898291,237.294012250272,56406.6207107244,3.05057,1.6795515,5736247.0,0,0.0,EU,3.7127217015598646,17.346332673687915,0.03922071315328133,3.7201358437644907,3.7711504465467307,0.03922071315328133,-0.7985076962177716,-0.7985076962177716,10.797863268279754,5.469299930296867,10.940341819084683,4.466334603476783,-2.6708996426548017,W,0.00013406339988772387,0.20364566510167262,0.08617769624105241,3.688599530721181,39.9888046312857
DEU,2019,1.04,43.43,41.27,0.37,15.52,14.75,True,42.1155574684512,35191417.0,88.1345169091916,83092962,47656.199739747,81.3053991689039,72.705078125,64.709009583285,0.977734697038784,2.00929122727773,237.822954291766,77970.0331298817,3.11256,1.6651379,5860320.0,0,0.0,EU,3.740417208494424,17.37631277560841,0.03922071315328133,3.7201358437644907,3.7711504465467307,0.03922071315328133,-0.9942522733438669,-0.9942522733438669,10.771768010581992,5.471526507317971,11.264079841209053,4.478864248597368,-2.6517557955274236,W,-0.08355836629024659,0.20364566510167262,0.03922071315328133,3.7127217015598646,40.9651498488548
DEU,2020,0.99,44.91,39.63,0.42,19.27,17.0,False,43.3048696627,36215303.0,89.81294133,83160871,47394.8734504469,81.4700055002738,72.3894195556641,64.3935455490144,-4.13191443239947,1.75745290166456,238.017318755545,97517.56929049,3.0897,1.5622145,5723769.0,0,0.0,EU,3.768265092026718,17.404992322275444,-0.01005033585350145,3.679586407202344,3.8046604870996465,-0.01005033585350145,-0.8675005677047231,-0.8675005677047231,10.766269346780126,5.4723434389044625,11.487787838603435,4.497729077731137,-2.676149432234703,W,0.021148901647389574,-0.03541221760407069,0.03922071315328133,3.740417208494424,42.1155574684512
DEU,2021,1.02,44.1,42.14,0.29,12.61,12.05,False,44.0643361489671,36880564.0,91.43060973,83196078,52349.2459994422,81.6325870653934,75.6655426025391,64.007731691245,3.90999994204108,2.69677840082888,238.118085806692,113297.576359309,3.0786,1.6129105,7381606.0,0,0.0,EU,3.785650751170176,17.423195249377383,0.01980262729617973,3.740997408376043,3.7864597824528,0.01980262729617973,-1.2378743560016174,-1.2378743560016174,10.865692813127952,5.472766709477018,11.637773055430804,4.5155803209717735,-2.4222089771792032,W,0.030146710438057656,0.04222910236885769,-0.01005033585350145,3.768265092026718,43.3048696627
DEU,2022,0.95,44.8,37.21,0.27,12.8,10.64,False,44.6186317766404,37518124.0,91.62984383,83177813,50506.5179638543,81.7867852780995,77.3656997680664,63.6285624993021,1.8092581243061,6.41315910830296,238.086252003664,126884.076646738,3.07096,1.5636199,6554562.0,0,0.0,EU,3.798151524631066,17.440334680852256,-0.05129329438755058,3.6165775423585313,3.8022081394209395,-0.05129329438755058,-1.3093333199837622,-1.3093333199837622,10.829857675525991,5.472633011395971,11.751029166292131,4.517757024621201,-2.5408193458299477,W,-0.07836837868101612,-0.09517091991825809,0.01980262729617973,3.785650751170176,44.0643361489671
DEU,2023,0.96,48.87,41.32,0.25,12.86,10.88,False,45.380522509099,38368429.0,92.4763763,83287273,54776.7668235491,81.9034366692129,78.5947494506836,63.2943857808214,-0.869647578573321,6.6911238945853,238.351810090719,139972.802327193,3.1539,1.4741969,6386761.0,0,0.0,EU,3.8150829933686836,17.462745517939528,-0.040821994520255166,3.721346644251438,3.8891637112820634,-0.040821994520255166,-1.3862943611198906,-1.3862943611198906,10.911021419964431,5.4737477758771655,11.84920341362728,4.526953220549103,-2.568068498265487,W,-0.480865703251717,-0.21979933455326242,-0.05129329438755058,3.798151524631066,44.6186317766404
DEU,2024,0.78,44.81,35.46,0.24,13.59,10.76,False,45.6069242965787,38561677.0,93.49999579,83516593,56103.7323182554,82.0211432579125,76.7096862792969,62.8942524078782,-0.495851897260366,3.1102774214087,239.05596805587385,152113.844011812,3.1539,1.4980615,6440553.0,0,0.0,EU,3.8200595536016895,17.467769517424827,-0.2484613592984996,3.5684053006460617,3.802431328798052,-0.2484613592984996,-1.4271163556401458,-1.4271163556401458,10.934957619034956,5.476697700482599,11.932384493249456,4.537961391267903,-2.5624309246828663,W,-0.2664798668562159,-0.09623313078854405,-0.040821994520255166,3.8150829933686836,45.380522509099
DNK,2010,0.87,29.33,43.94,,,,False,38.076030356193,2112406.0,88.72,5547683,58104.5445594981,86.8652420043945,72.4951477050781,65.4503784115053,1.58289703108802,3.18685979296221,138.692075,1588.05036264689,2.91389,1.9388202,1407675.0,0,0.0,EU,3.63958495964142,14.563338140182022,-0.13926206733350766,3.7828250669564643,3.3786108829893595,-0.13926206733350766,,,10.969999159393712,4.932256187981083,7.370262355817341,4.485485343042112,-1.371440955884596,N,-0.20609382693449557,-0.12963080081839734,,,
DNK,2011,0.86,29.4,43.94,,,,False,38.4725380278661,2143247.0,89.8100133895232,5570572,61809.737898222,87.1567653955846,75.9300231933594,65.1391017778439,1.3108037609606,0.646380343342173,139.2643,2368.15896105463,2.94198,1.9897696,839051.0,0,0.0,EU,3.6499446887981937,14.577832526796643,-0.15082288973458366,3.7828250669564643,3.380994674344636,-0.15082288973458366,,,11.03181620220139,4.936373566533033,7.769868122574604,4.497696476770067,-1.892981529376422,N,-0.25250461922227546,-0.1712230243662438,-0.13926206733350766,3.63958495964142,38.076030356193
DNK,2012,0.85,29.61,42.99,,,,False,38.9767051263458,2179545.0,92.2600117153012,5591572,58443.7747103968,87.2336196899414,77.7465515136719,64.8353207706159,-0.00543230161670749,2.40784261053872,139.7893,3064.43340083969,2.9845,1.8221563,1055644.0,0,0.0,EU,3.662964163219604,14.59462669738481,-0.16251892949777494,3.76096753050819,3.3881121421135,-0.16251892949777494,,,10.975820454990158,4.940136288959232,8.027617970217676,4.5246108051110365,-1.6671094568572138,N,-0.24551149823490553,-0.1734680197537999,-0.15082288973458366,3.6499446887981937,38.4725380278661
DNK,2013,0.91,31.34,47.01,0.34,11.75,17.63,False,40.467787039522,2272401.0,94.6297,5614932,61377.5940590412,87.5436524760432,80.4186782836914,64.6171531249485,1.39267343161971,0.846911259922024,140.3733,3458.45684328857,2.96145,1.8256852,908366.0,0,0.0,EU,3.7005062758884115,14.636347539728382,-0.09431067947124129,3.850360345036039,3.444895236927875,-0.09431067947124129,-1.0788096613719298,-1.0788096613719298,11.02480012993141,4.944305302566754,8.148577769515066,4.549971380273121,-1.821537375595367,N,-0.29439358261785126,-0.13922528835274833,-0.16251892949777494,3.662964163219604,38.9767051263458
DNK,2014,0.9,31.1,46.15,0.35,11.89,17.64,False,41.4926377539648,2341759.0,95.9935053764454,5643475,62520.4509747011,87.6823985731907,81.3143615722656,64.4747664425739,1.27799983192831,1.01870648692126,141.086875,4349.80220520158,2.91543,1.6614901,403592.0,0,0.0,EU,3.7255160079798664,14.66641291434359,-0.10536051565782628,3.8318969609488613,3.4372078191851885,-0.10536051565782628,-1.0498221244986778,-1.0498221244986778,11.043248997796363,4.9493758353968555,8.377885652980332,4.56428053685062,-2.637850822833338,N,-0.14517615050382993,0.02053646145984017,-0.09431067947124129,3.7005062758884115,40.467787039522
DNK,2015,0.75,31.1,38.5,0.14,5.88,7.28,False,42.3133095847231,2404962.0,96.3305016195436,5683483,53094.0133607574,87.7254056577329,83.300407409668,64.3803658918722,2.10441456445301,0.409102918740629,142.087075,6004.944503221,3.06422,1.7644765,454527.0,0,0.0,EU,3.7451016839541036,14.69304466098137,-0.2876820724517809,3.6506582412937387,3.4372078191851885,-0.2876820724517809,-1.9661128563728327,-1.9661128563728327,10.879819458138824,4.9564400738937255,8.70033849270968,4.567785004059448,-2.526062210213997,N,-0.23181201114084826,-0.1054181157305538,-0.10536051565782628,3.7255160079798664,41.4926377539648
DNK,2016,0.71,27.91,35.5,0.14,5.72,7.28,False,42.9699132415221,2461403.0,96.9677852516645,5728010,54500.9260410217,87.6999969482422,82.1714935302734,64.2825644561006,3.07304549209093,0.42651293565801,143.20025,24041.3337267218,3.10209,1.7589174,413411.0,0,0.0,EU,3.7605001787372068,14.71624207053819,-0.342490308946776,3.56953269648137,3.328985047548231,-0.342490308946776,-1.9661128563728327,-1.9661128563728327,10.90597297208536,4.964244000335078,10.087529866591154,4.574378812534793,-2.628681198943834,N,-0.15749237748989492,-0.04384038763527097,-0.2876820724517809,3.7451016839541036,42.3133095847231
DNK,2017,0.82,29.56,37.71,0.39,14.13,18.02,False,43.5697797531659,2511871.0,97.0993621555621,5764980,57521.5514992225,88.0161943799509,81.3220062255859,64.1478791251183,3.05647723922718,1.10061874801856,144.1245,43757.82743392,2.93576,1.7913698,464119.0,0,0.0,EU,3.7743637851054634,14.736538451748405,-0.19845093872383832,3.6299253112702656,3.386422096080001,-0.19845093872383832,-0.941608539858445,-0.941608539858445,10.959914965244344,4.970677509372451,10.686425788558093,4.575734806331956,-2.5194159786245494,N,-0.07401803941370218,0.03716097619598987,-0.342490308946776,3.7605001787372068,42.9699132415221
DNK,2018,0.88,34.92,44.18,0.38,14.89,18.85,False,43.7690892923223,2535904.0,97.3192043651002,5793636,61324.7665045565,88.1059762310689,81.1405487060547,64.0075911860982,1.8600074900921,0.593022199554014,144.8409,123154.440492982,2.97895,1.8428455,563581.0,0,0.0,EU,3.7789278443224696,14.74606073893315,-0.12783337150988489,3.788272197991971,3.5530597309714014,-0.12783337150988489,-0.9675840262617056,-0.9675840262617056,11.023939061611191,4.975635898631242,11.721194460494905,4.577996342430816,-2.330204285141288,N,-0.025330957401114018,0.0467930763147403,-0.19845093872383832,3.7743637851054634,43.5697797531659
DNK,2019,0.88,34.92,44.18,0.38,14.89,18.85,True,43.6229516711158,2536508.0,98.0464347521549,5814422,59404.2663247723,88.2096490810669,81.6945877075195,63.8569667124335,1.71140093932736,0.950878606508979,145.36055,277330.575592896,2.90605,1.9335346,545320.0,0,0.0,EU,3.775583426322628,14.746298889936204,-0.12783337150988489,3.788272197991971,3.5530597309714014,-0.12783337150988489,-0.9675840262617056,-0.9675840262617056,10.992121326420907,4.979217207790168,12.53296548731018,4.585441190453007,-2.366723883586176,N,-0.025330957401114018,0.051172224590441455,-0.12783337150988489,3.7789278443224696,43.7690892923223
DNK,2020,0.82,36.28,42.45,0.35,15.48,18.1,False,44.4185659681079,2590282.0,96.54914573,5831404,60985.4885601514,88.2394485473632,82.6643295288086,63.6927358686314,-1.78010601831291,2.82692168535247,145.7851,277081.814259482,2.96533,1.9761315,505422.0,0,0.0,EU,3.7936575344716763,14.76727730805757,-0.19845093872383832,3.7483269127573564,3.591266625246936,-0.19845093872383832,-1.0498221244986778,-1.0498221244986778,11.018391222398016,4.982133619564935,12.532068099897268,4.570052160880953,-2.4456193497948497,N,-0.022760257650904624,0.0865114651497463,-0.12783337150988489,3.775583426322628,43.6229516711158
DNK,2021,0.81,36.43,45.24,0.49,22.07,27.41,False,44.9598379722906,2633197.0,98.8658506,5856733,69340.7334922138,88.2616449318149,83.982292175293,63.5779425764326,6.50025445756295,3.04435420134703,146.418325,259654.486554193,2.74323,1.9974993,795981.0,0,0.0,EU,3.8057696017597826,14.783709255277017,-0.21072103131565253,3.81198165124792,3.5953926110204724,-0.21072103131565253,-0.7133498878774648,-0.7133498878774648,11.146787797380554,4.986467764459032,12.46710712836136,4.593763886787226,-1.9957719023601963,N,0.013904850319633625,0.1136677115349313,-0.19845093872383832,3.7936575344716763,44.4185659681079
DNK,2022,0.73,35.68,38.5,0.41,19.76,21.32,False,44.8863644064006,2649599.0,97.86011812,5903037,67781.0940939514,88.3880239837703,84.5866088867188,63.5629737128517,0.443832614908331,10.3984104940467,147.575925,258760.024712703,2.86709,2.020588,686254.0,0,0.0,EU,3.8041340605722147,14.789918865757548,-0.31471074483970024,3.6506582412937387,3.5745903077118086,-0.31471074483970024,-0.8915981192837836,-0.8915981192837836,11.124038586871299,4.994342789106431,12.463656365662256,4.5835390928907005,-2.1519744216340158,N,0.008428558533211415,0.028985646646201468,-0.21072103131565253,3.8057696017597826,44.9598379722906
DNK,2023,0.66,35.08,39.34,0.36,19.43,21.79,False,44.0352069959396,2619274.0,98.77559197,5946952,68043.5466971243,88.552638542867,81.2308197021484,63.5328644525895,0.604587766175584,-2.12250636567327,148.6738,261262.408036924,3.04841,1.9894408,671005.0,0,0.0,EU,3.784989472960343,14.778407738101551,-0.4155154439616658,3.672241812960913,3.5576311675039825,-0.4155154439616658,-1.0216512475319814,-1.0216512475319814,11.127903171799169,5.001754644263633,12.47328057601149,4.592850529395163,-2.181857509868821,N,-0.0072523431014408085,0.01614546454565041,-0.31471074483970024,3.8041340605722147,44.8863644064006
DNK,2024,0.72,40.35,41.7,0.2,11.03,11.4,False,43.3933280824544,2593798.0,99.76915157,5976992,71026.4832271897,88.6960552688405,78.9604110717773,63.4375462156532,3.47783593140312,1.45545513933037,149.4248,246545.586810222,3.04841,1.9307059,803320.0,0,0.0,EU,3.7703056984695427,14.768633768814007,-0.3285040669720361,3.730501128804756,3.6975913947159578,-0.3285040669720361,-1.6094379124341003,-1.6094379124341003,11.170808089674908,5.0067932562453095,12.415302191716048,4.6028590330303825,-2.0069195701907687,N,0.05028452746084772,-0.10023519791257987,-0.4155154439616658,3.784989472960343,44.0352069959396
ESP,2010,1.15,29.95,30.87,,,,False,22.7418123101281,10652372.0,65.8,46576897,30658.7422282912,78.5138156234888,76.3829116821289,68.1859842081222,0.0941223116369514,0.292837731273394,93.1519309613808,207.055442100404,1.35436,1.1014722,6750377.0,0,0.0,EU,3.1242051821620596,16.181293148325317,0.13976194237515863,3.429784838514068,3.3995293245614584,0.13976194237515863,,,10.330673128371389,4.534231826423518,5.332986593637484,4.186619838331271,-1.931506290486942,S,0.08549979146351463,0.03719667585591027,,,
ESP,2011,1.18,30.11,30.87,,,,False,23.7622851657887,11167809.0,67.0899993926581,46742697,31824.6219134777,78.695397956495,80.7240905761719,67.8223406857849,-0.639920636520344,-0.145958771821014,93.5078358806114,265.003964148667,1.32726,0.960889,6715725.0,0,0.0,EU,3.168099666881041,16.228546001402513,0.16551443847757333,3.429784838514068,3.4048573424936426,0.16551443847757333,,,10.367995543181516,4.5380452389928445,5.579744784925911,4.206034992522152,-1.9402062382436038,S,0.011211249228577002,0.06991144616922704,0.13976194237515863,3.1242051821620596,22.7418123101281
ESP,2012,1.23,31.2,30.94,,,,False,24.5107487138578,11524543.0,69.8099999420024,46773055,28456.4438151477,78.8455680301618,82.89208984375,67.4834730652077,-2.86511368637748,-0.202954992229195,93.5068371284061,403.629824906669,1.29268,0.8728118,6802887.0,0,0.0,EU,3.1991117443544828,16.259989493132373,0.20701416938432612,3.43204984514492,3.4404180948154366,0.20701416938432612,,,10.256129910046859,4.538034557989165,6.0004981829411355,4.245777265151518,-1.9279602083479135,S,0.07261638010575343,0.06324782218054817,0.16551443847757333,3.168099666881041,23.7622851657887
ESP,2013,1.3,31.79,31.98,1.31,31.95,32.13,False,26.1458798389403,12252061.0,71.635,46604197,29228.846559842,78.9858086902112,85.1826324462891,67.0770392025555,-1.42732224757626,0.438175032697188,93.169262909578,488.496776374025,1.26864,0.8741689,6414580.0,0,0.0,EU,3.263691619356917,16.321204725701385,0.26236426446749106,3.4651107074058083,3.459151774922711,0.26236426446749106,0.2700271372130602,0.2700271372130602,10.28291139649337,4.534417870188987,6.191332872431432,4.271583781345336,-1.983117077080538,S,0.10583753290073653,0.07719103875124747,0.20701416938432612,3.1991117443544828,24.5107487138578
ESP,2014,1.3,32.08,31.95,1.19,29.31,29.19,False,27.8358661570454,13004969.0,76.1867089778712,46460733,29707.765509467,79.1196713833488,87.9358520507812,66.6930927877804,1.52048593647231,-0.22068679671149,92.8824553687451,626.120125999734,1.23401,0.6968841,5307274.0,0,0.0,EU,3.326325338702808,16.38084207316347,0.26236426446749106,3.4641721808235437,3.4682327829983137,0.26236426446749106,0.17395330712343798,0.17395330712343798,10.299163755580002,4.531334772965548,6.439542247258956,4.333187024616581,-2.169529171794568,S,0.24859491654910534,0.0838200348145155,0.26236426446749106,3.263691619356917,26.1458798389403
ESP,2015,1.09,32.08,26.71,0.59,17.32,14.42,False,29.0099329346016,13542906.0,78.6896318703515,46422303,25982.4416197775,79.2454892743023,88.5305328369141,66.4614550787613,4.06086672473866,0.552441816045786,92.907597351004,890.003238314135,1.21165,0.8044208,5155959.0,0,0.0,EU,3.367638286327869,16.421373425758365,0.08617769624105241,3.2850380271218693,3.4682327829983137,0.08617769624105241,-0.527632742082372,-0.527632742082372,10.165176266554539,4.531605422357637,6.791225101274774,4.365511404309383,-2.1976268787071236,S,0.10039308464771694,-0.07923354820409635,0.26236426446749106,3.326325338702808,27.8358661570454
ESP,2016,1.13,31.83,26.64,0.61,17.18,14.38,False,30.1986308494311,14112657.0,80.5613329432179,46458139,26755.6061149398,79.3615955277997,89.810791015625,66.3143685616246,2.91515598595787,0.372182539615821,92.9973717081295,2764.10124822262,1.1808,0.9625695,4947566.0,0,0.0,EU,3.4077965872415583,16.462582612267457,0.12221763272424911,3.2824138456721883,3.4604092412940015,0.12221763272424911,-0.4942963218147801,-0.4942963218147801,10.19449930475678,4.5325712315509925,7.924470815266812,4.389018794241869,-2.239655932101535,S,0.18586787613448347,0.03964708886660912,0.08617769624105241,3.367638286327869,29.0099329346016
ESP,2017,1.2,32.7,27.14,0.75,20.37,16.9,False,31.2964612808116,14668212.0,84.6022457016524,46571232,28381.3425596906,79.4663233085683,92.070182800293,66.1865982307919,2.89604207865007,1.25794431812474,93.2268622784207,7250.46311851917,1.20198,0.8867509,6410206.0,0,0.0,EU,3.4435050330335213,16.501193261300433,0.1823215567939546,3.301008654406723,3.487375077903208,0.1823215567939546,-0.2876820724517809,-0.2876820724517809,10.253487256138124,4.535035902035068,8.88882062422502,4.437960811196657,-1.9830916037419122,S,0.35411641026403673,0.16175059486339163,0.12221763272424911,3.4077965872415583,30.1986308494311
ESP,2018,2.17,62.92,53.14,0.29,8.39,7.09,False,32.2277444368856,15176954.0,86.107235525659,46782011,30602.4212881113,79.5580057813361,92.5194931030273,66.1319737035927,2.39541124478878,1.18735470237598,93.638281089712,11306.5682447896,1.23288,0.8836957,6102584.0,0,0.0,EU,3.472827710036344,16.535288651035568,0.7747271675523681,3.9729299403316674,4.1418640781900775,0.7747271675523681,-1.2378743560016174,-1.2378743560016174,10.328834411872553,4.539439285872765,9.333139096434772,4.455593444205492,-2.0367864606479467,S,0.12793520432184485,0.19743821234040979,0.1823215567939546,3.4435050330335213,31.2964612808116
ESP,2019,1.92,55.93,47.24,0.33,9.72,8.21,False,32.9220023670648,15616591.0,90.718665325267,47118501,29786.5245689007,79.6349761108307,91.5387725830078,66.1693765330282,1.96117850841711,1.42867123652391,94.3181087826492,17700.6267665434,1.24207,0.9446573,6576832.0,0,0.0,EU,3.4941411992040705,16.563844432718057,0.6523251860396901,3.8552409913291616,4.024100908833496,0.6523251860396901,-1.1086626245216111,-1.1086626245216111,10.301811374547727,4.546673204953548,9.781355328474158,4.507763127848148,-1.9691125560113407,S,0.19658558904316317,0.07419965940693801,0.7747271675523681,3.472827710036344,32.2277444368856
ESP,2020,1.72,53.96,43.1,0.31,9.87,7.88,False,33.9527590155171,16188502.0,93.20564892,47359424,27233.9426461608,79.6955674617799,91.59912109375,66.2408766587242,-10.9400706350371,1.13391454164042,94.802910688937,21589.3884182375,1.39637,0.8370928,6814398.0,0,0.0,EU,3.5249701177282597,16.59981179512223,0.5423242908253617,3.763522997109702,3.988243031339555,0.5423242908253617,-1.171182981502945,-1.171182981502945,10.21221936571773,4.551800112259434,9.979957196022756,4.534808330584403,-1.9387281016489852,S,0.2002902794706475,0.19919801558067815,0.6523251860396901,3.4941411992040705,32.9220023670648
ESP,2021,1.92,54.3,45.82,0.3,8.5,7.17,False,34.9302420932073,16674183.0,93.89752157,47443821,30799.4775937775,79.7846242983598,95.3768997192383,66.2783015470184,6.68314420473001,2.55611236501613,94.9382927184248,24984.2229191447,1.39617,0.9211695,7683258.0,0,0.0,EU,3.5533529896051235,16.629372153063393,0.6523251860396901,3.8247206770253497,3.9945242269398897,0.6523251860396901,-1.2039728043259361,-1.2039728043259361,10.335253007576831,4.553227130218957,10.125999821399283,4.542203991510182,-1.820502619336599,S,0.3479149525828159,0.23956179943737071,0.5423242908253617,3.5249701177282597,33.9527590155171
ESP,2022,1.27,38.51,28.75,0.23,7.13,5.32,False,35.7846414290159,17115215.0,94.4855432,47786102,30319.4987196616,79.9548794567814,95.0271606445312,66.2160904145149,6.37031712129601,4.69383953106939,95.626963633201,27046.3366105902,1.40684,0.8379079,7069366.0,0,0.0,EU,3.577518790992696,16.655478391947568,0.23901690047049992,3.3586377672433594,3.6509179478268177,0.23901690047049992,-1.4696759700589417,-1.4696759700589417,10.319546306626945,4.56045482666215,10.205306844810703,4.548446840786173,-1.9109640428767334,S,0.16068799243425888,0.1707105466803476,0.6523251860396901,3.5533529896051235,34.9302420932073
ESP,2023,1.16,39.21,29.39,0.21,7.26,5.44,False,37.2148181549182,17830207.0,95.44564516,48352528,33493.2225409111,80.128491001856,93.7303466796875,66.0876417150889,2.46085796805582,6.24520480258481,96.7636173412149,28733.8233897512,1.49362,0.6947444,8512628.0,0,0.0,EU,3.616707019461583,16.696404599418596,0.14842000511827322,3.380654480430826,3.6689318163042404,0.14842000511827322,-1.5606477482646683,-1.5606477482646683,10.419098385133672,4.572271069718677,10.265830223166002,4.558556924825017,-1.7369677978779896,S,0.2159902641661391,-0.03601007818102309,0.23901690047049992,3.577518790992696,35.7846414290159
ESP,2024,1.08,43.39,29.07,0.32,12.86,8.61,False,39.2337541858756,18797098.0,95.7574516,48848840,35326.7683069278,80.315199821207,93.7689666748047,65.9328112372132,3.45525405630191,2.89236477965287,97.75524992403001,29986.3824811398,1.49362,0.6208379,9646628.0,0,0.0,EU,3.6695374524533055,16.749213054183056,0.0769610411361284,3.3697067145707846,3.7702289998102594,0.0769610411361284,-1.1394342831883648,-1.1394342831883648,10.472396264528527,4.582466905085981,10.30849864029731,4.561818448531358,-1.6221222078109527,S,0.14724973658618823,0.0634085402535193,0.14842000511827322,3.616707019461583,37.2148181549182
EST,2010,1.75,36.12,21.03,,,,False,26.1281702327091,347883.0,74.1,1331475,14663.7041018705,67.8048042926262,68.7101593017578,67.3236704236026,2.4497502063999,1.81653769106526,31.4101203113942,535.496348035074,1.57892,1.4148898,634190.0,0,0.0,EU,3.2630140515432706,12.75962149532985,0.5596157879354227,3.0459499897146083,3.5868467285487844,0.5596157879354227,,,9.59313061077466,3.4471301438964255,6.283194070135462,4.3054155323020415,-0.7416940351776014,B,0.09531017980432485,-0.10039034612380268,,,
EST,2011,1.62,26.17,21.05,,,,False,26.2887630917959,348946.0,76.5,1327439,17555.5455239426,67.8775556334506,71.0235290527344,66.9955155261488,7.60697458913162,5.53917467550018,31.3149091766926,730.730376311077,2.29632,1.4413017,403578.0,0,0.0,EU,3.269141589015566,12.762672461419289,0.4824261492442928,3.0469005601283903,3.2646137165420543,0.4824261492442928,,,9.77312516325173,3.444094315659985,6.594044549455034,4.33729074083249,-1.1906370234460322,B,0.043272300700092844,-0.1279615825764864,0.5596157879354227,3.2630140515432706,26.1281702327091
EST,2012,1.5,25.76,20.57,,,,False,26.4254326274595,349507.0,78.3899259259259,1322696,17568.2137969714,67.9629593320316,72.9364700317383,66.5458455061787,3.67201872506541,4.20552981379841,31.2030195800896,1255.76852126263,2.10485,1.458717,543033.0,0,0.0,EU,3.274326903522359,12.764278869067736,0.4054651081081644,3.0238337036648657,3.248822901236153,0.4054651081081644,,,9.773846513917094,3.4405148715455462,7.135503031685336,4.361695423257282,-0.8902572653421279,B,0.018069523307936614,-0.1398279357167107,0.4824261492442928,3.269141589015566,26.2887630917959
EST,2013,1.39,25.28,21.25,0.65,11.77,9.89,False,27.3877226142123,360948.0,80.0043,1317997,19310.3874900757,68.0923458296768,75.4523162841797,66.0628361595682,1.75649379621869,4.12395389036655,30.3196917414309,1613.81247453522,1.70141,1.46505,439004.0,0,0.0,EU,3.3100948332030113,12.79648918261831,0.3293037471426003,3.056356895370426,3.2300135692786567,0.3293037471426003,-0.4307829160924542,-0.4307829160924542,9.868398442029909,3.411797393883138,7.386354655298534,4.382080383229402,-1.099359914232865,B,0.18471166838044947,-0.15071147398894574,0.4054651081081644,3.274326903522359,26.4254326274595
EST,2014,1.34,24.88,21.23,0.62,11.59,9.88,False,28.2253745287009,371009.0,84.2415280294352,1314545,20581.7898991695,68.2668382808032,76.2024536132812,65.5532115284544,3.32278988182702,2.85654308393384,30.2402806533241,2194.67572430004,1.40794,1.5190269,290650.0,0,0.0,EU,3.3402213793436455,12.823981600055442,0.29266961396282004,3.055415275715165,3.2140642678709788,0.29266961396282004,-0.4780358009429998,-0.4780358009429998,9.932161978354891,3.4091748321321576,7.693789580791477,4.433688006662103,-1.5091260829854998,B,0.152490784764921,-0.08255629500835747,0.3293037471426003,3.3100948332030113,27.3877226142123
EST,2015,1.12,24.88,17.75,0.52,11.65,8.31,False,29.6882797190881,390275.0,88.4097035040431,1315407,17722.1557669523,68.4796609690553,74.5832824707031,65.0969209844087,1.83815262882932,1.30643907694559,30.26011042098,3120.70712714772,1.44125,1.5695561,231030.0,0,0.0,EU,3.3907523456718764,12.874606897824867,0.11332868530700327,2.8763855159214247,3.2140642678709788,0.11332868530700327,-0.6539264674066639,-0.6539264674066639,9.782570874036644,3.4098303574275772,8.045814898440389,4.481981731764799,-1.739353830209009,B,-0.02564664719377529,-0.2327436753666722,0.29266961396282004,3.3402213793436455,28.2253745287009
EST,2016,1.16,26.71,17.7,0.54,12.5,8.29,False,31.4989029896287,414478.0,87.2402327514547,1315790,18666.3736521706,68.724038178078,73.0334320068359,64.6626626611412,3.09301920751959,2.43852660721117,30.2689210950081,10786.6756853297,1.21835,1.6068172,373108.0,0,0.0,EU,3.449952719499085,12.934775176153732,0.14842000511827322,2.8735646395797834,3.2850380271218693,0.14842000511827322,-0.616186139423817,-0.616186139423817,9.834478983720828,3.4101214796831183,9.286066918597575,4.4686656092741,-1.2603246027139194,B,0.2290287791136675,-0.06311067149611685,0.11332868530700327,3.3907523456718764,29.6882797190881
EST,2017,1.19,26.41,18.03,0.59,13.19,9.0,False,32.5220031500844,428453.0,88.1024568740199,1317384,20851.5223496861,68.9931941915158,72.1369781494141,64.2570788686562,5.63467248963991,3.74109847269489,30.816,29131.217625233,1.25152,1.5192028,299201.0,0,0.0,EU,3.481916880263633,12.967936326056646,0.17395330712343798,2.8920370372152258,3.273742726309041,0.17395330712343798,-0.527632742082372,-0.527632742082372,9.945182238934962,3.428034035615715,10.279565648778936,4.478500419886092,-1.482287642657758,B,0.2528964906189581,0.004857621099485096,0.14842000511827322,3.449952719499085,31.4989029896287
EST,2018,1.08,26.48,18.9,0.68,16.55,11.81,False,33.3725174267095,441173.0,89.3570077747426,1321977,23618.1361254581,69.2803532930133,72.0659637451172,63.9606434212114,3.69969756161726,4.84907461768212,30.9234385964912,48893.4376316683,1.38298,1.431181,512476.0,0,0.0,EU,3.5077327297353285,12.997192367752714,0.0769610411361284,2.9391619220655967,3.2763897310688073,0.0769610411361284,-0.3856624808119846,-0.3856624808119846,10.069770175776512,3.4315144269955193,10.797398466695984,4.492639669136998,-0.9476297417305436,B,0.16169349853627868,0.051710365358995466,0.17395330712343798,3.481916880263633,32.5220031500844
EST,2019,1.08,26.48,18.9,0.81,19.86,14.17,True,33.8508104327483,449140.0,90.2289281997919,1326898,24021.2501413306,69.5787397662154,72.7060317993164,63.6685115518553,3.72664943466884,3.8226798680774,31.0385497076023,83313.1107289332,1.59093,1.5431575,478901.0,0,0.0,EU,3.52196294095494,13.015089922132532,0.0769610411361284,2.9391619220655967,3.2763897310688073,0.0769610411361284,-0.21072103131565253,-0.21072103131565253,10.086694140130202,3.435229970885894,11.33036120747404,4.502350087400914,-1.0191052708036759,B,0.21641041905900973,0.07295347103797611,0.0769610411361284,3.5077327297353285,33.3725174267095
EST,2020,0.93,25.79,18.15,0.38,10.46,7.36,False,34.2700326171401,455678.0,89.05828666,1329522,23933.9939421065,69.8815778947665,72.0443572998047,63.3615345768253,-2.88380751483778,0.753338456718083,31.0999298245614,84354.3769866162,1.72614,1.4919949,259657.0,0,0.0,EU,3.534271287655545,13.029541698711117,-0.07257069283483537,2.8986705607108596,3.2499868198932536,-0.07257069283483537,-0.9675840262617056,-0.9675840262617056,10.083055068025153,3.4372055627376716,11.342781977399811,4.489291061666733,-1.6332132288251298,B,0.1576972555091584,0.021922101933455954,0.0769610411361284,3.52196294095494,33.8508104327483
EST,2021,0.95,26.14,19.29,0.24,6.52,4.81,False,37.357189680638,497504.0,90.97970174,1330932,27951.1659277744,70.1777274135822,73.1502075195312,63.1847055320839,8.25488044580031,4.29149270003289,31.1329122807018,96297.9325765704,1.75152,1.5595497,635233.0,0,0.0,EU,3.6205253878502783,13.117358875749467,-0.05129329438755058,2.9595868269176377,3.2634667081960758,-0.05129329438755058,-1.4271163556401458,-1.4271163556401458,10.238214192481523,3.4382655323007745,11.475202128984325,4.510636423833561,-0.7396428669590239,B,0.1654785279665514,0.07072620445043877,-0.07257069283483537,3.534271287655545,34.2700326171401
EST,2022,0.84,25.57,17.03,0.21,6.38,4.25,False,39.7219150412824,536282.0,91.52016546,1348840,28340.3826549406,70.4892333736738,71.4251937866211,63.1367948024264,-1.22616966587796,16.844809078341,31.5665808565411,104101.301859375,1.76094,1.5410127,585712.0,0,0.0,EU,3.6819030515414846,13.192415421103636,-0.1743533871447778,2.834976494674597,3.2414197893030954,-0.1743533871447778,-1.5606477482646683,-1.5606477482646683,10.252043015444999,3.4520989931424384,11.553119760378609,4.516559335540693,-0.834172041607924,B,0.052044854262190535,0.008829106456066174,-0.05129329438755058,3.6205253878502783,37.357189680638
EST,2023,0.72,23.72,17.42,0.18,5.91,4.34,False,35.2539796781149,481991.0,93.18342241,1370286,30264.0064885057,70.6770085523126,67.6179275512695,63.1176144459171,-2.74421914571231,8.6352827532792,32.0684764802247,112224.017467886,1.83878,1.4519904,552229.0,0,0.0,EU,3.562578421555629,13.085680720659239,-0.3285040669720361,2.857618971424357,3.1663185741295248,-0.3285040669720361,-1.7147984280919266,-1.7147984280919266,10.317714380709674,3.467873506503172,11.628252308591856,4.53456983473326,-0.9088119408381188,B,-0.017295722384809586,-0.04131406875161274,-0.1743533871447778,3.6819030515414846,39.7219150412824
EST,2024,0.86,28.94,20.46,0.18,6.08,4.3,False,35.3527186879385,480990.0,92.23796204,1372341,31428.3547816104,70.6981161541961,65.6692276000977,63.065048884786,-0.0900428648493801,3.98984389478063,32.10154385964912,139022.298393767,1.83878,1.3977035,457306.0,0,0.0,EU,3.565375297106367,13.083601758850993,-0.15082288973458366,3.0184717605234805,3.365224721203338,-0.15082288973458366,-1.7147984280919266,-1.7147984280919266,10.35546578294303,3.4689041242955994,11.842389619345944,4.524371781614383,-1.0989205686106005,B,0.03219112946463416,0.05686089015188643,-0.3285040669720361,3.562578421555629,35.2539796781149
FIN,2010,0.86,27.22,35.37,,,,False,29.0751116373162,1559400.0,86.89,5363352,46506.2919016566,69.7855798796947,93.1867599487305,66.1834985425622,3.1682879121621,0.348872946424805,17.6484106614018,1017.4607223244,3.70524,1.9607069,4862738.0,0,0.0,EU,3.3698825380299002,14.259811689857637,-0.15082288973458366,3.5658640032173894,3.30395199722332,-0.15082288973458366,,,10.74734289213496,2.8706457318121394,6.925065314433486,4.464642950851115,-0.09798749899057646,N,-0.20031341573395758,0.38282438000542984,,,
FIN,2011,0.85,27.39,35.37,,,,False,29.8056452931485,1606000.0,88.70999491353,5388272,51060.3242589767,70.0583261874252,93.2884292602539,65.6919391690164,2.39039455396828,2.60092840038482,17.7309947678436,1581.02634759344,3.62434,1.9132285,3658525.0,0,0.0,EU,3.394697814937387,14.289257173488844,-0.16251892949777494,3.5658640032173894,3.3101779832749867,-0.16251892949777494,,,10.840763041323228,2.8753142249895673,7.365829502215101,4.4853725651943135,-0.3871646791074723,N,-0.24665659934067985,0.310598191277876,-0.15082288973458366,3.3698825380299002,29.0751116373162
FIN,2012,0.85,27.28,34.58,,,,False,30.4323757921866,1647600.0,89.879997974222,5413971,47551.6740841369,70.3661363168712,91.5533828735352,65.1075093394932,-1.52284013040689,2.94534602282646,17.8155615518773,2205.22053036487,3.4095,2.0005462,4806698.0,0,0.0,EU,3.41550703487331,14.314830241544064,-0.16251892949777494,3.5432754802551445,3.3061538329752613,-0.16251892949777494,,,10.76957227417055,2.8800723198563998,7.698582796650818,4.498475424778432,-0.11897247280313065,N,-0.24551149823490553,0.24762959665093623,-0.16251892949777494,3.394697814937387,29.8056452931485
FIN,2013,0.74,22.95,30.41,0.32,9.92,13.14,False,31.6268291557372,1720200.0,91.5144,5438972,49691.0145200739,70.6742118159277,91.2365264892578,64.5043907459626,-0.979741024949618,2.56139415952232,17.8978314521702,2525.47724091979,3.28462,1.9418273,4675601.0,0,0.0,EU,3.45400578429167,14.357951121099516,-0.3011050927839216,3.4147715016892732,3.133317936506554,-0.3011050927839216,-1.1394342831883648,-1.1394342831883648,10.813579401374739,2.8846795575842545,7.834185330154886,4.516496336948188,-0.15123236179467545,N,-0.1909963759615111,0.2615315397326951,-0.16251892949777494,3.41550703487331,30.4323757921866
FIN,2014,0.88,26.95,35.69,0.49,14.93,19.77,False,32.1970293411336,1758500.0,86.5303927529377,5461512,50073.7760815871,70.9879168940753,89.9938812255859,63.9319576160027,-0.4780684247837,1.64467051608914,17.9720030274112,3008.87373313471,3.16344,1.8789118,2921329.0,0,0.0,EU,3.471874191807937,14.379971730896175,-0.12783337150988489,3.574870537502069,3.2939832973550063,-0.12783337150988489,-0.7133498878774648,-0.7133498878774648,10.821252718529616,2.8888151596594462,8.009321112683672,4.460495713530544,-0.6256870247745487,N,-0.13393972257780062,0.20143776486325946,-0.3011050927839216,3.45400578429167,31.6268291557372
FIN,2015,0.74,26.95,29.83,0.41,14.93,16.53,False,31.5690938053918,1729897.0,86.4221333325445,5479531,42560.3456767103,71.3054930040604,89.6573791503906,63.4339270226978,0.466503766322674,1.63270237918134,18.0301108880919,3395.18108392853,2.88826,1.8686997,3065095.0,0,0.0,EU,3.4521785978624475,14.363572427129276,-0.3011050927839216,3.395514598526657,3.2939832973550063,-0.3011050927839216,-0.8915981192837836,-0.8915981192837836,10.658678246085698,2.8920431873955317,8.130112376988183,4.459243815833729,-0.5809409493419316,N,-0.2251005009747779,0.047502454767652406,-0.12783337150988489,3.471874191807937,32.1970293411336
FIN,2016,0.82,29.54,31.97,0.62,22.39,24.23,False,31.152937083259,1712000.0,87.7036499599455,5495303,43451.2562442158,71.6158383428171,89.3280029296875,63.0282055999224,2.57193414898754,0.05519539775689,18.0820078312658,7131.36291119889,2.74716,1.8147025,3508359.0,0,0.0,EU,3.4389085291757184,14.353172835683825,-0.19845093872383832,3.4647979630717503,3.3857452771032337,-0.19845093872383832,-0.4780358009429998,-0.4780358009429998,10.679395042685613,2.894917401412404,8.872257646781993,4.473963517211596,-0.44874532058461664,N,-0.22951206260136375,0.1560094116716892,-0.3011050927839216,3.4521785978624475,31.5690938053918
FIN,2017,0.88,29.67,32.57,0.62,21.13,23.19,False,31.0435197469463,1710000.0,87.4689290730615,5508214,46085.0174739036,71.9563038312956,90.6983871459961,62.6552811381026,3.30337003591039,0.836045933090816,18.1238944459068,22324.1144951885,2.74723,1.8324158,3383762.0,0,0.0,EU,3.435390082795767,14.352003928478842,-0.12783337150988489,3.4833916192881422,3.3901364343027307,-0.12783337150988489,-0.4780358009429998,-0.4780358009429998,10.738243175594528,2.8972312027925007,10.01342274068878,4.471283633994077,-0.48725232438836374,N,-0.10932682302067889,0.1937255606205981,-0.19845093872383832,3.4389085291757184,31.152937083259
FIN,2018,0.97,34.74,38.85,0.88,31.47,35.19,False,31.491717515124,1737000.0,88.8899599985585,5515525,49654.2497035329,72.3423467740343,92.3850021362305,62.3153408434214,1.19297759742292,1.98705901186365,18.1479501184522,33999.120663944,2.77601,1.8525188,4276425.0,0,0.0,EU,3.44972457523004,14.367670045223242,-0.030459207484708574,3.6597080768136565,3.5478917608129588,-0.030459207484708574,-0.12783337150988489,-0.12783337150988489,10.812839259033648,2.8985576132004196,10.434089940438673,4.487399200242891,-0.2544494629188102,N,-0.07401803941370218,0.11167991616208534,-0.12783337150988489,3.435390082795767,31.0435197469463
FIN,2019,0.97,34.74,38.85,0.88,31.47,35.19,True,32.5439773811208,1797000.0,89.6073851129779,5521606,48358.1807773701,72.7431214358314,94.5891189575195,62.0624967514881,1.34973845741737,1.48185903627636,18.1673609054717,57692.6350775481,2.81534,1.9937531,4079876.0,0,0.0,EU,3.48259232484135,14.401629165765696,-0.030459207484708574,3.6597080768136565,3.5478917608129588,-0.030459207484708574,-0.12783337150988489,-0.12783337150988489,10.78639068568719,2.8996266272510085,10.962884802712356,4.495437739720199,-0.30260216420520814,N,-0.07401803941370218,0.12897999827191156,-0.030459207484708574,3.44972457523004,31.491717515124
FIN,2020,0.91,35.64,37.31,0.77,30.22,31.64,False,33.3838974597133,1846000.0,92.17027106,5529543,48828.6846862799,73.0849439791673,96.4726333618164,61.8489868728584,-2.49103605535707,1.63841596860614,18.1928768835954,81650.5089118576,2.93278,1.9717616,2916965.0,0,0.0,EU,3.508073671744674,14.428531694044935,-0.09431067947124129,3.6192613872330663,3.573468602602609,-0.09431067947124129,-0.2613647641344075,-0.2613647641344075,10.796073220102286,2.9010301374513685,11.310203331224963,4.52363763887138,-0.6395614797898209,N,-0.07483038727720313,0.019454138270168134,-0.030459207484708574,3.48259232484135,32.5439773811208
FIN,2021,0.97,37.72,42.08,0.36,13.94,15.56,False,33.6396818306917,1864000.0,92.80806082,5541017,53099.1351400148,73.3710215780329,100.868072509766,61.6707046917791,2.67634641498897,2.49284202465265,18.2301659134121,104960.876315666,3.01133,2.0110043,4566405.0,0,0.0,EU,3.515706376994969,14.438235274227674,-0.030459207484708574,3.7395725684294545,3.6301904577652566,-0.030459207484708574,-1.0216512475319814,-1.0216512475319814,10.879915919715371,2.903077689768855,11.561342953187136,4.530533498304328,-0.1934518146645358,N,-0.07622606159583836,0.039853428228642025,-0.09431067947124129,3.508073671744674,33.3838974597133
FIN,2022,0.9,38.24,37.16,0.34,14.23,13.83,False,34.2951599474189,1910000.0,92.98879471,5556106,50440.560224974,73.6967597835949,104.944221496582,61.5502866698304,0.763041912763526,6.17278075702792,18.2798093224591,131286.012181913,2.982,1.9092509,4481075.0,0,0.0,EU,3.5350042348103288,14.462613800022813,-0.10536051565782628,3.6152329139456376,3.643882088183201,-0.10536051565782628,-1.0788096613719298,-1.0788096613719298,10.828550896777168,2.9057971350339153,11.785133521347827,4.532478998904868,-0.21503453018447308,N,-0.09624655605772556,-0.05423107204802372,-0.030459207484708574,3.515706376994969,33.6396818306917
FIN,2023,0.88,38.78,38.09,0.12,5.53,5.43,False,35.3318092510781,1979000.0,93.51385075,5583911,52864.6931581216,74.0062548602828,108.130409240723,61.4871173254305,-1.28973484453397,3.92171117971077,18.3705454665088,153868.49826224,3.0938,1.8669036,4716057.0,0,0.0,EU,3.5647836701101925,14.498102224584702,-0.12783337150988489,3.6399517804905126,3.6579046498145056,-0.12783337150988489,-2.120263536200091,-2.120263536200091,10.875490968895958,2.910748592118194,11.943853609221122,4.53810956168717,-0.16891635782156017,N,-0.15109337932733125,-0.19072589090240466,-0.10536051565782628,3.5350042348103288,34.2951599474189
FIN,2024,0.97,47.93,43.05,0.12,5.98,5.37,False,36.4765341417867,2049000.0,93.72405196,5619911,53155.5451165897,74.2637190463636,110.304496765137,61.4695769443402,0.374566568538427,0.717232367777584,18.49171972426498,177933.600727841,3.0938,1.9635191,4348102.0,0,0.0,EU,3.596669153614457,14.532862427221037,-0.030459207484708574,3.7623622308737397,3.86974161317154,-0.030459207484708574,-2.120263536200091,-2.120263536200091,10.880977707897094,2.917323049417183,12.089165730062495,4.5403548474467845,-0.25657639943583077,N,-0.09873790228281605,-0.03886920247959828,-0.12783337150988489,3.5647836701101925,35.3318092510781
FRA,2010,0.83,25.62,30.11,,,,False,33.64535986777,21337000.0,77.28,65026211,40694.8211697025,77.0962844808803,54.881721496582,64.6865895755283,2.00032476039051,1.089446423803,120.653513312923,278.057105310965,2.17771,1.2341536,11302616.0,0,0.0,EU,3.515875152608343,16.87595321288702,-0.18632957819149348,3.4048573424936426,3.2433732964685884,-0.18632957819149348,,,10.61385611934683,4.7929229115221,5.627826507383553,4.347435189904263,-1.7497562314175439,W,-0.21109493306604196,-0.40616708427148795,,,
FRA,2011,0.86,27.15,31.56,,,,False,35.6937891818337,22749000.0,77.8199989926706,65340830,43929.7840873812,77.1182717387509,55.6257286071777,64.4012852086265,2.43757653729007,0.851478363204762,121.237276185175,401.418225021017,2.18761,1.108929,9868164.0,0,0.0,EU,3.5749767011529676,16.94003174635118,-0.15082288973458366,3.4518904959776733,3.3013770463799443,-0.15082288973458366,,,10.690347822033576,4.797749585632175,5.995003838971327,4.354398454612056,-1.8903032909729045,W,-0.2162712463634593,-0.41111761406977054,-0.18632957819149348,3.515875152608343,33.64535986777
FRA,2012,0.75,23.71,26.99,,,,False,37.4345529509644,23980000.0,81.44,65657659,40863.5814412333,77.1669464919916,57.9090118408203,63.9822023210968,0.183835264973013,1.08204690089583,121.825139623342,622.48640329988,2.22761,1.1365688,10828421.0,0,0.0,EU,3.6225941536042474,16.99273070756364,-0.2876820724517809,3.2954664270299134,3.165896900077314,-0.2876820724517809,,,10.617994516053528,4.802586734826528,6.433721786011774,4.399866552802212,-1.8022800063960862,W,-0.2523207452147936,-0.3011804730347698,-0.15082288973458366,3.5749767011529676,35.6937891818337
FRA,2013,0.77,23.6,27.89,0.47,14.5,17.13,False,38.7340855946258,24940000.0,81.9198,65997932,42669.1795111893,77.2440721470918,59.8487586975098,63.6262148936628,0.781756446231,0.747875807422233,122.456502458484,821.359069250837,2.23369,1.1440293,10511957.0,0,0.0,EU,3.6567199771091037,17.031983498216164,-0.2613647641344075,3.3282682016393976,3.1612467120315646,-0.2613647641344075,-0.7550225842780328,-0.7550225842780328,10.661232147292914,4.807755884956692,6.710960369809534,4.405740719881967,-1.8371100370314708,W,-0.3294323050653643,-0.29058363492431544,-0.2876820724517809,3.6225941536042474,37.4345529509644
FRA,2014,0.78,24.06,27.86,0.37,11.45,13.25,False,40.142215573606,25969000.0,83.7510996681821,66312067,43148.0459288416,77.3524296788613,61.5104789733887,63.2660590407766,0.997832947295251,0.570795054388284,123.039367288246,1188.96912080874,2.27173,1.0322133,6696073.0,0,0.0,EU,3.692428537998553,17.07241407692913,-0.2484613592984996,3.3271919683516598,3.180550710546533,-0.2484613592984996,-0.9942522733438669,-0.9942522733438669,10.672392409943663,4.812504363418413,7.08084192562918,4.427849300985327,-2.2928506515051,W,-0.2434079309162465,-0.23894692300070922,-0.2613647641344075,3.6567199771091037,38.7340855946258
FRA,2015,0.65,24.06,23.29,0.31,11.45,11.08,False,41.387117104083,26867000.0,78.0060377071902,66548272,36702.4323733379,77.7610919150066,62.7859306335449,62.9034115542196,1.06675474783462,1.13444009013935,123.477636144355,1898.47153356589,2.22401,1.1137263,6491425.0,0,0.0,EU,3.7229696513435986,17.10640932567967,-0.4307829160924542,3.1480240838962494,3.180550710546533,-0.4307829160924542,-1.171182981502945,-1.171182981502945,10.510598309049092,4.816060055818995,7.548804385388197,4.356786230196302,-2.3274455038831188,W,-0.2382167028050075,-0.38566398380646993,-0.2484613592984996,3.692428537998553,40.142215573606
FRA,2016,0.68,24.42,23.23,0.33,11.62,11.05,False,42.5277884451476,27680000.0,79.2698113207547,66724104,37024.2157133669,78.5999114705779,64.7276763916016,62.632173096763,0.860031075424033,0.517258232209031,123.803885332591,6688.01787132278,2.22468,1.1025649,6039142.0,0,0.0,EU,3.750157708034536,17.136220688713742,-0.3856624808119846,3.145444546782318,3.1954024686825586,-0.3856624808119846,-1.1086626245216111,-1.1086626245216111,10.519327456288199,4.818698743704646,8.808072826908512,4.372857366636249,-2.402304318074036,W,-0.14883164455265643,-0.2202285670225555,-0.4307829160924542,3.7229696513435986,41.387117104083
FRA,2017,0.89,28.78,28.16,0.36,11.51,11.26,False,43.6242593525939,28480000.0,80.5024597243607,66918020,38687.1626407164,78.6467804026368,65.8022308349609,62.3980765439097,2.08361485997399,0.586343157961707,124.163688653864,14819.4761291503,2.20422,1.2328687,7313715.0,0,0.0,EU,3.7756134027874997,17.16471264450805,-0.11653381625595151,3.3379025312898416,3.359680701459222,-0.11653381625595151,-1.0216512475319814,-1.0216512475319814,10.563263109278209,4.821600764868157,9.603697549315054,4.388287739539826,-2.2137169355115507,W,-0.05421983893004035,-0.1267653058956857,-0.3856624808119846,3.750157708034536,42.5277884451476
FRA,2018,1.28,43.69,43.68,0.34,11.8,11.8,False,44.4142292018123,29100000.0,82.0431867788484,67158348,41418.1766484844,78.6714432536599,67.5435180664062,62.1793955597294,1.64590872395887,1.11459331332806,124.609607570276,20362.9338827691,2.20407,1.2678981,7013730.0,0,0.0,EU,3.793559895614523,17.18624873214172,0.2468600779315258,3.7768903314366495,3.7771192429633444,0.2468600779315258,-1.0788096613719298,-1.0788096613719298,10.631475112939684,4.825185710686323,9.921471560615474,4.407245776658057,-2.2591835773944555,W,-0.03447249739648635,-0.13010199202974743,-0.11653381625595151,3.7756134027874997,43.6242593525939
FRA,2019,0.79,27.15,27.15,0.34,11.8,11.8,False,45.2765022757908,29760000.0,83.3397440866883,67382061,40408.2848574751,78.6890784549356,67.7331314086914,61.9811666181521,2.02744646419237,1.21052308336793,125.024698023935,29255.7243091748,2.19668,1.4571643,7302242.0,0,0.0,EU,3.812788184351868,17.208675767929165,-0.23572233352106983,3.3013770463799443,3.3013770463799443,-0.23572233352106983,-1.0788096613719298,-1.0788096613719298,10.606790113654695,4.8285113019765955,10.283830536390463,4.422925555275509,-2.222197400932785,W,-0.037734525177854715,-0.12592526576195234,0.2468600779315258,3.793559895614523,44.4142292018123
FRA,2020,1.2,44.48,41.95,0.49,18.02,17.0,False,46.471240838575,30627000.0,84.70639801,67601110,39169.8606000707,78.7119131765249,68.8709411621094,61.8134010588151,-7.44064589948231,2.97797868174696,125.431134613601,36107.8390576723,2.2742,1.2588514,7223208.0,0,0.0,EU,3.8388336446679845,17.237392530819264,0.1823215567939546,3.7364784329132155,3.7950396499423267,0.1823215567939546,-0.7133498878774648,-0.7133498878774648,10.575662867809294,4.831756879786957,10.494265269159644,4.439191136113356,-2.23632522747957,W,-0.010913080460519762,-0.11981332677791127,-0.23572233352106983,3.812788184351868,45.2765022757908
FRA,2021,1.28,44.28,44.6,0.66,22.73,22.9,False,47.6442336298287,31485000.0,86.09548575,67842811,43725.0999521245,78.7364603392338,69.9397888183594,61.7040398746753,6.88233783360239,1.22181614073425,125.879601076167,39644.0530743928,2.21278,1.2843889,7848104.0,0,0.0,EU,3.863761607663518,17.26502179990498,0.2468600779315258,3.7977338590260183,3.790533107840436,0.2468600779315258,-0.4155154439616658,-0.4155154439616658,10.685677585810422,4.835325903110847,10.58769623030062,4.45545697974558,-2.156921452397192,W,-0.007696198001166693,-0.08520893346412291,0.1823215567939546,3.8388336446679845,46.471240838575
FRA,2022,1.18,45.47,39.38,0.16,6.15,5.32,False,48.250226559098,31979000.0,85.33331734,68184457,40988.6396406579,78.7591921123356,71.5107269287109,61.5912351189772,2.71676264185913,3.01818420778099,126.513511457464,47329.437557888,2.21937,1.2688944,7443987.0,0,0.0,EU,3.8764005232993184,17.280589995337714,0.16551443847757333,3.6732580732109796,3.8170527678369193,0.16551443847757333,-1.8325814637483102,-1.8325814637483102,10.62105022535698,4.840349112404226,10.764887739412995,4.44656496838956,-2.2148100432441615,W,-0.11450300082520344,-0.27812271110683273,0.2468600779315258,3.863761607663518,47.6442336298287
FRA,2023,0.75,31.82,27.21,0.15,6.37,5.44,False,48.6688340139444,32335000.0,86.83635789,68372286,44700.1384177544,78.7804323126547,70.4536437988281,61.4660792751563,1.43921494437743,4.99026368272813,126.862020595603,52017.9916172468,2.17832,1.2327254,6272662.0,0,0.0,EU,3.8850388665816977,17.29166079286283,-0.2876820724517809,3.303584552795155,3.4600950229096408,-0.2876820724517809,-1.8971199848858813,-1.8971199848858813,10.707731877190923,4.843100043838665,10.859344930361276,4.4640254036653415,-2.3887667411365148,W,-0.4397223569297961,-0.3380007439163131,0.16551443847757333,3.8764005232993184,48.250226559098
FRA,2024,0.98,46.07,36.59,0.14,6.78,5.38,False,48.9251978969333,32559000.0,88.65381638,68551653,46103.0840855884,78.7999750964116,71.5346908569336,61.3483170751607,1.19046798275883,2.08759965215148,127.19482883384386,57274.6363971705,2.17832,1.1461527,6450907.0,0,0.0,EU,3.8902925581780634,17.298564386096263,-0.020202707317519466,3.5997749790311153,3.830161978947826,-0.020202707317519466,-1.9661128563728327,-1.9661128563728327,10.738635126651344,4.8457199962576505,10.955613158932632,4.484739081565393,-2.363366778426516,W,-0.3045229755197126,-0.28714156893726167,-0.2876820724517809,3.8850388665816977,48.6688340139444
GEO,2010,3.78,18.75,8.44,,,,False,4.68263634438548,182432.0,26.9,3786695,3281.72930937343,55.1969344748228,32.7360912804725,67.6946640008039,6.24640865303363,15.9058283591544,66.2496063543161,9.50697111861399,0.0771,0.64397,158173.0,0,1.0,EaP,1.5438612727734775,12.114132779831309,1.3297240096314962,2.1329823086078656,2.9311937524164198,1.3297240096314962,,,8.096125790909602,4.193429523027035,2.252025331464841,3.292126286607793,-3.175559515243567,SC,1.7350631255505098,1.898433832192418,,,
GEO,2011,3.55,17.82,8.44,,,,False,6.42340988915208,248504.0,31.52000046,3756441,4119.66818307193,55.6899257648533,35.9205541584628,67.7397638084288,7.9343365253078,9.17171128297396,65.7203016200707,14.9077278200297,0.0771,0.715806,203600.0,0,1.0,EaP,1.8599491120813423,12.423214220968749,1.2669476034873244,2.1329823086078656,2.8803214220426634,1.2669476034873244,,,8.323527901010868,4.185407882630092,2.7018797241408268,3.450622279583587,-2.915069960900095,SC,1.4965042838161973,1.5470346102669386,1.3297240096314962,1.5438612727734775,4.68263634438548
GEO,2012,4.42,24.48,12.11,,,,False,12.0611334421058,463052.0,36.93999863,3728874,4530.69533409431,56.1683526759979,33.6164699594408,67.6326862206997,6.57883101954195,0.291166471422628,65.238006928164,43.7129278168155,0.0771,0.6933446,245506.0,0,1.0,EaP,2.489988170473721,13.04559463777708,1.4861396960896067,2.494031557565001,3.1978564576441255,1.4861396960896067,,,8.418630702082925,4.178042227441951,3.7776438894005775,3.609294937683925,-2.7205402035338633,SC,1.0885619528146082,1.0618640736979097,1.2669476034873244,1.8599491120813423,6.42340988915208
GEO,2013,4.05,24.96,12.03,3.04,18.72,9.02,False,13.5708594493486,516931.0,43.3,3717668,4712.00229382665,56.6182119019407,40.5870663959566,67.3865651560398,5.13288531209382,-0.650965016455302,65.0419538822212,63.7496409039215,0.0771,0.7283063,225835.0,0,1.0,EaP,2.6079248063547618,13.155664682301285,1.3987168811184478,2.4874035299865875,3.217274543501227,1.3987168811184478,1.1118575154181303,1.1118575154181303,8.45786821213662,4.17503250602789,4.154963551143008,3.768152635008444,-2.801047224841946,SC,0.9706641197751009,0.9700600212971332,1.4861396960896067,2.489988170473721,12.0611334421058
GEO,2014,4.57,30.77,14.16,2.74,18.46,8.5,False,15.8407410024372,600826.0,49.1024547144647,3719414,4830.33486170249,57.0237612994258,46.3290537874173,66.9676005173329,4.09049059581743,4.58990448370156,65.0725007872914,83.077603084787,0.16991,0.819501,224852.0,0,1.0,EaP,2.762585165749002,13.306060654128189,1.5195132049061133,2.6504210882655737,3.4265401893339504,1.5195132049061133,1.007957920399979,1.007957920399979,8.482671073788465,4.17550204503044,4.419775147903073,3.8939090277354245,-2.8058789999808837,SC,0.9025187950869489,0.8973261278849826,1.3987168811184478,2.6079248063547618,13.5708594493486
GEO,2015,3.84,33.23,11.9,0.71,6.15,2.2,False,16.7646515047976,635644.0,47.5697596438736,3725276,4086.6223465965,57.3803800455672,51.9050659422441,66.4359840145481,3.35102350265353,5.37742167651898,65.1750586094685,118.64892695199,0.29397,0.8099349,206705.0,0,1.0,EaP,2.8192725926336974,13.36239393717695,1.3454723665996355,2.4765384001174837,3.503453082366503,1.3454723665996355,-0.342490308946776,-0.342490308946776,8.315474075721646,4.177076859082199,4.776168939031269,3.8621972577485075,-2.8916035659865806,SC,0.6740365741498464,0.6906281126567567,1.5195132049061133,2.762585165749002,15.8407410024372
GEO,2016,3.2,30.8,10.98,1.23,11.85,4.22,False,17.9595929069632,681038.0,58.4592896118725,3727505,4143.40125686315,57.6984032005062,58.1988080034057,65.8971898365452,3.45021517996871,2.27481842989697,65.2140557752196,406.706362566918,0.28025,0.9448319,220639.0,0,1.0,EaP,2.8881243959670053,13.431373383868557,1.1631508098056809,2.3960754360813845,3.427514689979529,1.1631508098056809,0.20701416938432612,0.20701416938432612,8.329272289152755,4.177675025073247,6.008091457164837,4.068330607913621,-2.8269665062546565,SC,0.5418339206411436,0.6364415698493705,1.3454723665996355,2.8192725926336974,16.7646515047976
GEO,2017,3.28,30.54,10.36,0.64,5.94,2.02,False,20.4644306577176,776187.0,59.7055045962571,3728004,4418.75206546679,57.9996827205757,63.535040959252,65.3998342675011,5.15990261658827,7.54674499838114,65.2227859617201,2360.24424866497,0.26645,0.9415641,380450.0,0,1.0,EaP,3.0186882892650515,13.562148749515933,1.1878434223960523,2.337952236831337,3.4190372997904865,1.1878434223960523,-0.4462871026284195,-0.4462871026284195,8.393612597077144,4.177808885819909,7.766520387861418,4.089424220440415,-2.282273486143748,SC,0.8355580483528556,0.8709964567366101,1.1631508098056809,2.8881243959670053,17.9595929069632
GEO,2018,3.1,,10.65,0.8,,2.76,False,22.5911406351247,857306.0,62.7179081974285,3726549,4804.0546040444,58.3038181862576,66.747813990461,64.9358595812196,6.062036412677,3.48481628679124,65.197330207495,2182.17981301199,0.27573,0.8011622,286477.0,0,1.0,EaP,3.117557822127927,13.661550193359258,1.1314021114911006,2.365559892155434,,1.1314021114911006,-0.2231435513142097,-0.2231435513142097,8.477215549505885,4.177418520356419,7.688079570427587,4.138647024041919,-2.565579629602657,SC,0.8144437681277068,0.8310309482531829,1.1878434223960523,3.0186882892650515,20.4644306577176
GEO,2019,3.44,,11.84,0.8,,2.76,False,24.6806060596483,937054.0,68.8467135616978,3720161,4741.2832715876,58.6304091780343,69.6463934713126,64.4923615039024,5.38071926589951,3.99568034557234,65.0855698239966,2776.4927378143,0.28197,0.8781482,387121.0,0,1.0,EaP,3.2060177554475198,13.750496190296365,1.235471471385307,2.4714836294558595,,1.235471471385307,-0.2231435513142097,-0.2231435513142097,8.464063110450166,4.1757028629541795,7.928943805088218,4.231882490726719,-2.262784920240482,SC,0.8144437681277068,0.8310309482531829,1.1314021114911006,3.117557822127927,22.5911406351247
GEO,2020,2.79,31.45,9.62,0.56,6.29,1.92,False,25.5120429077493,968355.0,72.53157487,3722716,4300.85701291207,58.9990552763878,71.8064531290391,64.1121823294811,-6.2904717853839,6.84793338769904,65.1302704783232,3497.44648799425,0.29765,0.8062149,415634.0,0,1.0,EaP,3.2391506115717115,13.783354034564864,1.0260415958332743,2.263844264677615,3.4483989831464497,1.0260415958332743,-0.579818495252942,-0.579818495252942,8.366569587151373,4.1763894254488605,8.159788406349465,4.284021982499579,-2.192403723084223,SC,0.7959016666111456,0.8603150096718982,1.235471471385307,3.2060177554475198,24.6806060596483
GEO,2021,2.84,30.26,9.02,0.85,9.08,2.71,False,26.6463786914494,1009485.0,76.4427093,3708610,5083.60695484577,59.4293560618005,77.2303110681266,63.8378060056736,10.6442336580969,10.229587650373,64.8834808775675,3725.11533970949,0.24875,0.8431074,505041.0,0,1.0,EaP,3.28265325738064,13.824950857783625,1.0438040521731147,2.199444334074532,3.40982670836021,1.0438040521731147,-0.16251892949777494,-0.16251892949777494,8.533776319101591,4.17259305937859,8.222853094014695,4.336541562229053,-1.993772808226365,SC,0.8901722832063782,0.9533378010933211,1.0260415958332743,3.2391506115717115,25.5120429077493
GEO,2022,2.35,28.92,10.01,0.7,8.68,3.0,False,28.3337075311796,1075203.0,78.71127536,3712502,6729.84659930283,60.0101622679115,79.3253367493498,63.7158878760804,10.9585321385624,8.13545014384806,64.9515728331992,4942.75827999554,0.2347,0.7730594,495496.0,0,1.0,EaP,3.3440521747178047,13.888020038925701,0.8544153281560676,2.303584593327129,3.3645333972905638,0.8544153281560676,-0.35667494393873245,-0.35667494393873245,8.814307628813294,4.173641958884978,8.505678810633505,4.365786415300943,-2.0139020407477752,SC,0.9973501566123727,1.0730141797191555,1.0438040521731147,3.28265325738064,26.6463786914494
GEO,2023,2.45,34.42,14.46,0.6,8.37,3.52,False,29.3086367614167,1115924.0,81.88425624,3715483,8283.66960652261,60.7523077799724,78.2652247393707,63.6417358197995,7.83220126555726,2.94809953907664,65.0037265124742,5251.80710018051,0.25084,0.8085223,798217.0,0,1.0,EaP,3.3778822426010984,13.925193319246036,0.8960880245566357,2.671386216730619,3.5386377907833935,0.8960880245566357,-0.5108256237659907,-0.5108256237659907,9.022041338393533,4.174444599213422,8.566327505917343,4.405306740878349,-1.5378834718516357,SC,0.7134301614332761,0.866069499791607,0.8544153281560676,3.3440521747178047,28.3337075311796
GEO,2024,2.23,33.8,13.5,0.54,8.22,3.28,False,30.4157660721649,1158132.0,83.79855689,3812518,8967.67525638987,61.0789605093733,78.2652247393707,63.5635441096524,9.67979379712661,4.85867391433284,66.70138913188005,5293.35205761652,0.26435,0.6500428,854564.0,0,1.0,EaP,3.414961094769789,13.962318920256058,0.8020015854720274,2.6026896854443837,3.520460802488973,0.8020015854720274,-0.616186139423817,-0.616186139423817,9.101381752721446,4.200225779269626,8.574206983459856,4.428415786456702,-1.4954537448641005,SC,0.608464257743076,0.7015686689446098,0.8960880245566357,3.3778822426010984,29.3086367614167
GRC,2010,0.82,18.7,18.85,,,,False,20.2491669415812,2252653.0,44.4,11121341,26653.0488008626,76.3631476983077,101.694053649902,66.2088808027564,-5.6937412158003,1.18092065228493,86.278828549263,63.9311392394137,0.60491,0.434872,1392987.0,0,0.0,EU,3.008113654018981,14.627619190686165,-0.19845093872383832,2.93651291389402,2.928523523860541,-0.19845093872383832,,,10.19065882458394,4.4575842441137965,4.15780655472644,3.7932394694381792,-2.0774155126988463,S,0.15314236768331405,0.4845681021356772,,,
GRC,2011,0.92,19.06,19.17,,,,False,22.183064232426,2464282.0,51.6499951676815,11104899,25504.7866510124,76.6352609929407,105.812690734863,65.8451124997845,-9.87677875300243,0.976657802861098,86.1512723041117,92.8419069817744,0.6837,0.273721,1326317.0,0,0.0,EU,3.0993291253297555,14.717411045138817,-0.08338160893905101,2.9533465570575532,2.947591898226056,-0.08338160893905101,,,10.146621425335269,4.456104731339775,4.53089812171418,3.944490102006718,-2.1249804342538465,S,0.06099045871190186,0.4678220499056172,-0.19845093872383832,3.008113654018981,20.2491669415812
GRC,2012,1.11,22.66,21.93,,,,False,24.3424643325153,2689428.0,55.0699934418411,11045011,21624.346052551,76.8679797449322,110.122978210449,65.4403133152416,-8.33113421099992,-0.334569925784251,85.6866640806827,162.335736922308,0.71953,0.144625,1428609.0,0,0.0,EU,3.1922223286346303,14.804839089561854,0.10436001532424286,3.0878555624297968,3.12060125559986,0.10436001532424286,,,9.98157509099837,4.4506972018343385,5.089666640807789,4.008604984186697,-2.0452775892044492,S,0.09314721091777009,0.2811095063770967,-0.08338160893905101,3.0993291253297555,22.183064232426
GRC,2013,1.23,24.3,23.32,1.05,20.76,19.92,False,26.5619364050644,2913191.0,59.8663,10965211,21573.3449762805,77.0951999650171,112.705833435059,65.0482485111407,-2.27211699888024,-1.9603216018036,85.067579519007,212.490211086681,0.82288,0.2747397,1419651.0,0,0.0,EU,3.279479228767844,14.884759601934883,0.20701416938432612,3.1493113614822916,3.190476350346503,0.20701416938432612,0.04879016416943204,0.04879016416943204,9.979213802755735,4.4434459937677575,5.3588959218289824,4.09211374245963,-2.0443165579730183,S,0.1169075519173695,0.2649103568606419,0.10436001532424286,3.1922223286346303,24.3424643325153
GRC,2014,1.23,25.17,23.3,1.41,28.67,26.53,False,28.9729450556431,3156071.0,63.2073404784561,10892413,21474.7257123892,77.3130486275866,119.104209899902,64.7156591244612,0.792225060962835,-1.92347455777482,84.5028161365399,277.808048593089,0.84553,0.1536974,1118371.0,0,0.0,EU,3.3663624654215014,14.964838457526284,0.20701416938432612,3.1484533605716547,3.2256528091472245,0.20701416938432612,0.34358970439007686,0.34358970439007686,9.97463197435595,4.436784860867438,5.626930402517856,4.146420441219307,-2.276193329569077,S,0.25966493556573833,0.4298991274282051,0.20701416938432612,3.279479228767844,26.5619364050644
GRC,2015,1.03,25.17,19.48,0.88,21.5,16.64,False,31.7813956931321,3439034.0,66.8349594911035,10820883,17980.7298238137,77.5194426317545,125.2537117004395,64.4361225877416,-0.228301892172851,-0.174753732642159,83.947889837083,409.948060615756,0.9716,0.2363589,1055821.0,0,0.0,EU,3.4588810774863368,15.050701175960471,0.02955880224154443,2.969388298214389,3.2256528091472245,0.02955880224154443,-0.12783337150988489,-0.12783337150988489,9.797055898070218,4.430196247258655,6.016030470248599,4.202226289320215,-2.3271592148813802,S,0.11171686344761853,0.2767847367118789,0.20701416938432612,3.3663624654215014,28.9729450556431
GRC,2016,1.16,25.35,19.58,0.98,21.51,16.62,False,33.5485838991847,3615029.0,69.0879154723892,10775971,17919.2426377048,77.7122988766348,131.403213500977,64.1636112798065,-0.0317947678412054,-0.489961144384012,83.5994647013189,1411.84492794199,1.00556,0.1504686,1057591.0,0,0.0,EU,3.5129946538587635,15.10061043567284,0.14842000511827322,2.9745086371023644,3.232778730037192,0.14842000511827322,-0.020202707317519466,-0.020202707317519466,9.793630422114855,4.426037116975884,7.252652587618356,4.235379830854188,-2.321325067693398,S,0.18062740165567864,0.19289025574113158,0.02955880224154443,3.4588810774863368,31.7813956931321
GRC,2017,1.39,27.49,20.95,0.96,19.07,14.54,False,35.1351318678243,3778268.0,69.8929706543154,10754679,18631.9930129293,77.8895342613411,135.333923339844,63.9236489103791,1.47312472702352,0.2036135315862,83.4342823894492,3695.69375338864,1.1492,0.156796,1602773.0,0,0.0,EU,3.559201537812706,15.144776261531387,0.3293037471426003,3.0421386463681466,3.3138223021771545,0.3293037471426003,-0.040821994520255166,-0.040821994520255166,9.832635436560311,4.424059284728286,8.21492357039694,4.246965081297648,-1.903605661573665,S,0.3247199721943076,0.3275455849584229,0.14842000511827322,3.5129946538587635,33.5485838991847
GRC,2018,1.35,28.13,21.95,1.1,22.98,17.94,False,36.9203391643751,3961864.0,72.2383733920483,10732882,19873.4015238771,78.0490656849874,140.950317382812,63.7348406022322,2.06467207892409,-0.234800451317412,83.2651823118697,5035.36701512231,1.2066,0.2867976,1422775.0,0,0.0,EU,3.6087625960598206,15.19222517955355,0.30010459245033816,3.08876713952118,3.3368366225017656,0.30010459245033816,0.09531017980432493,0.09531017980432493,9.897137509816558,4.422030482345694,8.52424169527115,4.279971392133856,-2.0207029233576943,S,0.2228597193422508,0.1638785773355305,0.3293037471426003,3.559201537812706,35.1351318678243
GRC,2019,1.35,28.13,21.95,0.92,19.29,15.06,True,38.3565690069278,4111278.0,75.6712066931757,10721582,19335.3602002969,78.1888100466875,143.96272277832,63.5769463955355,2.27718065334808,0.245015781395267,83.1775174553918,6647.33991681452,1.26236,0.4186735,1701852.0,0,0.0,EU,3.646925804068452,15.229244487042935,0.30010459245033816,3.08876713952118,3.3368366225017656,0.30010459245033816,-0.08338160893905101,-0.08338160893905101,9.869690833311724,4.420977088418453,8.80197204111446,4.326397727363684,-1.8405416495329519,S,0.2670297077610336,0.1638785773355305,0.30010459245033816,3.6087625960598206,36.9203391643751
GRC,2020,1.45,33.39,23.89,0.47,10.94,7.83,False,39.7876360746134,4257026.0,78.11584474,10698599,17886.733165236,78.3066842455552,143.693344116211,63.4362736718399,-9.19623149726978,-0.363959702932064,82.999216446858,8907.70838312568,1.48872,0.4420625,1649090.0,0,0.0,EU,3.68355621263663,15.264081352379142,0.371563556432483,3.173459961337718,3.508256453955563,0.371563556432483,-0.7550225842780328,-0.7550225842780328,9.791814553077758,4.418831167352736,9.094672291326553,4.358192913861594,-1.8698891776951891,S,0.23444242634922322,0.11397722873736,0.30010459245033816,3.646925804068452,38.3565690069278
GRC,2021,2.74,55.96,42.41,0.66,13.53,10.25,False,41.9213046741732,4435090.0,78.49426371,10570130,20652.89659591,78.3884898647442,150.605484008789,63.1383476119661,8.65449786002131,1.39275644673982,82.0025601241272,11383.3983120359,1.43353,0.3962921,2031935.0,0,0.0,EU,3.7357941624810826,15.3050584666428,1.007957920399979,3.747384183486499,4.024637149797281,1.007957920399979,-0.4155154439616658,-0.4155154439616658,9.935610859540501,4.406750467802828,9.339911284546092,4.363025548360384,-1.6490435577502074,S,0.27678840571075825,0.12943487538816548,0.371563556432483,3.68355621263663,39.7876360746134
GRC,2022,1.88,42.62,28.64,0.59,13.47,9.05,False,42.923040428409,4469353.0,83.17066333,10437805,20884.6773436263,78.5502190980809,166.389556884766,62.9235782445681,5.52198580589408,6.28541243425478,80.9759891388673,13067.0193589553,1.47714,0.4212368,1968627.0,0,0.0,EU,3.759408754685214,15.312754213384205,0.6312717768418578,3.3548043420924447,3.752323626670471,0.6312717768418578,-0.527632742082372,-0.527632742082372,9.946771027619993,4.394152680343914,9.477846728502957,4.420894681440952,-1.6680979658573072,S,0.08223701715998731,-0.005417018097647922,1.007957920399979,3.7357941624810826,41.9213046741732
GRC,2023,1.65,42.85,29.29,0.52,13.54,9.25,False,43.8539621755853,4491921.0,85.0102229,10407351,23343.7103964562,78.7746303842088,165.113418579102,62.9301872607766,2.13591131996631,6.26971104079917,80.7397284716835,14227.2514879146,1.4943,0.5145808,2254741.0,0,0.0,EU,3.780865072218192,15.317791007864805,0.5007752879124892,3.377246160839642,3.7577056450437887,0.5007752879124892,-0.6539264674066639,-0.6539264674066639,10.058082864776438,4.391230752422899,9.562914523300627,4.442771518670296,-1.5294772729035342,S,0.14551920760729592,-0.09680059732281916,0.6312717768418578,3.759408754685214,42.923040428409
GRC,2024,1.59,47.7,30.04,0.53,15.99,10.07,False,44.6759828527928,4488961.0,86.26968886,10405134,24626.1481858973,78.9967856500534,165.113418579102,62.840827158816,2.0865743380603,3.20936406384638,80.72252909231963,15657.9434729048,1.4943,0.4796528,2577428.0,0,0.0,EU,3.799436060866008,15.317131829822564,0.4637340162321402,3.402529826895934,3.8649313978942956,0.4637340162321402,-0.6348782724359695,-0.6348782724359695,10.111564091791761,4.391017707223502,9.658733637351801,4.457478306498003,-1.3955073357123078,S,0.06989514156698587,-0.2173362767808921,0.5007752879124892,3.780865072218192,43.8539621755853
HRV,2010,1.59,22.44,18.24,,,,False,19.4799756808943,837862.0,56.55,4295427,13729.7472872883,55.2824979327886,57.0685997009277,66.8289063924947,-1.33616285467264,0.920955278990149,76.7533950396684,117.799697212873,0.72875,0.3131224,835039.0,0,0.0,EU,2.9693870497995594,13.638608688099046,0.4637340162321402,2.9036169846461855,3.110845080654496,0.4637340162321402,,,9.527320092714135,4.340597620533505,4.768985700865057,4.03512520256213,-1.637827817057581,SE,0.5543597160828706,0.4030219357658208,,,
HRV,2011,1.56,22.99,18.24,,,,False,20.8566154553422,892835.0,57.7899789891444,4280622,14691.591757962,55.2773793281248,59.3388595581055,66.9100271349628,-0.111527124990047,1.67118441203004,76.4888499749839,172.638462354303,0.73493,0.2745086,761319.0,0,0.0,EU,3.0376711859456145,13.702157072349745,0.44468582126144574,2.9036169846461855,3.1350593387750902,0.44468582126144574,,,9.595030619864282,4.337144978248646,5.151199594810655,4.056815386757107,-1.7268011498090827,SE,0.5406270576527707,0.407960308490094,0.4637340162321402,2.9693870497995594,19.4799756808943
HRV,2012,1.55,24.23,17.34,,,,False,21.581851768721,919222.0,61.9399731527956,4260368,13507.6349882758,55.3042888624873,62.0256614685059,66.8433180453821,-2.23702049605232,1.4097508285585,76.1269387463369,313.587934187845,0.73545,0.2064496,943369.0,0,0.0,EU,3.0718527656351733,13.7312829390858,0.4382549309311553,2.853015971352396,3.1875915348284343,0.4382549309311553,,,9.511010359247837,4.332402193637935,5.748079812569754,4.12616574110608,-1.5076533100672713,SE,0.4000344425158386,0.2972815532345679,0.44468582126144574,3.0376711859456145,20.8566154553422
HRV,2013,1.59,24.47,17.78,1.09,16.88,12.27,False,22.5042534905966,954720.0,66.7476,4233922,14135.0903485872,55.3659479687433,66.7111129760742,66.7137862494026,-0.132561080066893,0.738572400563456,75.6543849617611,398.920905959061,0.79163,0.2263801,815120.0,0,0.0,EU,3.1137043353703198,13.769173382755909,0.4637340162321402,2.8780742300857587,3.19744787745458,0.4637340162321402,0.08617769624105241,0.08617769624105241,9.556415661942227,4.326175402358376,5.9887631665605205,4.200918341577781,-1.6475486875633865,SE,0.43443181915088214,0.15635588806636022,0.4382549309311553,3.0718527656351733,21.581851768721
HRV,2014,1.63,24.65,17.65,1.21,18.23,13.05,False,23.3319089868678,984485.0,68.5678992528467,4201598,14186.7712230471,55.4591834926844,68.6392517089844,66.4871658325589,-0.559537666687092,0.129745689649098,75.0767993710242,505.045937283862,0.76744,0.1190738,575393.0,0,0.0,EU,3.1498219080980725,13.799873940784758,0.4885800148186709,2.8707357833793057,3.204776900488699,0.4885800148186709,0.1906203596086497,0.1906203596086497,9.560065205365872,4.318511581228185,6.224649390056841,4.227824484292718,-1.9881669225058982,SE,0.3050844646750806,0.08567694050202561,0.4637340162321402,3.1137043353703198,22.5042534905966
HRV,2015,1.37,24.65,14.79,1.06,19.2,11.52,False,23.5726310188829,986215.0,69.8450359238281,4151725,12283.8750299177,55.5812594509004,68.4413986206055,66.146261641978,2.32056679330526,0.123740124401735,74.1856371953399,643.587906231747,0.82388,0.1462806,505028.0,0,0.0,EU,3.160086336466457,13.801629662553067,0.3148107398400336,2.6939512767227085,3.204776900488699,0.3148107398400336,0.058268908123975824,0.058268908123975824,9.416042708105977,4.306570562640519,6.467058624127115,4.246279015515814,-2.1066653162286912,SE,0.14569399507823794,-0.06920445547024762,0.4885800148186709,3.1498219080980725,23.3319089868678
HRV,2016,1.4,25.0,14.9,1.09,19.47,11.61,False,25.2341141328155,1043795.0,72.6972696701463,4106867,12820.1872746645,55.7294398599808,69.5889511108398,65.7635720154282,3.46613146011039,0.0142096735846025,73.3840861982703,1752.91773510075,0.84569,0.180344,525782.0,0,0.0,EU,3.228196814472871,13.858373667990286,0.3364722366212129,2.7013612129514133,3.2188758248682006,0.3364722366212129,0.08617769624105241,0.08617769624105241,9.458776338376117,4.295707102826068,7.4690369557543335,4.286303827715192,-2.055529051536186,SE,0.3084599005878163,0.21709262825572437,0.3148107398400336,3.160086336466457,23.5726310188829
HRV,2017,1.48,25.53,15.31,1.15,19.89,11.93,False,26.865096097274,1095881.0,67.0961920368478,4041407,13901.6498657787,55.9009887365155,71.3775863647461,65.2937585801138,3.2840626939789,1.22924105074425,72.2144056893717,14908.4217451991,0.84354,0.2956415,722647.0,0,0.0,EU,3.290827901217901,13.907069163952892,0.3920420877760237,2.7285062096695922,3.2398542312533927,0.3920420877760237,0.13976194237515863,0.13976194237515863,9.539762807454807,4.279639550779899,9.609681550056733,4.2061272917986745,-1.721427318151961,SE,0.3402793723436539,0.3493245025735662,0.3364722366212129,3.228196814472871,25.2341141328155
HRV,2018,2.15,40.06,24.84,1.37,25.43,15.77,False,28.0156020023514,1127591.0,75.2946259897258,3988775,15460.4560798984,56.093170097094,72.8625411987305,64.7650804945653,2.91107146210912,2.02671225148859,71.2739439639768,20040.4886211932,0.94608,0.3955931,690186.0,0,0.0,EU,3.3327615693586154,13.9355940566365,0.7654678421395714,3.212455257065278,3.6903783302376723,0.7654678421395714,0.3148107398400336,0.3148107398400336,9.646040822346537,4.266530818329475,9.905509937196628,4.321408764260702,-1.7542783187179936,SE,0.3045196680336783,0.33495903627636825,0.3920420877760237,3.290827901217901,26.865096097274
HRV,2019,0.67,12.53,7.77,1.37,25.43,15.77,False,28.9682951804841,1154773.0,79.0797836757554,3949390,15563.7354996625,56.303247958306,74.0501174926758,64.2827891136582,3.10247285336254,1.98558869883709,70.5701879779859,23423.1109107989,1.07723,0.38478,717314.0,0,0.0,EU,3.366201962292813,13.959414345825607,-0.40047756659712525,2.050270164379556,2.528125768907977,-0.40047756659712525,0.3148107398400336,0.3148107398400336,9.652698839592427,4.256607788718783,10.06147845970525,4.370457262787236,-1.7058027350123217,SE,0.32327994666654153,0.28254440372409245,0.7654678421395714,3.3327615693586154,28.0156020023514
HRV,2020,0.6,12.68,7.32,1.6,33.52,19.36,False,26.0744550144438,1030973.0,78.32090004,3914206,14807.5559227544,56.5284863367411,74.738037109375,63.8820518579105,-8.31046995309319,0.796428912481801,69.946497498213,23114.2663416284,1.23536,0.2017786,671134.0,0,0.0,EU,3.260956099975942,13.846013574489353,-0.5108256237659907,1.9906103279732201,2.5400259490090797,-0.5108256237659907,0.47000362924573563,0.47000362924573563,9.602892864794631,4.247730628352696,10.04820529642601,4.36081448998462,-1.763398959178665,SE,0.2542764936675986,0.21806960907725922,-0.40047756659712525,3.366201962292813,28.9682951804841
HRV,2021,0.64,12.72,7.81,0.71,14.08,8.64,False,26.7157501000099,1048489.0,81.25396608,3878981,17788.7601163765,56.7683502560171,78.0067901611328,63.519292362808,12.6312741312741,2.0810342109412,69.3170300214439,25479.3720309535,1.24187,0.3318001,784637.0,0,0.0,EU,3.28525328287481,13.862860638091206,-0.4462871026284195,2.0554049638515948,2.543175557911976,-0.4462871026284195,-0.342490308946776,-0.342490308946776,9.786322082692894,4.238690619461059,10.145624463815418,4.397579633310825,-1.5981065788073734,SE,0.2747168142179481,0.2631050736837008,-0.5108256237659907,3.260956099975942,26.0744550144438
HRV,2022,0.53,12.61,6.91,0.43,10.34,5.66,False,27.6606739600213,1080710.0,82.07155532,3855641,18465.531473659,56.9977571733605,80.7626724243164,63.2143699032538,7.29479114889533,8.0097126152175,68.8999463902788,29826.9470627582,1.41896,0.2993308,756451.0,0,0.0,EU,3.3200116918118336,13.89312879051022,-0.6348782724359695,1.9329696377795786,2.534490149976828,-0.6348782724359695,-0.843970070294529,-0.843970070294529,9.82366110963221,4.232655399939176,10.30316752774419,4.407591492601321,-1.6286547905820474,SE,0.15401904645385028,0.20672123806481776,-0.4462871026284195,3.28525328287481,26.7157501000099
HRV,2023,0.54,15.55,8.72,0.36,10.31,5.78,False,28.4709561519529,1109235.0,83.24117599,3859686,22183.4982258492,57.2431560672198,81.1775207519531,63.0460776224784,3.76204092717136,12.870303820317,68.9722301644031,29421.5643448716,1.38621,0.4438308,782424.0,0,0.0,EU,3.348884485269479,13.919181146499284,-0.616186139423817,2.1656192379208883,2.744060638625243,-0.616186139423817,-1.0216512475319814,-1.0216512475319814,10.007103968298786,4.233703962202478,10.289483165579043,4.421742129128666,-1.5959443189029887,SE,0.0020768499168787313,-0.07534634140881781,-0.6348782724359695,3.3200116918118336,27.6606739600213
HRV,2024,0.51,16.54,9.05,0.18,5.88,3.22,False,29.5997367962687,1147086.0,83.63240029,3866200,24049.9441746337,57.5158981711443,81.1775207519531,62.8890222110404,3.82578440126859,4.48761487628609,69.08369666213996,29458.6415601883,1.38621,0.2858764,881133.0,0,0.0,EU,3.387765469272531,13.952735371504794,-0.6733445532637656,2.2027647577118348,2.805781689595545,-0.6733445532637656,-1.7147984280919266,-1.7147984280919266,10.087887954310162,4.235318764616552,10.290742577622446,4.42643100828492,-1.4788188121327397,SE,-0.09851407197866467,0.12349358003896772,-0.616186139423817,3.348884485269479,28.4709561519529
HUN,2010,1.91,30.89,20.74,,,,False,21.639373536508,2159421.0,65.0,10000023,13189.8433874768,69.5305480957031,60.7487602233887,68.8006623023243,1.06795068152046,2.53120833175369,110.460874848117,167.699614290887,1.13102,0.9304828,1109227.0,0,0.0,EU,3.0745145042296658,14.58535068817148,0.6471032420585384,3.032064202801381,3.43043250693049,0.6471032420585384,,,9.487202372060642,4.704661384486192,5.122174368831807,4.174387269895637,-2.1989240166601602,C,0.6029967214965738,0.3569871871439594,,,
HUN,2011,2.0,32.79,21.69,,,,False,23.2549245597223,2313092.0,68.0199878861296,9971727,14211.460557822,69.4779934082031,59.9984893798828,68.7322393565328,1.91670916599742,1.92745966857339,110.148315475533,217.815830698133,1.18116,0.8949521,966732.0,0,0.0,EU,3.146516918625316,14.654095715606308,0.6931471805599453,3.076851324838783,3.4901235908565567,0.6931471805599453,,,9.561803999610943,4.701827780126719,5.383649892421896,4.219801601486261,-2.3335877563845604,C,0.6363798202366944,0.36438242885016,0.6471032420585384,3.0745145042296658,21.639373536508
HUN,2012,2.59,43.4,27.72,,,,False,24.1618038721448,2396035.0,70.579998153838,9920362,12950.1594488143,69.5772326660156,60.6758003234863,68.5314900042081,-1.33948446518181,2.87712453550428,109.580934496852,393.130815185978,1.25758,0.7676964,1117556.0,0,0.0,EU,3.18477303386158,14.689325845790252,0.9516578757114463,3.3221541743217022,3.770459441106359,0.9516578757114463,,,9.468863379701636,4.69666340406124,5.974142419551287,4.2567467920901105,-2.1834452544595977,C,0.43905144531640805,0.17645256937924989,0.6931471805599453,3.146516918625316,23.2549245597223
HUN,2013,2.55,44.15,28.34,0.8,13.93,8.94,False,26.2621916555453,2597159.0,72.6439,9872734,13739.4620151401,69.9277636266638,57.5212211608887,68.2352317213276,2.03216990678146,2.83480957212036,109.05483265216,516.472944576447,1.38449,0.6995175,922430.0,0,0.0,EU,3.268130325237665,14.769928713260539,0.9360933591703348,3.3442742342625342,3.787592927049969,0.9360933591703348,-0.2231435513142097,-0.2231435513142097,9.528027410362041,4.691850807595657,6.247022904954292,4.285569422279125,-2.370520602806217,C,0.3069773149212145,0.19043111475632624,0.9516578757114463,3.18477303386158,24.1618038721448
HUN,2014,2.2,39.95,24.51,0.77,14.02,8.6,False,26.164233392363,2580537.0,75.6531974544103,9833038,14352.501883174,70.3071053512008,53.4245910644531,67.8503265083229,4.33435364113967,3.69012110404373,107.747512601359,670.393015871595,1.3437,0.4352147,651385.0,0,0.0,EU,3.2643933404216248,14.763508074774656,0.7884573603642703,3.1990811975400213,3.6876286722122837,0.7884573603642703,-0.2613647641344075,-0.2613647641344075,9.571679553250561,4.679790643811216,6.507864131260974,4.326159705757693,-2.7144023540592297,C,0.15745860446359716,0.0834129072374512,0.9360933591703348,3.268130325237665,26.2621916555453
HUN,2015,1.91,41.57,21.23,1.05,22.83,11.66,False,27.6322359587573,2718794.0,72.8347370323805,9797755,12782.9412577973,70.4847717285156,50.9797401428223,67.4528577545496,3.65981615406955,2.81115788673696,107.360891957046,930.825479918614,1.33884,0.5204327,581675.0,0,0.0,EU,3.3189830606975277,14.815698957596219,0.6471032420585384,3.055415275715165,3.727378753264546,0.6471032420585384,0.04879016416943204,0.04879016416943204,9.455866846819694,4.67619598128355,6.836071805267709,4.288192998437614,-2.8239966842694484,C,-0.017850895666357797,-0.061233471039948466,0.7884573603642703,3.2643933404216248,26.164233392363
HUN,2016,1.87,39.36,20.25,0.88,18.57,9.56,False,28.6887907811727,2814523.0,79.2594121273057,9759755,13215.8605277789,70.4733810424805,50.7361488342285,67.0502119558858,2.43864141309342,1.32255007729512,106.944499232961,4148.87463875886,1.17645,0.4961603,598478.0,0,0.0,EU,3.356506481359222,14.85030335581943,0.6259384308664954,3.0081547935525483,3.6727500721840527,0.6259384308664954,-0.12783337150988489,-0.12783337150988489,9.489172942419579,4.672310001133796,8.33059240506773,4.372726170718705,-2.791632810873709,C,-0.011322816821693232,-0.040936566703642166,0.6471032420585384,3.3189830606975277,27.6322359587573
HUN,2017,2.02,39.87,21.7,1.52,30.01,16.34,False,30.2136178819417,2956585.0,76.7505471201922,9726756,14736.1668157258,70.4542541503906,51.3840599060059,66.6846693017279,4.12418389451805,4.03729273738615,106.582905982906,13712.8966738756,1.31498,0.5151311,863876.0,0,0.0,EU,3.408292745988593,14.899545444041141,0.7030975114131134,3.077312260546414,3.6856241613932634,0.7030975114131134,0.41871033485818504,0.41871033485818504,9.598060078716424,4.668923142240093,9.5260920320685,4.340560515043751,-2.42120647775358,C,0.3673521170235549,0.12162580053962149,0.6259384308664954,3.356506481359222,28.6887907811727
HUN,2018,1.7,37.15,20.72,1.03,22.49,12.55,False,31.5062908247816,3079549.0,76.0743606365063,9706964,16605.0570511887,70.4711761474609,52.5629386901855,66.3242430335959,5.60613813768876,4.84538395103071,106.366031119877,19379.9008629269,1.50196,0.4420607,807858.0,0,0.0,EU,3.4501872346156803,14.940293715656619,0.5306282510621704,3.031099417391282,3.6149637711637683,0.5306282510621704,0.02955880224154443,0.02955880224154443,9.717462569588667,4.666886269542239,9.871991769999624,4.331711291363969,-2.486212544539196,C,0.31686698223411364,0.1833654695521555,0.7030975114131134,3.408292745988593,30.2136178819417
HUN,2019,1.7,37.15,20.72,1.21,26.47,14.77,True,32.6466329851573,3189689.0,80.3716936050482,9694824,17012.8598553199,70.4565277099609,54.2122917175293,65.8474599647003,5.07718495088933,4.75293653395626,106.233004602235,26447.1020825133,1.46473,0.4598348,945882.0,0,0.0,EU,3.485741725907264,14.975433977845348,0.5306282510621704,3.031099417391282,3.6149637711637683,0.5306282510621704,0.1906203596086497,0.1906203596086497,9.741724799142766,4.665634838325245,10.182901869186285,4.38666204460492,-2.3272295882821608,C,0.20927585147976333,-0.24348352331859285,0.5306282510621704,3.4501872346156803,31.5062908247816
HUN,2020,1.48,36.8,18.33,0.34,8.33,4.15,False,33.4922037196533,3265308.0,84.77115202,9670419,16386.9308821258,70.2917327880859,56.6071815490723,65.3516634491369,-4.33872540024058,6.42661364413084,105.965581854043,33083.571663234,1.58067,0.4381497,845484.0,0,0.0,EU,3.5113126869599367,14.99886465008731,0.3920420877760237,2.9085390618516134,3.6054978451748854,0.3920420877760237,-1.0788096613719298,-1.0788096613719298,9.704239398689388,4.663114341895613,10.406792113781847,4.439955296477247,-2.436917672949073,C,-0.02718211251952381,-0.3073928648619596,0.5306282510621704,3.485741725907264,32.6466329851573
HUN,2021,1.42,34.41,19.36,0.84,20.46,11.51,False,34.8391868436369,3382136.0,88.64083466,9630932,19030.628130329,70.2059275331413,58.6536102294922,65.0297164165967,7.22291580811137,6.16694892296121,105.532895025203,42102.778838019,1.63327,0.4002885,1124284.0,0,0.0,EU,3.5507428119770497,15.034018020523925,0.35065687161316933,2.963209081848431,3.538347219809389,0.35065687161316933,-0.1743533871447778,-0.1743533871447778,9.853804967119558,4.659022705502991,10.647869023145853,4.484592639245254,-2.147833613424909,C,0.04004409134458669,-0.2810393713468891,0.3920420877760237,3.5113126869599367,33.4922037196533
HUN,2022,0.74,19.52,9.37,0.58,15.49,7.43,False,36.5338104764554,3538046.0,89.14282688,9605074,18428.028825614,70.1585064243445,60.2746810913086,64.8418515917326,4.15238057779229,13.9678909516068,105.249550734166,51406.6835924429,1.39056,0.2882324,1068130.0,0,0.0,EU,3.5982381462474358,15.07908515531322,-0.3011050927839216,2.2375130962503307,2.9714395809849465,-0.3011050927839216,-0.5447271754416722,-0.5447271754416722,9.821628090283692,4.656334203994388,10.847523473971341,4.490239879826877,-2.1963820445346878,C,-0.020619460862117314,-0.30382598364278607,0.35065687161316933,3.5507428119770497,34.8391868436369
HUN,2023,0.61,18.16,9.9,0.56,16.61,9.05,False,36.7901885342462,3563668.0,91.4500713,9592186,22208.6509820466,70.2923026891431,56.5924415588379,64.695458770892,-0.817107370513455,14.9923041737904,105.108327854482,53717.7865400025,1.37748,0.2375182,1134126.0,0,0.0,EU,3.60523119370932,15.086300909473936,-0.4942963218147801,2.2925347571405443,2.8992213731731473,-0.4942963218147801,-0.579818495252942,-0.579818495252942,10.0082371758293,4.6549915121793894,10.891499446139779,4.515793154497588,-2.135086498452217,C,-0.15703501185701943,-0.6379233047805061,-0.3011050927839216,3.5982381462474358,36.5338104764554
HUN,2024,0.52,17.01,9.07,0.45,14.64,7.81,False,37.542262483936,3632640.0,93.77898628,9562065,23305.4482514359,70.491825943218,60.5168685913086,64.6054217208328,0.709070599066038,7.57999001730845,104.77827087442495,55077.4335878286,1.37748,0.3350444,1195733.0,0,0.0,EU,3.625467297960716,15.105470214633652,-0.6539264674066639,2.2049722641270453,2.8338014064077703,-0.6539264674066639,-0.7985076962177716,-0.7985076962177716,10.056442442753424,4.651846411404748,10.916495357491042,4.5409408040487405,-2.0790443214632663,C,-0.07397476496982679,-0.3180862920535515,-0.4942963218147801,3.60523119370932,36.7901885342462
IRL,2010,0.9,26.07,32.86,,,,False,22.3721452573765,1019964.0,69.85,4560155,48623.9666422487,61.8910689348512,63.1264381408691,67.5334058625863,1.68297175486512,-2.9689268813618,66.1947307301495,959.397213471911,1.59425,1.5589282,1215230.0,0,0.0,EU,3.1078166697585967,13.835277890519954,-0.10536051565782628,3.492256112609122,3.2607852279454104,-0.10536051565782628,,,10.791871829121638,4.192600863553708,6.866305184615039,4.246350085702971,-1.3224232548877037,W,-0.22458977682165315,-0.31665052576205605,,,
IRL,2011,0.94,26.07,32.86,,,,False,23.3814204815178,1070776.0,74.8899729670944,4580084,52613.8540355689,62.0872735820277,67.7985916137695,66.9266273655847,1.60886648916944,1.86791206145536,66.4840179997097,1508.05094404382,1.53761,1.441947,952900.0,0,0.0,EU,3.151941710465136,13.88389417722811,-0.06187540371808753,3.492256112609122,3.2607852279454104,-0.06187540371808753,,,10.870734748752772,4.196961587946293,7.318573330519712,4.316020009293049,-1.5699626511972549,W,-0.23109582736620868,-0.29974829249558604,-0.10536051565782628,3.1078166697585967,22.3721452573765
IRL,2012,0.93,25.9,32.13,,,,False,24.1750019347271,1112082.0,76.919992540097,4599533,49335.8408099555,62.2529318511038,68.1972503662109,66.4288763887645,-0.40502941658977,2.43747909951173,66.7663376397155,2466.77217013119,1.5455,1.5219127,1086096.0,0,0.0,EU,3.185319121369431,13.921744492081125,-0.07257069283483537,3.4697901731277674,3.254242968705492,-0.07257069283483537,,,10.80640609001531,4.201199025979271,7.810665761284276,4.342765823737956,-1.4433651612072937,W,-0.28817264181761787,-0.25362140686776496,-0.06187540371808753,3.151941710465136,23.3814204815178
IRL,2013,0.54,15.42,19.92,0.29,8.21,10.61,False,25.7144376937159,1189212.0,78.2477,4623816,52537.6108648692,62.4047157756118,71.6995468139648,66.0510609746196,2.1929375750029,1.33716015656439,67.1188271156917,2641.75737096805,1.53562,1.5775092,1032758.0,0,0.0,EU,3.247052612128605,13.988801460872525,-0.616186139423817,2.991724252156452,2.7356653681351832,-0.616186139423817,-1.2378743560016174,-1.2378743560016174,10.869284589515651,4.206464587567828,7.879199645501046,4.359879436017034,-1.4989874446176608,W,-0.2702954091837961,-0.21955737203808387,-0.07257069283483537,3.185319121369431,24.1750019347271
IRL,2014,0.62,18.42,23.88,0.27,8.18,10.6,False,27.0221858517779,1258758.0,83.4917223351728,4657740,57214.5379785709,62.535401730577,73.813232421875,65.7693782746418,9.38579335130922,0.259310565967979,67.6112643344462,2807.79949074014,1.47756,1.655585,466080.0,0,0.0,EU,3.2966582268091678,14.045636078506133,-0.4780358009429998,3.1730412885244013,2.913437030827161,-0.4780358009429998,-1.3093333199837622,-1.3093333199837622,10.954563305539116,4.213774601333685,7.940156356164567,4.424747493232234,-2.301928337727665,W,-0.20514552397549646,-0.13173318959398214,-0.616186139423817,3.247052612128605,25.7144376937159
IRL,2015,1.29,46.05,49.91,0.37,13.29,14.41,False,27.8462651784045,1309467.0,83.4947916666667,4701957,64250.1385181257,62.6392123492764,77.2321472167969,65.5717708523171,24.6239856364006,8.91781250799578,68.2531136594571,3194.41458099255,1.14062,1.7242938,522368.0,0,0.0,EU,3.3266988524757406,14.085130742154176,0.25464221837358075,3.9102213834815176,3.829727762701316,0.25464221837358075,-0.9942522733438669,-0.9942522733438669,11.070539158679278,4.223223054408432,8.069159120286725,4.424784254661892,-2.197361763670251,W,-0.3524542252160133,-0.29163518153958223,-0.4780358009429998,3.2966582268091678,27.0221858517779
IRL,2016,1.26,49.8,55.31,0.33,12.94,14.37,False,28.6147710435862,1360204.0,83.5,4762722,64129.5571542383,62.7229399123734,77.5571365356445,65.4546867857241,1.22271661130947,0.11646501817107,69.1351720133546,11725.2277164193,1.14954,1.7059099,451984.0,0,0.0,EU,3.3539230545565126,14.12314524646336,0.23111172096338664,4.012953724006587,3.9080149840306073,0.23111172096338664,-1.1086626245216111,-1.1086626245216111,11.06866064668071,4.236063602916674,9.369498014568897,4.42484663185681,-2.3549278515461673,W,-0.25162734484855165,-0.21008329498253478,0.25464221837358075,3.3266988524757406,27.8462651784045
IRL,2017,1.1,45.21,50.71,0.54,22.1,24.79,False,29.0794615926246,1398798.0,84.1140070623844,4827445,72161.4047531385,62.9035196521232,77.5191116333008,65.3844318826392,10.1088576065965,1.49398382531361,70.0746842792858,38437.1028566871,1.20821,1.5978967,544379.0,0,0.0,EU,3.370032137797379,14.151123854373367,0.09531017980432493,3.926123129806928,3.811318301306514,0.09531017980432493,-0.616186139423817,-0.616186139423817,11.186660621746835,4.249561591572073,10.556778492311746,4.432173105576506,-2.1824269257214013,W,-0.08952717160675307,-0.07023237169377086,0.23111172096338664,3.3539230545565126,28.6147710435862
IRL,2018,1.27,53.87,62.58,0.53,22.36,25.98,False,29.3513301848147,1430160.0,87.0001401148942,4898022,80804.1123164826,63.0844503476779,76.7604675292969,65.3471982002052,7.68865937437435,0.921717914808411,71.0991725939904,69157.3047242336,1.08244,1.6485933,659308.0,0,0.0,EU,3.379337866705882,14.17329688408897,0.23901690047049992,4.136445738240736,3.9865737366924425,0.23901690047049992,-0.6348782724359695,-0.6348782724359695,11.299783138220052,4.264075699526157,11.14413896743911,4.465909729169312,-2.005395929004024,W,-0.03316530115298204,0.07873523351724859,0.09531017980432493,3.370032137797379,29.0794615926246
IRL,2019,1.27,53.87,62.58,0.84,35.58,41.33,True,29.6453160652366,1462549.0,87.0000552425146,4976456,81827.6688873996,63.2737009154127,74.444580078125,65.3435974647567,4.97288003766816,3.39701463997982,72.237712294963,94607.6886844775,1.13733,1.5832688,621938.0,0,0.0,EU,3.3893041387734892,14.195691361800398,0.23901690047049992,4.136445738240736,3.9865737366924425,0.23901690047049992,-0.1743533871447778,-0.1743533871447778,11.312370715854257,4.2799622404866176,11.45749402747171,4.465908753625814,-2.079632860777361,W,-0.11685773084311635,-0.07422064492712681,0.23901690047049992,3.379337866705882,29.3513301848147
IRL,2020,1.46,67.75,74.84,0.78,35.93,39.7,False,30.4353384554187,1516473.0,91.99989097,5039747,86514.0706108754,63.4713366724915,74.1961975097656,65.3365964179592,7.15369505735335,-2.06419100307969,73.1564377993903,114566.465340423,1.12466,1.4657053,615815.0,0,0.0,EU,3.4156043824826647,14.231897801797974,0.37843643572024505,4.315352501405889,4.21582445975981,0.37843643572024505,-0.2484613592984996,-0.2484613592984996,11.36806234571297,4.292600131787628,11.64891041688363,4.521787391939642,-2.102164567641025,W,-0.04359889361490151,0.08799074113031778,0.23901690047049992,3.3893041387734892,29.6453160652366
IRL,2021,1.3,60.21,72.34,0.43,20.07,24.12,False,31.3616427884193,1576997.0,93.50610352,5110585,103783.446284479,63.6774229356985,78.4613265991211,65.3403436125284,16.2581881158197,1.04875097676076,74.1847147626651,113930.009969504,1.0732,1.621098,636189.0,0,0.0,EU,3.4455855789449688,14.27103296359714,0.26236426446749106,4.281377226523952,4.097838451476356,0.26236426446749106,-0.843970070294529,-0.843970070294529,11.55006175996797,4.306558128449151,11.643339591197678,4.538026712452877,-2.0835734690490155,W,-0.010280229090494234,0.14016182073997685,0.37843643572024505,3.4156043824826647,30.4353384554187
IRL,2022,1.46,75.06,80.9,0.38,19.76,21.29,False,31.5362809040128,1611509.0,95.03690338,5212836,105190.685952731,63.8920250215059,77.5933380126953,65.3822772161846,7.51113888415304,8.00407718550366,75.6689795325882,134764.070843587,1.53215,1.766517,701004.0,0,0.0,EU,3.451138657778507,14.292681565080862,0.37843643572024505,4.393213824064446,4.318287793706875,0.37843643572024505,-0.9675840262617056,-0.9675840262617056,11.563530038795156,4.326368294856123,11.811280905164464,4.554265272802376,-2.006365731308823,W,-0.14999000036564872,-0.05351328031702836,0.26236426446749106,3.4455855789449688,31.3616427884193
IRL,2023,0.59,33.51,38.09,0.34,19.15,21.77,False,31.8907830651788,1657246.0,96.8660965,5311538,106818.917130804,64.1152082461268,77.5933380126953,65.4412571224043,-2.53637409313261,3.39258154333999,77.1017273914937,149934.162195583,1.58829,1.7973082,700507.0,0,0.0,EU,3.4623170359158135,14.320667746463675,-0.527632742082372,3.6399517804905126,3.511843901749219,-0.527632742082372,-1.0788096613719298,-1.0788096613719298,11.578890316516071,4.345125684877238,11.917951558029273,4.573329576353021,-2.0258323558929674,W,-0.3997305786580309,-0.21760636349824228,0.37843643572024505,3.451138657778507,31.5362809040128
IRL,2024,0.57,36.82,37.67,0.32,21.04,21.53,False,32.3023693358176,1697495.0,97.18769836,5395790,112894.953240805,64.3470379255585,77.5933380126953,65.5524363144366,2.59946721553708,4.53690860398667,78.32472056902309,121467.84808156,1.58829,1.7944361,714947.0,0,0.0,EU,3.4751405815884144,14.34466419290255,-0.5621189181535413,3.62886402170395,3.6060411758049318,-0.5621189181535413,-1.1394342831883648,-1.1394342831883648,11.634213047994296,4.360863269248401,11.707404881900281,4.576644143374686,-2.021165884781082,W,-0.21420360704704225,-0.1838856823298416,-0.527632742082372,3.4623170359158135,31.8907830651788
ITA,2010,0.84,24.28,26.23,,,,False,21.7704634480966,13098028.0,53.68,59819407,35856.8625485539,68.2163741829857,65.3790435791016,65.5049888211785,1.52910573247101,0.597839702916559,202.285308976795,125.912314710843,1.21296,0.7462046,8792816.0,0,0.0,EU,3.0805541634028013,16.387972242488804,-0.1743533871447778,3.2669037938787824,3.1896529661912973,-0.1743533871447778,,,10.487290251657045,5.309679121550557,4.835585749696928,3.9830404926634264,-1.9173951156385785,S,0.1483228573675019,0.3813207431589725,,,
ITA,2011,0.84,24.27,26.45,,,,False,22.393878996579,13518710.0,54.3899983018814,60026841,38432.3742820019,68.4015073889511,64.2492523193359,65.3052108613489,0.695463154440176,1.72878370885738,202.986767799052,188.349075374465,1.19531,0.4856351,8747197.0,0,0.0,EU,3.108787662437634,16.419585209825684,-0.1743533871447778,3.2752561583043085,3.18924101973851,-0.1743533871447778,,,10.556655463643745,5.313140793661365,5.238297025044317,3.996180282213714,-1.926058505999274,S,0.07918481435304722,0.3745273025495766,-0.1743533871447778,3.0805541634028013,21.7704634480966
ITA,2012,0.86,23.95,25.86,,,,False,22.7375144996784,13763362.0,55.829997993283,60191247,34854.3949441965,68.7608794235259,62.3447418212891,65.0318565461314,-3.12523877282996,1.70237982317502,203.542723134878,300.010398521898,1.25559,0.4822093,9545498.0,0,0.0,EU,3.1240161815429226,16.437520692020765,-0.15082288973458366,3.2526973733437115,3.175968323856924,-0.15082288973458366,,,10.458934518544364,5.315875924542708,5.703817135795157,4.022311323378923,-1.8414573133425245,S,0.1441837919295354,0.3783827986051886,-0.1743533871447778,3.108787662437634,22.393878996579
ITA,2013,0.91,24.27,26.95,0.37,9.87,10.95,False,23.1031860985354,14012976.0,58.4593,60311613,35701.6746002376,69.3073989916076,60.8925285339355,64.7515846412995,-1.81802510749792,1.12578403623358,203.949752805037,374.504989611205,1.29425,0.4880841,8937297.0,0,0.0,EU,3.139970534360308,16.455494315455535,-0.09431067947124129,3.2939832973550063,3.18924101973851,-0.09431067947124129,-0.9942522733438669,-0.9942522733438669,10.482952874237286,5.3178736537257505,5.925605126262925,4.068330785612095,-1.909291477779846,S,0.17717252168848302,0.2799994943084526,-0.15082288973458366,3.1240161815429226,22.7375144996784
ITA,2014,1.02,26.53,29.06,0.31,8.03,8.8,False,23.7083714537202,14382487.0,55.6384602242293,60320707,36028.3494022349,69.5807638614879,60.8831481933594,64.4745737605598,-0.00138761730454462,0.902550708834269,203.980505075782,496.89404336723,1.33148,0.3783433,8115869.0,0,0.0,EU,3.165828211666873,16.481521843842938,0.01980262729617973,3.369362658142137,3.2782761681496484,0.01980262729617973,-1.171182981502945,-1.171182981502945,10.492061390931296,5.318024425923738,6.208376810947834,4.018874692772767,-2.005854163576128,S,0.29710724398336763,0.4211748746643088,-0.09431067947124129,3.139970534360308,23.1031860985354
ITA,2015,0.97,30.16,27.62,0.39,12.11,11.09,False,24.5977602494059,14900171.0,58.1417349568747,60229605,30639.8829751432,69.6100006103516,60.941291809082,64.264608211041,0.885667635240807,0.782776477740896,203.672434549131,633.243402476241,1.33213,0.5869675,7915548.0,0,0.0,EU,3.20265539202119,16.5168832473599,-0.030459207484708574,3.318540147981146,3.4065165431397553,-0.030459207484708574,-0.941608539858445,-0.941608539858445,10.330057804498121,5.316512990310975,6.4508548703138775,4.062883735705012,-2.02933508227568,S,0.12372046539286914,0.2442752911000097,0.01980262729617973,3.165828211666873,23.7083714537202
ITA,2016,1.61,48.5,44.14,0.4,12.16,11.06,False,25.7337403103573,15563279.0,61.3242527666303,60115223,31391.5692898108,69.5969232525286,61.3571014404297,64.1355493804101,1.23622108511661,1.24817184167345,203.285640373599,1316.22234853891,1.35915,0.6337422,7882844.0,0,0.0,EU,3.2478029834068876,16.560424787161327,0.4762341789963717,3.7873664008285903,3.8815637979434374,0.4762341789963717,-0.916290731874155,-0.916290731874155,10.35429464189032,5.314612085447117,7.182521055469806,4.116175405262006,-2.0315743515149887,S,0.11506456688005892,0.36689449254083484,-0.030459207484708574,3.20265539202119,24.5977602494059
ITA,2017,1.74,49.36,44.96,0.44,12.37,11.27,False,27.4652917045411,16586377.0,63.0773469984291,60002252,32844.115660604,69.5180784259382,62.69580078125,64.0491957667784,1.60369995294101,0.709821715080693,202.903617635721,7813.04008389552,1.36393,0.6356778,9455024.0,0,0.0,EU,3.3129230876936195,16.624092253748227,0.5538851132264376,3.8057732055854356,3.8991403795971324,0.5538851132264376,-0.8209805520698302,-0.8209805520698302,10.399527880336423,5.312731076321522,8.963549422393864,4.144361703480981,-1.847835854404374,S,0.27980369897754015,0.523041469721649,0.4762341789963717,3.2478029834068876,25.7337403103573
ITA,2018,1.05,31.9,29.41,0.25,7.69,7.09,False,28.4648521996575,17157901.0,74.3871829234822,59877221,35062.3364176949,69.4800033569336,64.4753265380859,63.976292081862,0.826646712344115,1.07058151640653,202.480812801385,12369.4451350706,1.41934,0.5602677,9133889.0,0,0.0,EU,3.3486700700360608,16.65796932519515,0.04879016416943204,3.3813347525659037,3.462606009790799,0.04879016416943204,-1.3862943611198906,-1.3862943611198906,10.464882796805183,5.310645130459279,9.422984608686923,4.309283654464587,-1.8803045866975052,S,0.273122604998432,0.5350067115276649,0.5538851132264376,3.3129230876936195,27.4652917045411
ITA,2019,1.48,44.85,41.33,0.25,7.67,7.07,False,29.0544644701951,17470489.0,67.8507102874836,59729081,33812.788724868,69.5050010681153,65.6895065307617,63.8719351973526,0.429162533780342,1.04700690430435,201.980545589195,15313.1771774623,1.45558,0.7011105,9966418.0,0,0.0,EU,3.3691721537686696,16.676023672559946,0.3920420877760237,3.721588628523641,3.803323588504805,0.3920420877760237,-1.3862943611198906,-1.3862943611198906,10.428594374550325,5.308171383798817,9.636468990143511,4.217309854722526,-1.7905977791381165,S,0.24864220869589646,0.14034920334478534,0.04879016416943204,3.3486700700360608,28.4648521996575
ITA,2020,1.4,46.62,39.58,0.4,13.34,11.33,False,30.2586365187027,18128787.0,70.48342785,59438851,32091.4866621366,69.5187492370606,68.7231063842773,63.7947913907968,-8.86822122185345,1.57740278796771,200.999100491348,20677.1830094764,1.49869,0.4717415,9882503.0,0,0.0,EU,3.4097816484786274,16.713011674811558,0.3364722366212129,3.6783239401744194,3.842029633607611,0.3364722366212129,-0.916290731874155,-0.916290731874155,10.376346060925364,5.303300432881639,9.93678610123341,4.255377616228444,-1.7941822500498728,S,0.24146069031147724,0.04922835946757878,0.3920420877760237,3.3691721537686696,29.0544644701951
ITA,2021,1.28,40.34,36.05,0.43,13.48,12.05,False,31.2852927413407,18686502.0,74.8623274,59133173,36852.5425414951,69.4812507629394,71.2745208740234,63.7233470647178,8.93106210800055,1.28332187292641,199.965416259464,24823.3931231798,1.41065,0.5735641,10624484.0,0,0.0,EU,3.4431481066493386,16.743312003006825,0.2468600779315258,3.584906863730958,3.697343532526066,0.2468600779315258,-0.843970070294529,-0.843970070294529,10.514679892292794,5.298144432893194,10.119541758648417,4.315650792027729,-1.7166309208917023,S,0.42900797420444886,0.12024978077082228,0.3364722366212129,3.4097816484786274,30.2586365187027
ITA,2022,0.98,34.18,26.51,0.39,13.72,10.64,False,31.19136706407,18596017.0,85.06074504,59013667,35653.9042103495,69.4839779766539,73.8962097167969,63.6810296805062,4.82117669913565,3.45535917134771,199.559268903016,28070.9043211973,1.36563,0.6011866,10222127.0,0,0.0,EU,3.4401413598634285,16.738457975967286,-0.020202707317519466,3.277522020300934,3.5316406776874447,-0.020202707317519466,-0.941608539858445,-0.941608539858445,10.481613934862926,5.296111279441408,10.242488885480991,4.443365648780779,-1.7532143766961288,S,0.21253191399186275,-0.03684201713674355,0.2468600779315258,3.4431481066493386,31.2852927413407
ITA,2023,0.95,36.25,28.2,0.37,13.98,10.88,False,31.8410876819321,18945273.0,87.0278292,58984216,39279.699782164,69.5381540123301,75.9496536254883,63.6367816692365,0.922796543670316,6.26000409007918,199.459678073854,30244.0571559008,1.37935,0.695748,10415970.0,0,0.0,EU,3.4607575212574146,16.757065012465613,-0.05129329438755058,3.339321977944068,3.590439381300684,-0.05129329438755058,-0.9942522733438669,-0.9942522733438669,10.57846311941893,5.29561210098392,10.317054986502482,4.466227943367277,-1.7339296774129471,S,0.2559329240673039,-0.02253900499558914,-0.020202707317519466,3.4401413598634285,31.19136706407
ITA,2024,0.88,39.01,27.88,0.34,15.04,10.76,False,31.7807732477772,18859622.0,89.2207202,58952704,40429.6224047352,69.6047535143071,75.9496536254883,63.4829186800159,0.783039135276795,1.96841034856486,199.3544660791699,30647.1608155582,1.37935,0.6401491,10861323.0,0,0.0,EU,3.458861492083092,16.752533792550917,-0.12783337150988489,3.327909585892323,3.663818023518565,-0.12783337150988489,-1.0788096613719298,-1.0788096613719298,10.607318023109016,5.2950844767826855,10.330295304628624,4.491113301848664,-1.6915273650218778,S,0.18820861911539088,-0.10165584452751233,-0.05129329438755058,3.4607575212574146,31.8410876819321
LTU,2010,1.0,15.1,10.26,,,,False,21.9297095928618,679321.0,62.12,3097282,11829.122609457,66.7712860107422,86.5725708007812,67.4680196189487,0.427199566550769,2.12172150752954,49.418141204627,177.252184334523,0.79379,0.9389202,827565.0,0,0.0,EU,3.0878423198825526,13.428849048877918,0.0,2.3282528397426234,2.714694743820879,0.0,,,9.378319787650273,3.9003175876440217,5.177573488803288,4.129067998280486,-1.319792577673097,B,0.3751180737720362,0.7876957127058517,,,
LTU,2011,0.94,14.96,10.26,,,,False,24.0272372898481,727699.0,63.6399774002179,3028115,14261.8433787325,66.7518340055756,84.0555877685547,67.1777759104206,6.32363664821298,5.62227904002557,48.3153301209433,249.990505644601,0.90998,0.9138081,618699.0,0,0.0,EU,3.1791880739274294,13.497642780141572,-0.06187540371808753,2.3282528397426234,2.7053799725463312,-0.06187540371808753,,,9.565342954809571,3.8777489041081177,5.52142293971949,4.153241848350382,-1.588076706456686,B,0.315423077181283,0.5322601382778883,0.0,3.0878423198825526,21.9297095928618
LTU,2012,0.96,16.52,11.13,,,,False,25.7287935833036,768861.0,67.2299893276414,2989139,14288.1853493139,66.8536758422852,79.7516326904297,67.084553426923,4.38290584355157,2.50518093222925,47.6934454478731,449.62780252106,0.8976,1.0029205,602942.0,0,0.0,EU,3.2476107376430408,13.5526654779235,-0.040821994520255166,2.4096441652874536,2.804571768092832,-0.040821994520255166,,,9.567188275408533,3.864793976458128,6.108420135015123,4.20811941773694,-1.6009196586870442,B,0.2412130746221464,0.2709216559996353,-0.06187540371808753,3.1791880739274294,24.0272372898481
LTU,2013,0.91,16.83,11.5,0.37,6.76,4.61,False,28.2656607039035,836200.0,68.4529,2961250,15636.5252586048,67.0092086791992,74.3968200683594,66.993627044439,4.04691318575325,0.833827550890589,47.2477064220183,635.542422963276,0.95322,1.0155294,421834.0,0,0.0,EU,3.3416476651911684,13.636623097904602,-0.09431067947124129,2.4423470353692043,2.8231630082027146,-0.09431067947124129,-0.9942522733438669,-0.9942522733438669,9.65736481924992,3.855404111428637,6.454478843654467,4.22614591752803,-1.9487548837541722,B,0.39651888168737026,0.3775919624581849,-0.040821994520255166,3.2476107376430408,25.7287935833036
LTU,2014,1.19,76.97,15.34,0.36,6.76,4.61,False,27.337779493026,801863.0,72.1335378644566,2937253,16446.1647181663,67.1514937628023,72.034538269043,66.8115157399781,3.7725437958099,0.609190658206288,46.8835275339186,751.722783158277,1.03495,1.0103786,229846.0,0,0.0,EU,3.308269609746728,13.594693049314108,0.17395330712343798,2.73046379593911,4.343415735546226,0.17395330712343798,-1.0216512475319814,-1.0216512475319814,9.707847581178502,3.8476663884686033,6.622367616568441,4.2785190937593915,-2.5478205503637765,B,0.21184893818461203,0.23104018007948815,-0.09431067947124129,3.3416476651911684,28.2656607039035
LTU,2015,1.0,22.3,12.82,0.35,7.72,4.44,False,28.6774149586821,833298.0,71.3780590101754,2911109,14269.8039878287,67.2282485961914,72.1163330078125,66.5062097265986,2.83280643343234,-0.0022527821753755,46.4662250598563,1182.71078135515,1.04077,1.1895249,181544.0,0,0.0,EU,3.3561098777319467,13.633146600271415,0.0,2.551006451492524,3.104586678466073,0.0,-1.0498221244986778,-1.0498221244986778,9.565900974414994,3.838725705879788,7.075564355098797,4.267990525343954,-2.774791338654545,B,0.031017695459726345,0.03896561189300626,0.17395330712343798,3.308269609746728,27.337779493026
LTU,2016,1.02,23.12,12.79,0.35,8.0,4.42,False,29.8964138705034,857761.0,74.3766455618662,2877325,14934.2702840428,67.1894226074219,74.0858306884766,66.0821066606207,2.67192215053329,0.987472424308564,45.9328405861882,4363.77538164788,0.84391,1.0789062,274930.0,0,0.0,EU,3.3977385357622127,13.662080784887957,0.01980262729617973,2.548663615590751,3.1406980438041767,0.01980262729617973,-1.0498221244986778,-1.0498221244986778,9.611413870001764,3.827180342412433,8.3810928748785,4.3091419888225975,-2.3480998022556485,B,0.2933374680247143,-0.025462437348817882,0.0,3.3561098777319467,28.6774149586821
LTU,2017,1.03,22.5,13.03,0.7,15.38,8.9,False,28.2319064734089,798769.0,77.6152565124514,2842639,16800.1510246099,67.1012954711914,76.5389785766602,65.5868165853012,4.61224310312809,4.09579153130848,45.3798470650213,12992.8562860075,0.8963,1.0760082,289275.0,0,0.0,EU,3.340452773580888,13.59082707155842,0.02955880224154443,2.567254391136754,3.1135153092103742,0.02955880224154443,-0.35667494393873245,-0.35667494393873245,9.729143154911057,3.8150681092495273,9.472154968943206,4.351764012406933,-2.285110332282349,B,0.32509374305990485,0.27617815857319905,0.01980262729617973,3.3977385357622127,29.8964138705034
LTU,2018,0.94,23.15,13.65,0.65,16.02,9.45,False,28.1444849879285,788743.0,79.7225827680518,2819200,19247.2315367967,67.1464742010457,77.3577728271484,65.2222782837189,4.91836780106811,3.59301167619761,45.0135717707169,18152.6674233825,0.92781,1.0635821,399214.0,0,0.0,EU,3.3373514202205365,13.578195817996276,-0.06187540371808753,2.613739521630969,3.1419947805322432,-0.06187540371808753,-0.4307829160924542,-0.4307829160924542,9.865122513103078,3.8069640392045385,9.806572794370249,4.378552892813415,-1.954710821779214,B,0.23111172096338664,0.21978002805881083,0.02955880224154443,3.340452773580888,28.2319064734089
LTU,2019,0.94,23.15,13.65,0.81,19.83,11.69,True,28.2791627222047,790419.0,81.5818683764046,2811089,19608.7943945553,67.245735168457,75.0942306518555,65.0326934181688,4.67735183530451,2.37586014042606,44.8912328329607,31265.1075793047,0.98701,0.9756202,389381.0,0,0.0,EU,3.342125233878794,13.580318463588414,-0.06187540371808753,2.613739521630969,3.1419947805322432,-0.06187540371808753,-0.21072103131565253,-0.21072103131565253,9.883733438185496,3.80424251583755,10.350257980881603,4.40160703601015,-1.9767689330030231,B,0.2858286414861177,0.2541758927002831,-0.06187540371808753,3.3373514202205365,28.1444849879285
LTU,2020,0.92,25.46,14.63,0.71,19.54,11.23,False,28.4988545174577,796761.0,83.05554724,2810369,20428.6478157394,67.4254608154297,73.5892868041992,64.9504098074069,0.0428158336981426,2.03874418596244,44.8797349089748,46868.5784678097,1.12379,0.8963652,252729.0,0,0.0,EU,3.3498638940969645,13.588310038271509,-0.08338160893905101,2.683074215032033,3.2371085931292605,-0.08338160893905101,-0.342490308946776,-0.342490308946776,9.924693499411738,3.8039863545342247,10.75510276120163,4.419509627808216,-2.4087533020371525,B,0.1631027135612662,0.12874055855012362,-0.06187540371808753,3.342125233878794,28.2791627222047
LTU,2021,0.91,25.53,15.56,0.25,6.93,4.22,False,28.712701575387,802373.0,86.93054425,2808380,23882.8668916753,68.1912117004395,75.0314712524414,64.9429993871864,6.39481772930206,6.04010883761583,44.8551349624661,53718.8699534963,1.10044,1.1708848,704198.0,0,0.0,EU,3.357339588465523,13.59532886601088,-0.09431067947124129,2.7447035187502458,3.2398542312533927,-0.09431067947124129,-1.3862943611198906,-1.3862943611198906,10.080916614390878,3.803438073867853,10.891519614553971,4.465109457855913,-1.3833035170103956,B,0.18698722050839675,0.08647031093170195,-0.08338160893905101,3.3498638940969645,28.4988545174577
LTU,2022,0.81,24.82,13.73,0.22,6.71,3.72,False,28.4400438919259,801133.0,87.72420219,2831639,24946.5724005188,68.2866452426813,76.9154586791992,65.0902697077428,2.46532013155011,15.4437711325066,45.2309596830873,66487.2888104734,1.05289,1.1852774,478854.0,0,0.0,EU,3.3477981482505124,13.593782254713917,-0.21072103131565253,2.6195832197798796,3.211649779776461,-0.21072103131565253,-1.5141277326297755,-1.5141277326297755,10.12449171300562,3.8117818011087268,11.10476606266611,4.474197826985063,-1.777215225657685,B,0.0702286763476279,-0.03299142569520867,-0.09431067947124129,3.357339588465523,28.712701575387
LTU,2023,0.84,28.46,17.31,0.2,6.96,4.23,False,27.9638162516437,798115.0,88.50287484,2871585,27983.3658256887,68.575454583199,77.0064163208008,65.2566711946572,0.739537398185803,9.97342076445898,45.87196485623,96899.7957573953,1.04977,1.2128759,436271.0,0,0.0,EU,3.3309113977385674,13.590007976324747,-0.1743533871447778,2.851284369188118,3.3484995926617063,-0.1743533871447778,-1.6094379124341003,-1.6094379124341003,10.239365534969316,3.8258541430138893,11.481432690109818,4.483035035554084,-1.8843558112260634,B,-0.09437106229843874,-0.1787885876925202,-0.21072103131565253,3.3477981482505124,28.4400438919259
LTU,2024,0.79,29.08,17.12,0.19,7.11,4.19,False,27.8460080234758,796148.0,89.16116293,2888278,29603.7772588256,68.8285833315315,75.6177368164062,65.1275335904414,3.03019543767596,3.17004636967202,46.108059353623396,98553.1863622546,1.04977,1.291591,495767.0,0,0.0,EU,3.3266896176245155,13.587540377191987,-0.23572233352106983,2.840247370713596,3.3700506526653187,-0.23572233352106983,-1.6607312068216509,-1.6607312068216509,10.295657242266136,3.830987758011803,11.498351644501152,4.490445551613405,-1.7623096974782693,B,0.07464085135787725,-0.19198631294356872,-0.1743533871447778,3.3309113977385674,27.9638162516437
LUX,2010,0.66,29.2,38.13,,,,False,33.1818450562661,168368.0,90.62,506953,110885.991378721,88.48791681658,18.2021293640137,68.3512347017205,3.76040578658925,4.64842633515492,196.916246513832,1195.37708623876,1.42373,1.7207932,137480.0,0,0.0,EU,3.5020028906986616,12.033907338980594,-0.4155154439616658,3.6410013738694724,3.374168709274236,-0.4155154439616658,,,11.616257847764778,5.2827784937385625,7.086216967927002,4.506674939238992,-1.3049398451428131,W,-0.1728972887710132,-0.33950798278017863,,,
LUX,2011,0.64,29.9,38.13,,,,False,32.7339447418355,169753.0,90.0298585646936,518347,119025.057203467,88.9562814837254,18.65995979309085,68.6826049396048,1.0442860057217,3.44947467054639,201.342029008025,1543.36766683322,1.42453,1.8390106,104516.0,0,0.0,EU,3.4884126049853497,12.042099718313377,-0.4462871026284195,3.6410013738694724,3.3978584803966405,-0.4462871026284195,,,11.68708931466304,5.305005098771235,7.341722104492945,4.500141377139407,-1.6013047324245533,W,-0.16702721088115333,-0.3221315638283292,-0.4155154439616658,3.5020028906986616,33.1818450562661
LUX,2012,0.65,30.03,37.28,,,,False,31.9617588949556,169700.0,91.9499237417387,530946,112584.676270958,89.4405768017292,19.117790222168,68.9684008305906,1.64971134354685,3.26617103662434,206.235870823396,2320.38663065547,1.20664,1.7520668,120410.0,0,0.0,EU,3.464540153643932,12.041787451222318,-0.4307829160924542,3.6184569898173904,3.402196881995239,-0.4307829160924542,,,11.631460895470681,5.329020517769523,7.7494891019201955,4.521244121705111,-1.4837577352512785,W,-0.22847060460801472,-0.24437311635955594,-0.4462871026284195,3.4884126049853497,32.7339447418355
LUX,2013,0.63,29.48,38.51,0.43,20.33,26.55,False,32.4834270107517,176500.0,93.7765,543360,120000.140729859,89.9413746679705,19.508763631184934,69.0605655434262,3.17168513780955,2.2761289412073,211.05785290896,3248.30683156655,1.23381,1.7748859,112755.0,0,0.0,EU,3.4807300211423082,12.081076155355488,-0.4620354595965587,3.6509179478268177,3.383712067321136,-0.4620354595965587,-0.843970070294529,-0.843970070294529,11.69524819451232,5.352132280297047,8.085889164666607,4.540914291574492,-1.572554760385386,W,-0.2959871891550057,-0.2124984192039437,-0.4307829160924542,3.464540153643932,31.9617588949556
LUX,2014,0.61,29.82,38.48,0.21,10.28,13.27,False,33.580271770101,186800.0,94.6702052774766,556319,123678.706919314,90.4577807676859,19.899737040201867,69.1279915294304,2.62308838097542,2.79670380130254,216.091529874226,4513.59741443309,1.217,1.5852947,87967.0,0,0.0,EU,3.513938744829897,12.13779380477688,-0.4942963218147801,3.6501386257975055,3.3951793093365925,-0.4942963218147801,-1.5606477482646683,-1.5606477482646683,11.72544240871577,5.375702067345449,8.414849767408391,4.550399328486147,-1.844380126583209,W,-0.20243543716353307,-0.1397284750098142,-0.4620354595965587,3.4807300211423082,32.4834270107517
LUX,2015,0.52,30.33,32.72,0.18,10.28,11.09,False,34.2910720305652,195300.0,96.3767141704759,569604,105462.012584423,90.9893679353068,20.2907104492188,69.2426817619957,2.26836572735107,2.22059478443452,221.251835336342,5500.31249780549,1.25226,1.6718385,88887.0,0,0.0,EU,3.534885029636327,12.18229211686477,-0.6539264674066639,3.487986511734546,3.41213732170049,-0.6539264674066639,-1.7147984280919266,-1.7147984280919266,11.566106096767557,5.3993015791591334,8.61256018738931,4.568264618189398,-1.8575754824390953,W,-0.20102611091930586,-0.29105565328358424,-0.4942963218147801,3.513938744829897,33.580271770101
LUX,2016,0.7,41.41,45.35,0.09,5.05,5.53,False,34.8068400324932,203100.0,98.1366986657616,582014,106899.293549552,91.5357090052649,19.9203605651856,69.4058844296374,4.97819047122638,-1.10761695881988,226.072263698018,11473.9507984344,1.2669,1.7201424,88456.0,0,0.0,EU,3.549813920124336,12.221453747568477,-0.35667494393873245,3.814410176561146,3.723522397557476,-0.35667494393873245,-2.4079456086518722,-2.4079456086518722,11.57964248847448,5.4208546990390545,9.347834597060798,4.5863613910676415,-1.8839892491848387,W,-0.15366290069819846,-0.21441681014053163,-0.6539264674066639,3.534885029636327,34.2910720305652
LUX,2017,0.79,40.72,46.2,0.19,9.93,11.27,False,35.9768313229784,214600.0,97.3629603241751,596336,110193.213797228,92.0963768119916,19.5990200042725,69.5106668868415,1.31711942298405,2.14297279304374,231.635372078028,43014.3409084811,1.23898,1.6392801,95543.0,0,0.0,EU,3.582875156911523,12.276531109178736,-0.23572233352106983,3.832979798087693,3.7067193722422673,-0.23572233352106983,-1.6607312068216509,-1.6607312068216509,11.609990593017372,5.445164463216668,10.669288848573329,4.57844585417609,-1.831227858673179,W,-0.03435508605252062,-0.0807881987035452,-0.35667494393873245,3.549813920124336,34.8068400324932
LUX,2018,0.75,42.11,48.42,0.18,10.27,11.81,False,36.8853200372964,224300.0,97.061298705829,607950,116926.759593905,92.6709441899184,19.3915195465088,69.5280060384706,1.61129891211624,1.83958475950286,236.146609386046,43151.5749650465,1.17039,1.7344219,107177.0,0,0.0,EU,3.6078136409231707,12.3207397205083,-0.2876820724517809,3.8799129515099127,3.740285242173836,-0.2876820724517809,-1.7147984280919266,-1.7147984280919266,11.669303031391737,5.464452838356544,10.672474195614802,4.575342724330876,-1.7356109683641558,W,0.05461786100073143,0.04123928773429259,-0.23572233352106983,3.582875156911523,35.9768313229784
LUX,2019,0.75,42.11,48.42,0.18,10.27,11.81,True,37.3611453762962,231700.0,97.120635693272,620001,112696.649059674,93.2589839734767,19.3969497680664,69.5105964077186,2.74932091920692,0.916368822113782,240.827591028798,39864.4518315293,1.18209,1.7336486,97689.0,0,0.0,EU,3.6206312707144743,12.353198710420468,-0.2876820724517809,3.8799129515099127,3.740285242173836,-0.2876820724517809,-1.7147984280919266,-1.7147984280919266,11.632454966308753,5.484081287555178,10.593240274221944,4.5759538727312,-1.847932127790883,W,-0.029074568689402877,-0.09485233560085679,-0.2876820724517809,3.6078136409231707,36.8853200372964
LUX,2020,0.75,42.92,46.5,0.18,10.46,11.33,False,37.2960860898482,235188.0,98.45962893,630419,116860.02817236,93.8600689970981,19.961389541626,69.440387442376,-0.510051634039826,3.86906326889533,244.874264894386,44903.4689627058,1.09627,1.8008159,101869.0,0,0.0,EU,3.6188883905771005,12.36814047329686,-0.2876820724517809,3.8394523125933104,3.759337917762498,-0.2876820724517809,-1.7147984280919266,-1.7147984280919266,11.66873215718627,5.500744874297507,10.712270330494423,4.589646605584378,-1.8226970035623045,W,0.06742085774710281,0.03218739530483444,-0.2876820724517809,3.6206312707144743,37.3611453762962
LUX,2021,0.76,41.16,49.43,0.18,10.03,12.05,False,38.0399641403524,243560.0,98.66086333,640064,134965.815442152,94.5861743396533,20.7341499328613,69.3493722999841,6.92973270801744,5.9021312602124,248.62068161867,49199.7675232477,1.03153,1.8555011,106440.0,0,0.0,EU,3.638637294994106,12.40311859772251,-0.2744368457017603,3.9005575273188677,3.717466910965849,-0.2744368457017603,-1.7147984280919266,-1.7147984280919266,11.812776806408214,5.515928367968169,10.803644177331995,4.591688346324776,-1.7939867252445625,W,0.07918662260438099,0.08417531401098656,-0.2876820724517809,3.6188883905771005,37.2960860898482
LUX,2022,0.68,42.86,43.64,0.13,8.36,8.52,False,38.3269581349215,250395.0,98.24203749,653103,123719.658915996,94.7605400940185,21.032600402832,69.2787142447144,-1.09741256293819,6.22005520174665,253.685433061691,63898.0375224122,1.0653,1.8671503,104431.0,0,0.0,EU,3.646153516340391,12.430794949957598,-0.3856624808119846,3.77597416096487,3.7579389900454307,-0.3856624808119846,-2.0402208285265546,-2.0402208285265546,11.72577346989249,5.536095046989442,11.065043928194672,4.587434204106401,-1.8332082841373172,W,-0.02264018094361044,-0.10867063858049908,-0.2744368457017603,3.638637294994106,38.0399641403524
LUX,2023,0.59,41.63,44.24,0.12,8.12,8.63,False,38.3793065082138,255260.0,99.34785707,666430,133230.619178899,94.8015300320787,21.5371704101562,69.0738808416203,0.0994370594039111,6.91075240547165,258.862052624628,60480.4705670513,1.07045,1.8374052,87903.0,0,0.0,EU,3.6475184213233875,12.450037912536681,-0.527632742082372,3.7896293572140793,3.728821061206884,-0.527632742082372,-2.120263536200091,-2.120263536200091,11.79983688438697,5.556295304460672,11.010075791363017,4.59862739926344,-2.0257011740449964,W,-0.3997305786580309,-0.2494804048884317,-0.3856624808119846,3.646153516340391,38.3269581349215
LUX,2024,0.77,57.69,55.98,0.12,8.87,8.61,False,40.3174570156723,271351.0,98.7606147,677012,137781.681659123,94.8438702866393,22.4103698730469,68.7463969237901,0.358614003982225,4.57509382798655,262.97242916961227,58437.6643250046,1.07045,1.8386524,88665.0,0,0.0,EU,3.696784551726304,12.511168464762077,-0.2613647641344075,4.0249944840873075,4.055083848268798,-0.2613647641344075,-2.120263536200091,-2.120263536200091,11.83342569446625,5.572049194627795,10.975715898005777,4.592698888637439,-2.032823775069235,W,-0.2643292993835646,-0.22194236224458808,-0.527632742082372,3.6475184213233875,38.3793065082138
LVA,2010,1.21,17.14,12.81,,,,False,20.7297918659797,434876.0,68.42,2097555,11188.4191700977,67.8270681752453,69.0510406494141,67.5682168868703,-3.66125859554762,-0.483861317727076,33.7081170552975,227.407624591489,0.6183,0.9998903,513768.0,0,0.0,EU,3.031571886164757,12.982816211962954,0.1906203596086497,2.550226115908643,2.8414149131696336,0.1906203596086497,,,9.322634519663787,3.5177386705306795,5.42674411018041,4.225665179549459,-1.4067558579970387,B,0.27980789396771133,0.15591866426968337,,,
LVA,2011,1.16,16.86,12.9,,,,False,22.2055874415821,457422.0,69.7499545592245,2059709,12902.574053337,67.8266897008267,67.9534683227539,67.2837068431312,3.03634482668815,4.70810709744489,33.0999244700853,326.745185849069,0.73982,1.027476,343411.0,0,0.0,EU,3.100343943768238,13.033361657359055,0.14842000511827322,2.5572273113676265,2.8249439525737094,0.14842000511827322,,,9.465182109462873,3.499531000509879,5.789180618957595,4.244916769220611,-1.791392009103901,B,0.21027537276310262,0.10231301673391972,0.1906203596086497,3.031571886164757,20.7297918659797
LVA,2012,1.08,16.69,12.62,,,,False,23.4018125136081,476141.0,73.1199437663748,2034319,13329.3499931271,67.8331638942219,66.6435470581055,66.9611259226785,7.30524057200897,2.87856729481426,32.691902228936,560.875654211557,0.68884,0.9299474,389874.0,0,0.0,EU,3.1528134772104517,13.073469307836918,0.0769610411361284,2.5352828571130672,2.8148097376737438,0.0769610411361284,,,9.49772364927767,3.4871274089769533,6.329499230707871,4.292101158086173,-1.6520927881363197,B,0.18232155679395462,0.08313547097275555,0.14842000511827322,3.100343943768238,22.2055874415821
LVA,2013,1.59,25.87,19.79,0.75,12.25,9.37,False,24.6397186303098,496000.0,75.2344,2012647,14484.4715282132,67.847334482933,69.0765991210938,66.4975087058683,2.09609028156248,1.90052969117932,32.3436289713468,710.507108300661,0.63536,0.9497473,315169.0,0,0.0,EU,3.204359719375679,13.114331205707064,0.4637340162321402,2.9851767596144745,3.2530839961979376,0.4637340162321402,-0.2876820724517809,-0.2876820724517809,9.580832425465623,3.476417060944044,6.565978952132656,4.32060857316741,-1.8540970472102207,B,0.11749653383567951,-0.0014994412761304122,0.0769610411361284,3.1528134772104517,23.4018125136081
LVA,2014,1.14,18.69,14.46,0.73,17.42,9.35,False,25.3240856124593,505000.0,75.8261041383556,1993782,15185.814581236,67.8686035364944,70.8979415893555,65.9121509977439,2.0949597710559,1.66994918996278,32.0404647500281,914.844250775662,0.71433,1.0179488,213869.0,0,0.0,EU,3.231755943360864,13.132313708257497,0.131028262406404,2.671386216730619,2.9279886214674717,0.131028262406404,-0.31471074483970024,-0.31471074483970024,9.62811701984983,3.466999627401702,6.818753833055322,4.328442615135035,-2.2324249385119743,B,0.233311460543129,0.13358544053535062,0.4637340162321402,3.204359719375679,24.6397186303098
LVA,2015,0.95,18.69,12.09,0.61,12.09,7.82,False,25.4568684345307,503503.0,79.2005829239344,1977527,13321.9753140616,67.8965395668259,74.2998809814453,65.3585402860759,3.78336712084972,0.38688741781985,31.7792437366417,1312.75072350466,0.641,1.0059047,180917.0,0,0.0,EU,3.236985586134937,13.12934494941496,-0.05129329438755058,2.492378664626701,2.9279886214674717,-0.05129329438755058,-0.4942963218147801,-0.4942963218147801,9.49717022995096,3.458813363992246,7.1798800036544845,4.371983658943981,-2.391563990594131,B,0.056664342653501634,-0.042078685474616025,0.131028262406404,3.231755943360864,25.3240856124593
LVA,2016,1.55,30.97,19.36,0.62,12.48,7.8,False,26.4893005276389,519154.0,79.8420977843089,1959537,13838.5266823272,67.9307110858472,80.6048126220703,64.8189694891939,2.55168601974034,0.607930583315365,31.4901409356067,2938.44923571231,0.45065,0.9858411,261199.0,0,0.0,EU,3.276740897787712,13.15995584260416,0.4382549309311553,2.963209081848431,3.4330189939851112,0.4382549309311553,-0.4780358009429998,-0.4780358009429998,9.535211769916,3.4496745106699773,7.985637250324889,4.380050906511599,-2.0151809309183406,B,0.08411131620722648,0.005659707038819098,-0.05129329438755058,3.236985586134937,25.4568684345307
LVA,2017,1.61,30.41,19.72,0.92,17.38,11.27,False,27.0886247975645,526222.0,80.1140770037369,1942248,15132.4958333982,67.9706866054779,88.0574264526367,64.3170163194162,3.39894872623931,2.70923995206107,31.2123033409935,11948.0107586673,0.53004,0.9965005,251205.0,0,0.0,EU,3.299113890598952,13.173478455912372,0.4762341789963717,2.9816333491744893,3.4147715016892732,0.4762341789963717,-0.08338160893905101,-0.08338160893905101,9.624599752424531,3.4408123549370555,9.388320079793186,4.383451581501471,-2.0453320052418924,B,0.1017560546824912,0.03753727532006906,0.4382549309311553,3.276740897787712,26.4893005276389
LVA,2018,1.47,31.08,20.67,0.5,10.64,7.07,False,27.2877295355647,525995.0,83.5771748630956,1927174,17252.1710428626,68.0160346376376,93.0244827270508,63.9690120502929,4.30971286294503,3.74027873968454,30.9700612274415,14504.1392214714,0.66138,1.0176263,356349.0,0,0.0,EU,3.3064371335883593,13.173046985971245,0.3852624007906449,3.028683373693677,3.436564525499447,0.3852624007906449,-0.6931471805599453,-0.6931471805599453,9.75569327209736,3.433020970975133,9.582189351221452,4.425770454858337,-1.6878993724204092,B,0.007542818709020432,-0.004454676225422585,0.4762341789963717,3.299113890598952,27.0886247975645
LVA,2019,1.64,34.64,23.03,0.5,10.64,7.07,False,26.5858975490829,508924.0,86.13545644343,1913822,17294.9751600969,68.066323694246,94.8645324707031,63.6525649819278,0.675372771884227,4.31638188410186,30.755491989008,19857.6461133794,0.6602,1.0030074,386756.0,0,0.0,EU,3.2803809078715527,13.140053972007246,0.494696241836107,3.136797713832594,3.5450090836942345,0.494696241836107,-0.6931471805599453,-0.6931471805599453,9.758171285122588,3.426068579573772,9.896344406575617,4.455921132047582,-1.5990635655024577,B,0.007542818709020432,-0.004454676225422585,0.3852624007906449,3.3064371335883593,27.2877295355647
LVA,2020,1.49,34.06,22.12,0.84,19.19,12.46,False,25.804169430384,490569.0,88.89796078,1900449,17564.2321549354,68.1211222872228,94.5108337402344,63.329999339864,-3.46922750780554,2.39332693904262,30.5391129680219,20328.8801751586,0.75663,0.9806216,205929.0,0,0.0,EU,3.250536084699594,13.103321220876941,0.3987761199573678,3.096482176654134,3.5281236752345424,0.3987761199573678,-0.1743533871447778,-0.1743533871447778,9.773619849251702,3.4190082544447025,9.919797822722547,4.487489203899066,-2.222314003839397,B,-0.0779761508869432,-0.0825515043656712,0.494696241836107,3.2803809078715527,26.5858975490829
LVA,2021,1.53,34.8,23.51,0.47,10.69,7.22,False,25.9761549056076,489803.0,91.17964988,1884490,20261.8887788916,68.1808791463693,93.4839324951172,63.1497512445726,6.94254173062592,3.29734326527044,30.2826610959344,22572.6854480523,0.77085,1.1028018,578372.0,0,0.0,EU,3.257178998195437,13.101758548430405,0.4252677354043441,3.157425862551978,3.5496173867804286,0.4252677354043441,-0.7550225842780328,-0.7550225842780328,9.91649700045097,3.41057530766465,10.024495845810852,4.5128317349007565,-1.1811952459782513,B,-0.07280198692939593,-0.06178713262598335,0.3987761199573678,3.250536084699594,25.804169430384
LVA,2022,1.37,34.01,20.76,0.42,10.45,6.38,False,25.989241189689,488874.0,91.03009059,1879383,20221.103686109,68.2570218109034,91.3303680419922,63.0622419344807,1.90853419029801,9.69246570259344,30.2005945685361,22271.1389855075,0.8122,0.9590621,460059.0,0,0.0,EU,3.2576826519858955,13.099860066543066,0.3148107398400336,3.033028058297688,3.526654599019104,0.3148107398400336,-0.8675005677047231,-0.8675005677047231,9.914482074967557,3.4078616118868945,10.011046903330989,4.511190117683131,-1.4073440683400364,B,-0.19253720923021517,-0.16923824178535182,0.4252677354043441,3.257178998195437,25.9761549056076
LVA,2023,1.15,32.76,21.23,0.35,10.06,6.52,False,25.9948491178264,489326.0,92.18791291,1883710,22710.2637544197,68.3586316343061,85.7360610961914,62.9758563022871,-0.941606068823631,10.6724737437668,30.2701269484172,26083.1019636781,0.8236,0.9975052,455531.0,0,0.0,EU,3.257898407542104,13.10078421300017,0.13976194237515863,3.055415275715165,3.4892082589848687,0.13976194237515863,-1.0498221244986778,-1.0498221244986778,10.030572249053284,3.4101613168939178,10.16904294929283,4.523829025547837,-1.4195347440106765,B,-0.25142872705840696,-0.21594821344489376,0.3148107398400336,3.2576826519858955,25.989241189689
LVA,2024,1.35,40.25,25.3,0.34,10.26,6.45,False,25.7542854181725,482087.0,92.70757011,1866124,23578.9663562625,68.4839492628509,82.917350769043,62.850868769571,-0.0370556648288982,2.78829342003959,29.988975846497475,28218.3820582126,0.8236,1.0998172,426398.0,0,0.0,EU,3.2486010372695056,13.085879874670258,0.30010459245033816,3.2308043957334744,3.6951100038645723,0.30010459245033816,-1.0788096613719298,-1.0788096613719298,10.068110337518275,3.4008298423444367,10.247728890602763,4.52945013169716,-1.476245649094712,B,-0.19327261162782675,-0.14996093402862132,0.13976194237515863,3.257898407542104,25.9948491178264
MDA,2010,8.03,28.7,12.17,,,,False,7.4547521029782,270756.0,29.68000031,2862354,2436.79935102421,39.2804946899414,38.1453631147397,71.8248376957931,7.10000010705836,33.3049320977984,99.7787848154216,13.2757862933795,0.3665,-0.201061599999999,174074.0,0,1.0,EaP,2.008851695212881,12.508973325282513,2.0831845279586703,2.498973906999436,3.3568971227655755,2.0831845279586703,,,7.798440715817901,4.602955583719941,2.5859417965136067,3.3904734287439235,-2.7999191460331003,EE,1.2005450818474448,0.7137115385618237,,,
MDA,2011,7.34,27.52,12.17,,,,False,10.0167937961344,356324.0,32.06999969,2860699,2941.36224066021,39.3469161987305,39.4480430115419,72.0969137534275,5.81816614684824,8.19079859862242,99.7210931780946,24.1199790680529,0.33764,-0.1975832,174538.0,0,1.0,EaP,2.30426306402635,12.783595708292577,1.9933388426264242,2.498973906999436,3.314913013065143,1.9933388426264242,,,7.986628100183914,4.602377221071148,3.183040504033272,3.467921004038709,-2.7966787965680258,EE,0.9080634128381747,0.685783157181385,2.0831845279586703,2.008851695212881,7.4547521029782
MDA,2012,6.91,26.84,12.38,,,,False,12.0173397889983,418519.0,34.65000153,2860324,3044.8084324815,39.3614196777344,40.1086414991241,72.1829774166136,-0.589733954762579,7.42422201997522,99.6732759521901,45.449396641779,0.34907,-0.286980199999999,235417.0,0,1.0,EaP,2.48635058922204,12.944477568120057,1.9329696377795786,2.5160822672564502,3.289893312103481,1.9329696377795786,,,8.021193266007801,4.60189759642548,3.8165995453269885,3.5452977697917554,-2.4973317743899877,EE,0.6004640870698554,0.5088248562866553,1.9933388426264242,2.30426306402635,10.0167937961344
MDA,2013,6.18,27.76,12.71,3.86,17.35,7.94,False,13.7695240878002,469367.0,37.43999863,2859558,3321.04397795719,39.4275512695312,41.2771708905345,71.9494974312337,9.0438656074181,3.92385122182326,99.5771842462653,58.750338339002,0.29783,-0.2287158,183756.0,0,1.0,EaP,2.6224577506182603,13.059140257413874,1.8213182714695995,2.542389085201363,3.3235961356386037,1.8213182714695995,1.3506671834767394,1.3506671834767394,8.108034463673045,4.600933064516457,4.073296911969422,3.6227396150175104,-2.7448135557949027,EE,0.5689165009106956,0.7268967474159965,1.9329696377795786,2.48635058922204,12.0173397889983
MDA,2014,5.34,26.84,11.4,3.34,16.78,7.12,False,15.2330041292856,509195.0,66.9999982002077,2857815,3289.95758568777,39.6298484802246,52.151516238366,71.1653482250474,4.99962585407656,5.14320721702923,99.5164884911377,82.9304906020859,0.31463,-0.1363385,73688.0,0,1.0,EaP,2.7234643982295355,13.140586326292748,1.6752256529721035,2.4336133554004498,3.289893312103481,1.6752256529721035,1.205970806988609,1.205970806988609,8.098629951788102,4.600323343914356,4.418002794303396,4.204692592528394,-3.657972662127938,EE,0.30575159575971755,0.2569193228326318,1.8213182714695995,2.6224577506182603,13.7695240878002
MDA,2015,4.41,29.36,9.41,2.02,13.42,4.3,False,16.2569619282762,534393.0,69.0000044661932,2835978,2749.55137054338,39.6954040527344,52.1000519119307,70.0589368131714,-0.338235622387202,11.5743149591168,98.7560678343838,127.292947970682,0.30735,-0.199269199999999,54404.0,0,1.0,EaP,2.788521243382838,13.188886802316388,1.4838746894587547,2.2417729535972883,3.3796332037463146,1.4838746894587547,0.7030975114131134,0.7030975114131134,7.9191930393679435,4.592652848317617,4.846491107097881,4.234106569324695,-3.9537044496466267,EE,0.03681106993530684,0.035801846181928346,1.6752256529721035,2.7234643982295355,15.2330041292856
MDA,2016,5.38,30.63,10.04,2.96,16.85,5.52,False,17.2155177259579,557403.0,70.9999991066624,2803186,2847.08794770479,39.7373237609863,52.8435823784374,68.983696924511,4.64601436259409,3.5508738308871,97.614165825121,660.676815594827,0.28005,-0.231593599999999,62103.0,0,1.0,EaP,2.84581117045723,13.231043776146825,1.682688374173693,2.306577114263583,3.421979920844684,1.682688374173693,1.085189268335969,1.085189268335969,7.9540519781619174,4.581022624537846,6.493264787750899,4.262679864459096,-3.809717609486037,EE,-0.11672322215505337,0.0767498605548456,1.4838746894587547,2.788521243382838,16.2569619282762
MDA,2017,5.95,29.2,10.81,3.57,17.52,6.49,False,18.2974964435539,584330.0,71.76709747,2755189,3453.26727720294,39.9736557006836,51.9490291393525,68.0235384558779,4.17561205106279,6.25246649143298,95.9093883802694,3655.28462838666,0.25789,-0.122281199999999,78920.0,0,1.0,EaP,2.9067642441253563,13.278221170712431,1.7833912195575383,2.3804716316511167,3.374168709274236,1.7833912195575383,1.2725655957915476,1.2725655957915476,8.147076098739332,4.563403874702212,8.20392924285548,4.273426118517446,-3.552806640620388,EE,0.21595613906150635,0.20191459029860137,1.682688374173693,2.84581117045723,17.2155177259579
MDA,2018,4.78,27.82,11.9,2.15,12.52,5.36,False,19.7583973228257,623135.0,72.54239655,2707203,4156.44981956646,40.3258094787598,52.8423092059456,67.1972110865303,4.07559546585034,3.21103213223728,94.2543946689506,3919.17414394118,0.25626,-0.1859583,119433.0,0,1.0,EaP,2.983578581885911,13.342518467713903,1.5644405465033646,2.4765384001174837,3.325755186495297,1.5644405465033646,0.7654678421395714,0.7654678421395714,8.332416580136679,4.5459974530283525,8.273636233022847,4.284171170943434,-3.120915732885713,EE,0.223687255592687,0.1897375095851085,1.7833912195575383,2.9067642441253563,18.2974964435539
MDA,2019,4.78,27.82,11.9,2.15,12.52,5.36,True,21.54270340639,670530.0,73.32610321,2664224,4405.33418162155,40.772289276123,54.7812048030675,66.4191106875943,3.5523140853476,5.35171200346649,92.756093569939,4526.64640810983,0.24145,-0.113272799999999,112642.0,0,1.0,EaP,3.0700371701849223,13.41582372343225,1.5644405465033646,2.4765384001174837,3.325755186495297,1.5644405465033646,0.7654678421395714,0.7654678421395714,8.390571399652002,4.529973398196735,8.41773663705382,4.294916660232774,-3.163453464275575,EE,0.2943930826176013,0.24133708600734705,1.5644405465033646,2.983578581885911,19.7583973228257
MDA,2020,2.25,21.18,8.1,0.48,4.54,1.74,False,23.4268592640718,719001.0,74.11830139,2635130,4375.7788930524,41.3368530273438,56.2498196612517,65.7164519859204,-8.27597831976949,5.57500940096507,91.7473260542588,5580.36984892586,0.23511,-0.1518578,98364.0,0,1.0,EaP,3.1538831959063405,13.4856180275228,0.8109302162163288,2.0918640616783932,3.0530573401732606,0.8109302162163288,-0.7339691750802004,-0.7339691750802004,8.383839815643466,4.519038342687198,8.627010334348366,4.305662484128116,-3.288012912162973,EE,0.18784647488724718,0.13154602631440596,1.5644405465033646,3.0700371701849223,21.54270340639
MDA,2021,2.05,20.66,7.85,0.73,7.38,2.8,False,25.2112754309344,762333.0,74.91899872,2595809,5274.60582195352,41.8115425109863,61.3014036981023,65.1563102257656,13.9299997889786,6.38172855134019,90.3612977338393,6661.50706773881,0.23154,-0.0862631,161724.0,0,1.0,EaP,3.227291332182455,13.544138747082668,0.7178397931503168,2.060513531794317,3.0281994636914926,0.7178397931503168,-0.31471074483970024,-0.31471074483970024,8.570659229856147,4.503816053314283,8.804101024382787,4.316407512830947,-2.7757623218118503,EE,0.1894921154292835,0.16369560302467048,0.8109302162163288,3.1538831959063405,23.4268592640718
MDA,2022,1.99,23.52,8.5,0.62,7.35,2.66,False,26.317794331222,800057.0,74.91899872,2528654,5744.29618434435,42.4048843383789,68.0572346521372,64.7372708643745,-4.64785101037361,18.9149687443032,88.05425357802,8416.33533097055,0.22959,-0.0435626,150813.0,0,1.0,EaP,3.270245300940289,13.592438254111904,0.688134638736401,2.1400661634962708,3.1578511230304263,0.688134638736401,-0.4780358009429998,-0.4780358009429998,8.655962673525478,4.477953142441147,9.03792977864315,4.316407512830947,-2.8194017655858574,EE,0.15561384301339756,0.10717744893309264,0.7178397931503168,3.227291332182455,25.2112754309344
MDA,2023,1.43,15.54,7.02,0.68,7.4,3.34,False,27.3086365814931,837575.0,76.50330353,2457783,6799.58594644576,43.0011825561523,71.1679028753075,64.3930689550613,1.18802067937429,9.29076127122789,85.437584732506,11525.8344613825,0.22111,-0.0545226,146942.0,0,1.0,EaP,3.30720301045663,13.638266090910601,0.3576744442718159,1.9487632180377197,2.7434173449395014,0.3576744442718159,-0.3856624808119846,-0.3856624808119846,8.824616999081748,4.447786106232101,9.352346269702124,4.337333923298806,-2.816977051974566,EE,0.19007365006193727,0.06276674262434108,0.688134638736401,3.270245300940289,26.317794331222
MDA,2024,1.24,15.32,7.09,0.59,7.3,3.38,False,29.6324400873685,899333.0,77.3687973,2402306,7578.90216348853,43.516471862793,74.7109378669046,63.9997621056353,0.270670455512573,6.42522609005312,83.65449037155692,13318.0369195265,0.21589,-0.0467374,228273.0,0,1.0,EaP,3.3888697101140286,13.709408656436738,0.2151113796169455,1.958685340544036,2.729159164312445,0.2151113796169455,-0.527632742082372,-0.527632742082372,8.933123634834201,4.426695106464974,9.496874554819188,4.348583563655741,-2.3536421072628597,EE,0.16537078095611385,0.009200177961987273,0.3576744442718159,3.30720301045663,27.3086365814931
MLT,2010,1.09,22.05,18.22,,,,False,29.7855677615811,125889.0,63.0,414508,21946.6073066905,94.2412435620154,36.8344192504883,69.7042828530902,6.19734978656928,2.76562470872177,1295.3375,1654.97408976425,0.58346,1.3373913,23253.0,0,0.0,EU,3.3940239728959885,11.743155845286067,0.08617769624105241,2.9025198918318122,3.093312601892855,0.08617769624105241,,,9.99636784194151,7.1665265579393465,7.41154063195704,4.143134726391533,-2.8806581187834976,S,0.09621664069033586,0.09663209533158924,,,
MLT,2011,1.09,21.67,18.22,,,,False,30.3037011219232,128678.0,68.0198237885462,416268,23516.972445816,94.3155916422812,39.4486618041992,69.2825611092991,0.992201768011597,1.48263343132071,1300.8375,2039.55144282049,0.65483,1.2161781,22747.0,0,0.0,EU,3.411269854294102,11.765068438801341,0.08617769624105241,2.9025198918318122,3.075928815548268,0.08617769624105241,,,10.065477671185269,7.170763566791299,7.620485181690549,4.219799188992721,-2.90689601503321,S,0.027078597675881177,0.12581717419985972,0.08617769624105241,3.3940239728959885,29.7855677615811
MLT,2012,1.07,21.23,17.81,,,,False,31.8224330830663,135758.0,68.1998742928975,420028,22878.3095862582,94.3626256493653,42.5473289489746,68.7511207530054,4.10167460261891,2.16063836145139,1312.5875,2597.44588456008,0.79196,1.2325928,23067.0,0,0.0,EU,3.4601714839419935,11.818629167919806,0.06765864847381486,2.87976009730157,3.055415275715165,0.06765864847381486,,,10.037944561044862,7.179755658910322,7.862283889093252,4.222442721635071,-2.9019183510038036,S,0.10048748428785567,0.10449884201589185,0.08617769624105241,3.411269854294102,30.3037011219232
MLT,2013,1.05,20.73,18.41,0.76,14.96,13.28,False,33.3783014199957,143010.0,68.9138,424810,25415.5525389054,94.3906567856206,44.4813919067383,68.1661327685099,6.29233378116625,2.25515064392079,1327.53125,2608.2248534639,0.72644,1.2084197,23656.0,0,0.0,EU,3.5079060307794387,11.87066983686698,0.04879016416943204,2.9128939952449864,3.0315819264476884,0.04879016416943204,-0.2744368457017603,-0.2744368457017603,10.143116570305917,7.191076293328663,7.866425136149068,4.232856448239955,-2.888025227590122,S,0.14855235296034836,0.18714948423774588,0.06765864847381486,3.4601714839419935,31.8224330830663
MLT,2014,1.78,35.16,31.18,0.76,14.96,13.27,False,34.8819867199098,151557.0,73.1141157845193,433481,27424.5693619702,94.412512773898,45.4103507995605,67.7141532091479,7.6313628225042,2.27079151833954,1354.628125,2874.40510656753,0.67653,0.8732281,23302.0,0,0.0,EU,3.551970556131703,11.928717070795697,0.5766133643039938,3.4397768636296306,3.559909072816976,0.5766133643039938,-0.2744368457017603,-0.2744368457017603,10.21919458263073,7.211282249152005,7.963601012365895,4.292021450501272,-2.9233087721658912,S,0.18574509658180477,0.22927275773541506,0.04879016416943204,3.5079060307794387,33.3783014199957
MLT,2015,1.49,35.16,26.06,0.63,14.96,11.09,False,36.6768468766082,163205.0,75.9600189752747,444220,25529.6693210673,94.4387696268011,48.0389709472656,67.4423935430878,9.62070302842181,4.20061778303513,1388.1875,3534.28481383098,0.69942,0.9916351,22948.0,0,0.0,EU,3.6021456806781886,12.002762358297735,0.3987761199573678,3.260401571696699,3.559909072816976,0.3987761199573678,-0.4620354595965587,-0.4620354595965587,10.147596557588672,7.235754218398728,8.170266242114126,4.330207135750198,-2.9630891484707385,S,0.03787339990445387,0.11911996553947755,0.5766133643039938,3.551970556131703,34.8819867199098
MLT,2016,1.11,30.35,22.12,0.56,15.17,11.06,False,37.6179796999137,171263.0,78.0751488032182,454505,26459.0644285369,94.4800033569336,49.2171897888184,67.1891782660361,4.07800422216982,2.12536920875499,1420.328125,3240.88843907108,0.54032,1.0656325,22601.0,0,0.0,EU,3.627482119610892,12.05095566565203,0.10436001532424286,3.096482176654134,3.4127965175055075,0.10436001532424286,-0.579818495252942,-0.579818495252942,10.18335407908983,7.258643197845497,8.083602780787636,4.357671809068296,-3.0012147615701856,S,0.1894393996144847,0.36967363000863135,0.3987761199573678,3.6021456806781886,36.6768468766082
MLT,2017,1.7,45.89,33.81,0.57,15.3,11.27,False,38.7512769768028,181318.0,81.0119110762945,467106,30317.2611769875,94.5691806330314,54.0890197753906,67.1569397470627,12.9713425287845,2.13572793737509,1459.70625,14129.555175913,0.52592,1.2566571,23145.0,0,0.0,EU,3.6571637094964493,12.108007674771141,0.5306282510621704,3.520756616719795,3.8262472284067424,0.5306282510621704,-0.5621189181535413,-0.5621189181535413,10.319472505101965,7.285990495829085,9.556023994355936,4.394596194186223,-3.0047774381574865,S,0.2844550714103936,0.4827689887384838,0.10436001532424286,3.627482119610892,37.6179796999137
MLT,2018,1.08,31.64,23.61,0.54,15.83,11.81,False,39.5892751744889,191833.0,81.6580442928014,483903,33382.280781103,94.7242373261706,57.8407592773438,67.4529854558025,7.18921425536917,1.79830463597945,1512.196875,14436.777618655,0.54557,1.2462056,22937.0,0,0.0,EU,3.67855825265261,12.164380480854994,0.0769610411361284,3.1616703510974213,3.4544221428994533,0.0769610411361284,-0.616186139423817,-0.616186139423817,10.415780522655796,7.321318756596442,9.577534230940838,4.402540336214502,-3.0491331461959987,S,0.2674884296050928,0.2455998101649759,0.5306282510621704,3.6571637094964493,38.7512769768028
MLT,2019,1.08,31.64,23.61,0.81,23.74,17.71,True,40.1799549616579,202513.0,85.7785963798031,503912,32421.9087471186,94.9332032524644,58.4985084533691,67.8634883252598,4.0850557312243,2.50605980096239,1574.725,10843.1630919684,0.54851,0.8271849,23810.0,0,0.0,EU,3.6933682384717224,12.218559360999022,0.0769610411361284,3.1616703510974213,3.4544221428994533,0.0769610411361284,-0.21072103131565253,-0.21072103131565253,10.386589669161706,7.361835932840221,9.291290030580903,4.45176951593088,-3.052295989153085,S,0.3116584180238755,0.38543475776916447,0.0769610411361284,3.67855825265261,39.5892751744889
MLT,2020,1.0,31.43,22.67,0.75,23.58,17.01,False,41.1094408219109,213032.0,86.85876183,515490,31823.422001724,95.1841082280263,61.4767112731934,68.1674197448314,-3.45728232537419,1.93606292720301,1610.90625,14442.5692059982,0.60002,1.0901554,19903.0,0,0.0,EU,3.716237798820463,12.269197668149237,0.0,3.1210424645194377,3.447762850809476,0.0,-0.2876820724517809,-0.2876820724517809,10.367957838589827,7.384552187815128,9.577935319473484,4.464283372227272,-3.25424743048968,S,0.3087551376357198,0.40363085091964074,0.0769610411361284,3.6933682384717224,40.1799549616579
MLT,2021,1.08,30.96,24.1,0.54,15.47,12.05,False,42.1830899964911,221198.0,87.46977742,518150,38078.0064279067,95.5145343617045,70.2313537597656,68.00171251,13.3509818925498,2.46807412821946,1619.21875,6185.4675287079,0.59682,0.7210401,23924.0,0,0.0,EU,3.742019429752243,12.306813506998122,0.0769610411361284,3.1822118404966093,3.4326960487215263,0.0769610411361284,-0.616186139423817,-0.616186139423817,10.547392135326545,7.389699058818591,8.72995787270668,4.471293332784648,-3.075382636447916,S,0.4629877815635283,0.5740963122770314,0.0,3.716237798820463,41.1094408219109
MLT,2022,0.91,31.22,21.28,0.46,15.6,10.64,False,43.4449972737186,229473.0,91.54062209,531113,35658.8318250199,95.6003155132879,74.5901336669922,67.5041462195565,2.59276776884379,5.08689483963084,1659.728125,5102.49231331186,0.5745,0.5640572,24005.0,0,0.0,EU,3.7714957075386897,12.343540654502956,-0.09431067947124129,3.0577676644734435,3.441058915087286,-0.09431067947124129,-0.7765287894989963,-0.7765287894989963,10.481752132187898,7.414409087816678,8.53748438822757,4.516782831029365,-3.09671266264541,S,0.22735350842260713,0.3100550481065911,0.0769610411361284,3.742019429752243,42.1830899964911
MLT,2023,1.07,42.42,28.85,0.4,15.99,10.88,False,44.282454836797,236006.0,92.07266941,552747,40932.5238774461,95.6272277147965,80.5250091552734,67.0481240477638,10.6340558017004,5.16394498940494,1727.334375,4823.18311994457,0.64792,0.5286404,24306.0,0,0.0,EU,3.7905885452558095,12.371612507413383,0.06765864847381486,3.3621099929541085,3.7476199491365363,0.06765864847381486,-0.916290731874155,-0.916290731874155,10.619680230850584,7.454334675502779,8.481189387406376,4.522578150145451,-3.1241771588658063,S,0.23214253549503078,0.20296780022861927,-0.09431067947124129,3.7714957075386897,43.4449972737186
MLT,2024,0.94,41.77,26.9,0.23,10.01,6.45,False,44.5068355303026,240162.0,93.86029816,568847,44023.6341078148,95.6546264490509,80.5250091552734,66.7571955145133,6.21275996991034,4.10303845280858,1777.646875,4507.36313982494,0.64792,0.4916338,24553.0,0,0.0,EU,3.795642784798313,12.389068974614093,-0.06187540371808753,3.292126286607793,3.732178378509084,-0.06187540371808753,-1.4696759700589417,-1.4696759700589417,10.692481907506956,7.48304578836217,8.41346759184889,4.541807487007294,-3.14277745880637,S,0.1750170255570314,0.1307255394353745,0.06765864847381486,3.7905885452558095,44.282454836797
NLD,2010,0.74,28.55,32.87,,,,False,37.7372328275169,6329000.0,90.72,16615394,51305.7338533973,87.3502790247129,63.7049789428711,67.1415432435357,1.31935287897116,0.710240446809252,492.599881411207,2084.81363728119,1.69388,1.646277,2107731.0,0,0.0,EU,3.630647215246833,15.660652803757442,-0.3011050927839216,3.4925603876761278,3.351656936102019,-0.3011050927839216,,,10.845557795934335,6.199697244945862,7.64243474763909,4.507777839979442,-2.064717601609062,W,-0.19196568063397057,-0.3919496103280442,,,
NLD,2011,0.74,28.67,32.87,,,,False,38.5614208058284,6498007.0,91.4199957622284,16693074,54701.7728030611,88.0059204972573,75.518798828125,66.8305287911613,1.77330320575034,0.242697164111121,495.049644128114,3200.84844768555,1.8651,1.7926864,1686821.0,0,0.0,EU,3.652252315687705,15.687006072465142,-0.3011050927839216,3.4925603876761278,3.3558512798952784,-0.3011050927839216,,,10.909651397447254,6.204658048707774,8.07117119354618,4.515464226548625,-2.292148210437793,W,-0.191224212521903,-0.3850976586940107,-0.3011050927839216,3.630647215246833,37.7372328275169
NLD,2012,0.76,28.85,32.67,,,,False,39.3374146344405,6654000.0,92.859992359525,16754962,50473.9442002689,88.5342462391333,75.8141632080078,66.3807718191341,-0.977826121310997,1.32907768194571,496.884994068802,4852.83105983768,1.90094,1.7611187,1895852.0,0,0.0,EU,3.6721760923072173,15.71072873556056,-0.2744368457017603,3.4864572256129787,3.3621099929541085,-0.2744368457017603,,,10.829212525681811,6.208358599055477,8.487317537309004,4.531092900312266,-2.179026111492662,W,-0.2545282830064637,-0.281796872176803,-0.3011050927839216,3.652252315687705,38.5614208058284
NLD,2013,0.8,29.44,35.19,0.61,22.22,26.55,False,40.030499091092,6792000.0,93.9564,16804432,52602.2860520766,89.1749992370605,77.26282501220703,66.0375664309138,-0.0302410184270769,1.14493599899532,498.795844464233,5668.32607017006,2.13953,1.759796,1776944.0,0,0.0,EU,3.6896416408531136,15.73125600697332,-0.2231435513142097,3.5607619513334936,3.3823542938606757,-0.2231435513142097,-0.4942963218147801,-0.4942963218147801,10.870514858847491,6.2121968827050855,8.64264912741454,4.54283084488046,-2.2467476262527466,W,-0.3358025072020639,-0.2726932306897572,-0.2744368457017603,3.6721760923072173,39.3374146344405
NLD,2014,1.0,36.26,43.12,0.61,22.32,26.53,False,40.2287973950107,6851000.0,91.6666666666667,16865008,53457.2234864322,89.8364787097165,78.71148681640626,65.7829993073729,1.61255885112396,0.344128582413305,500.593885425942,7204.7401341286,2.15067,1.663238,1429831.0,0,0.0,EU,3.694583092276275,15.739905184985036,0.0,3.7639869266007415,3.590715205326705,0.0,-0.4942963218147801,-0.4942963218147801,10.886637052063445,6.2157951644323495,8.882494440347868,4.518158808998462,-2.467684687399062,W,-0.2848181574659964,-0.2669403739189369,-0.2231435513142097,3.6896416408531136,40.030499091092
NLD,2015,0.83,36.26,36.04,0.29,12.83,12.75,False,41.0879703576802,7029097.0,91.7241379310345,16939923,45793.8135434697,90.2787737214621,80.1601486206055,65.6050618465085,2.12064007193544,0.888398541092599,503.116216216216,9728.85177813382,2.11792,1.7856938,1453324.0,0,0.0,EU,3.715715386632272,15.76556880603437,-0.18632957819149348,3.584629432740137,3.590715205326705,-0.18632957819149348,-1.2378743560016174,-1.2378743560016174,10.73190428550867,6.220821189568186,9.18285115980272,4.518785571789271,-2.455819797105169,W,-0.27895892578850096,-0.40605285698444604,0.0,3.694583092276275,40.2287973950107
NLD,2016,0.95,39.33,38.72,0.54,22.47,22.12,False,41.9813942626003,7222770.0,90.4109589041096,17030314,46808.5291492503,90.5803239452777,79.8454895019531,65.4890558058781,2.42428065449427,0.565548743031258,505.800831600832,24130.7940652181,2.11546,1.9568543,1392034.0,0,0.0,EU,3.7372265263850384,15.792749093801364,-0.05129329438755058,3.656356262408376,3.671987586443718,-0.05129329438755058,-0.616186139423817,-0.616186139423817,10.753820712079664,6.226142978364272,10.091244065877797,4.504365486866126,-2.5042289456538254,W,-0.2045598422900621,-0.28139745194644455,-0.18632957819149348,3.715715386632272,41.0879703576802
NLD,2017,1.02,39.19,39.44,0.73,27.99,28.17,False,42.0988982620643,7289580.0,93.1972789115646,17131296,49513.6817346384,91.1219700676602,83.2009887695312,65.3662757423029,2.78150834679987,1.43936441864196,508.8,70412.1276055238,2.14167,1.9684193,1479985.0,0,0.0,EU,3.7400215707987408,15.801956489156414,0.01980262729617973,3.6747805297344347,3.66842161221154,0.01980262729617973,-0.31471074483970024,-0.31471074483970024,10.810004309045267,6.232055012025913,11.162120794433774,4.53471852503748,-2.4488750136272306,W,-0.07694257952206222,-0.14981096213753434,-0.05129329438755058,3.7372265263850384,41.9813942626003
NLD,2018,1.15,47.86,49.01,0.83,34.6,35.43,False,42.5152457224727,7406700.0,91.8918918918919,17231624,53955.0770024266,92.6062472401044,83.652473449707,65.248775211947,2.25873158164956,2.53341170885517,511.779744579745,100581.523830836,2.1027,1.9366985,1501055.0,0,0.0,EU,3.7498627344864115,15.817895553947567,0.13976194237515863,3.8920243589214563,3.868280082480227,0.13976194237515863,-0.18632957819149348,-0.18632957819149348,10.895907071956978,6.237894346115121,11.518723860047022,4.520612797960029,-2.4405781060874445,W,-0.016622808137091823,-0.1066751079120995,0.01980262729617973,3.7400215707987408,42.0988982620643
NLD,2019,1.17,49.02,50.19,0.83,34.6,35.43,False,42.5292659897442,7458573.0,93.2885906040269,17344874,53554.9007491475,93.8898028856479,84.49477767944336,65.1412740704822,2.3001616053659,3.02781317575136,515.143272943273,130279.470464876,2.14036,1.8629208,1605795.0,0,0.0,EU,3.750192450469636,15.824874667019007,0.1570037488096647,3.9158158036668422,3.8922283780999667,0.1570037488096647,-0.18632957819149348,-0.18632957819149348,10.888462588946103,6.244445061863173,11.777437194789309,4.535697813173324,-2.379678055003211,W,-0.10318887223297714,-0.2066159742528923,0.13976194237515863,3.7498627344864115,42.5152457224727
NLD,2020,1.35,62.45,60.11,0.64,29.46,28.35,False,42.6667277513049,7525016.0,91.33333333,17441500,53467.9277413737,94.2532277765935,85.3370819091797,65.0100463629003,-3.86799714191608,2.35577686266144,518.013068013068,136862.999168649,2.26514,1.7647356,1611104.0,0,0.0,EU,3.753419406921691,15.8337434948428,0.30010459245033816,4.09617621705107,4.134366236571586,0.30010459245033816,-0.4462871026284195,-0.4462871026284195,10.886837271653585,6.250000469765722,11.826735698402349,4.514515817683464,-2.3819327656691036,W,-0.03054358640325036,-0.15719236579174467,0.1570037488096647,3.750192450469636,42.5292659897442
NLD,2021,1.41,62.14,63.91,0.51,22.28,22.91,False,42.9460563127039,7614578.0,92.05298013,17533044,60141.9880911492,94.6294783220315,89.3898620605469,64.8512129916232,6.27683593745216,2.74733820576721,520.731927531928,164133.506993994,2.21542,1.8243489,1741675.0,0,0.0,EU,3.759944823788525,15.845575125835575,0.34358970439007686,4.157475843662191,4.129389903964901,0.34358970439007686,-0.6733445532637656,-0.6733445532637656,11.004463513713938,6.255235374847411,12.008435442670033,4.52236428227724,-2.3092400351779423,W,-0.0238178024109252,-0.11506484116193857,0.30010459245033816,3.753419406921691,42.6667277513049
NLD,2022,1.06,51.36,45.78,0.47,22.69,20.23,False,43.5643185557355,7799939.0,92.51968504,17700982,59123.318556487,94.9856177734136,87.9918441772461,64.74772068865,5.00723453395074,6.15557498292159,525.719691119691,181183.789690312,2.17529,1.7233662,1656904.0,0,0.0,EU,3.7742384335486436,15.869626471116419,0.058268908123975824,3.8238473145244205,3.9388596593817056,0.058268908123975824,-0.7550225842780328,-0.7550225842780328,10.987380686598927,6.264768164075955,12.10726720771891,4.527421433120522,-2.3686693175297,W,-0.09662874576627052,-0.27151596922438054,0.34358970439007686,3.759944823788525,42.9460563127039
NLD,2023,1.0,51.05,46.27,0.41,21.02,19.05,False,43.2644444744139,7827630.0,97.00680272,17877117,63515.6030780019,95.3221682092129,86.5938262939453,64.6719699066872,-0.598061017580278,6.30206908032835,530.950905850906,194962.867894191,2.26719,1.7180996,1570012.0,0,0.0,EU,3.7673311539072487,15.873170340157209,0.0,3.8344938029189084,3.9328055446106744,0.0,-0.8915981192837836,-0.8915981192837836,11.059040872460928,6.274669560942958,12.180564398358062,4.57478110717833,-2.4324382524906953,W,-0.4876693690050929,-0.39750939052832074,0.058268908123975824,3.7742384335486436,43.5643185557355
NLD,2024,0.89,53.7,45.76,0.31,18.95,16.15,False,42.9782483069868,7834394.0,97.00679779,17993485,67465.3208126875,95.6396517079336,86.5938262939453,64.4782773402102,1.07383137319854,5.6654225778243,534.4070389070389,198682.41199523,2.26719,1.7218271,1647477.0,0,0.0,EU,3.7606941343807168,15.874034085535268,-0.11653381625595151,3.8234103470715426,3.983413001514819,-0.11653381625595151,-1.171182981502945,-1.171182981502945,11.11936897909982,6.281157793743174,12.199462909248412,4.574781056357151,-2.3907647211832264,W,-0.2884677906966406,-0.2906092772964237,0.0,3.7673311539072487,43.2644444744139
POL,2010,1.72,28.03,18.01,,,,False,15.378511671936,5858498.0,62.32,38042794,12567.7317676382,60.8474783987677,76.5571212768555,71.3558267076234,3.16892748258036,1.57921733174169,124.209200731357,155.009645190624,0.72252,0.9204541,9450347.0,0,0.0,EU,2.7329711890396786,15.583403814705976,0.5423242908253617,2.8909271591878647,3.333275365176697,0.5423242908253617,,,9.438887837221882,4.82196724671821,5.0434873420195085,4.132282401562493,-1.3926602235727714,C,0.6379230385742993,0.6082150922682207,,,
POL,2011,1.84,30.41,19.36,,,,False,18.2475205937044,6972130.0,61.94999896898,38063255,13867.6669408192,60.7357090652544,75.8021011352539,71.1217900505102,5.25546256612796,3.06571454649757,124.296296901022,227.384652205914,0.74726,0.8434692,7010351.0,0,0.0,EU,2.904029212919772,15.757431331460836,0.6097655716208943,2.963209081848431,3.4147715016892732,0.6097655716208943,,,9.53731529013486,4.822668206447963,5.426643086540535,4.126327591432375,-1.6918616099501287,C,0.6641736898830447,0.4095043665740768,0.5423242908253617,2.7329711890396786,15.378511671936
POL,2012,1.67,30.76,18.12,,,,False,18.0079998184474,6887676.0,62.3099972714691,38063164,13087.420943321,60.6341632788866,75.0382919311523,70.8309123377924,1.51178167644575,2.18343357394524,124.300058781268,399.283674893658,0.88476,0.8536768,8429495.0,0,0.0,EU,2.8908160935226563,15.745244285655842,0.5128236264286637,2.8970163006148333,3.4262151446374434,0.5128236264286637,,,9.4794068145356,4.822698471414928,5.9896721289199855,4.132121882766515,-1.507510125191192,C,0.5853295284106689,0.14801113313272815,0.6097655716208943,2.904029212919772,18.2475205937044
POL,2013,1.1,20.54,12.34,0.56,10.48,6.3,False,18.3773931656078,7031055.0,62.8492,38040196,13621.9023794031,60.5333187465323,73.317268371582,70.4628284457914,0.684240607051805,0.270975789944856,124.229110740995,517.741811845554,0.8807,0.902271,6017564.0,0,0.0,EU,2.9111212769235544,15.765847323651059,0.09531017980432493,2.5128460184772416,3.0223742045004123,0.09531017980432493,-0.579818495252942,-0.579818495252942,9.519434245383213,4.822127528033621,6.249476685270007,4.140738206236073,-1.8439608638704343,C,0.5872383747098845,0.18048818929984167,0.5128236264286637,2.8908160935226563,18.0079998184474
POL,2014,1.08,20.61,12.36,0.55,10.52,6.31,False,18.904567196757,7233854.0,66.5987360557248,38011735,14262.2841914116,60.4340063344328,70.2389678955078,70.0250512784321,3.92050862390032,0.482272387523025,124.144273163722,681.131761020643,0.9454,0.8657653,4096389.0,0,0.0,EU,2.9394035434948513,15.79428250881885,0.0769610411361284,2.514465452029545,3.0257763949023677,0.0769610411361284,-0.5978370007556204,-0.5978370007556204,9.565373862866483,4.821444382527137,6.5237557691093,4.198685599223986,-2.2277890739111785,C,0.3946240442063111,0.21172009544243675,0.09531017980432493,2.9111212769235544,18.3773931656078
POL,2015,0.91,20.61,10.35,0.7,15.85,7.96,False,18.9867934497166,7265546.0,67.9969871556415,37986412,12637.5220324406,60.3362886805635,69.3731994628906,69.5235017932482,4.43176700264478,1.32071091723995,124.061569613639,955.841788900726,0.99807,0.8123641,3506549.0,0,0.0,EU,2.943743655891368,15.798654007014566,-0.09431067947124129,2.336986519711378,3.0257763949023677,-0.09431067947124129,-0.35667494393873245,-0.35667494393873245,9.444425606744861,4.820777971517482,6.862592406574293,4.21946339765986,-2.382596153887033,C,0.22928707817690208,0.028794602082839613,0.0769610411361284,2.9394035434948513,18.904567196757
POL,2016,0.91,21.4,10.12,0.69,16.08,7.61,False,19.1513139299534,7327918.0,73.3007040962669,37970087,12464.0121044827,60.2402284228997,69.8503799438477,68.9521816813071,3.03117767594847,0.0828624483893066,124.008253045495,2492.48836327396,0.9616,0.811158,3994347.0,0,0.0,EU,2.9523713258031266,15.807201995317163,-0.09431067947124129,2.3145136638593193,3.0633909220278057,-0.09431067947124129,-0.37106368139083207,-0.37106368139083207,9.430600739265602,4.820348120208738,7.8210368331285895,4.29457021452542,-2.2519185539834496,C,0.22876021995755233,-0.1067163211097775,-0.09431067947124129,2.943743655891368,18.9867934497166
POL,2017,1.75,37.18,18.52,0.25,5.31,2.64,False,19.9531726069815,7633078.0,75.9853659493832,37974826,13913.3415190124,60.145888199417,70.6174621582031,68.3269085235055,5.15245773325907,1.77020284945432,124.0237303635,6534.93448528243,1.03055,0.7219296,4883092.0,0,0.0,EU,2.9933881586111455,15.848001729515243,0.5596157879354227,2.918851229218033,3.6157709822932977,0.5596157879354227,-1.3862943611198906,-1.3862943611198906,9.540603480296335,4.820472921194582,8.784917600802627,4.3305407684479755,-2.051144840730976,C,0.4151793581827852,0.11882482504161117,-0.09431067947124129,2.9523713258031266,19.1513139299534
POL,2018,1.64,37.52,19.38,0.23,5.36,2.77,False,20.5313862679212,7851422.0,77.5417345350006,37974750,15658.210586693,60.0533306480907,71.0217437744141,67.6767403778615,6.2458584723942,1.22699825174134,124.031583760656,16227.0719359574,1.19426,0.7623048,5614504.0,0,0.0,EU,3.0219547527609993,15.87620521985036,0.494696241836107,2.96424160646262,3.624874124138024,0.494696241836107,-1.4696759700589417,-1.4696759700589417,9.658750696521182,4.820536240919751,9.694436233632404,4.350816301543795,-1.9115682157104905,C,0.32884431864280145,0.0633351054541858,0.5596157879354227,2.9933881586111455,19.9531726069815
POL,2019,1.64,37.52,19.38,0.23,5.36,2.77,True,20.5043205670712,7837958.0,80.4359068768673,37965475,15874.5220531254,59.9626184068963,70.9065017700195,67.0192549762975,4.58045817256199,3.02644690867653,124.025595374212,20606.063798754,1.3088,0.8277446,5245645.0,0,0.0,EU,3.0206356233070535,15.874488899217534,0.494696241836107,2.96424160646262,3.624874124138024,0.494696241836107,-1.4696759700589417,-1.4696759700589417,9.672470716417932,4.820487958612696,9.933340670625329,4.387460679433618,-1.9792789855619535,C,0.22125318788845108,0.0633351054541858,0.494696241836107,3.0219547527609993,20.5313862679212
POL,2020,1.26,31.91,15.19,0.21,5.31,2.53,False,21.9255858346119,8369218.0,83.18488715,37515748,16150.9304813473,59.8738141138092,70.9730377197266,66.4351589630372,-2.03556882399977,4.23859434856777,122.548420605625,25438.6771123423,1.37128,0.6854992,4489186.0,0,0.0,EU,3.0876542578379644,15.940071009188122,0.23111172096338664,2.7206373166076814,3.462919440290152,0.23111172096338664,-1.5606477482646683,-1.5606477482646683,9.689732941935231,4.808506222136076,10.144026015800986,4.421065686496012,-2.123089397930749,C,0.026461343084688522,-0.07743233924792574,0.494696241836107,3.0206356233070535,20.5043205670712
POL,2021,1.22,31.06,15.94,0.51,12.95,6.64,False,22.8165643900514,8679490.0,85.37490906,36981559,18635.5104895754,59.8096513205543,72.2060623168945,66.0026656203027,6.92718266052501,5.34023602800748,120.815285854296,31394.3768568545,1.41558,0.6736094,7008069.0,0,0.0,EU,3.127486780516553,15.976473329149977,0.19885085874516517,2.768831673362069,3.435920817720541,0.19885085874516517,-0.6733445532637656,-0.6733445532637656,9.832824205666153,4.794262816024331,10.354384074867534,4.447052252707371,-1.6633571835175294,C,0.09064609563392138,-0.04976754560263067,0.23111172096338664,3.0876542578379644,21.9255858346119
POL,2022,1.09,30.43,13.76,0.46,12.69,5.74,False,23.8373449056172,9150141.0,86.94113479,36821749,18891.2121169279,59.8315488048321,75.2911071777344,65.6570295546479,5.25545697386036,10.689577427514,120.297131562612,34772.62853538,1.44162,0.6870197,5622605.0,0,0.0,EU,3.1712534645862185,16.02927984696904,0.08617769624105241,2.6217658325051976,3.4154289639088797,0.08617769624105241,-0.7765287894989963,-0.7765287894989963,9.84645212555858,4.789964778661546,10.456585819940914,4.4652312780404495,-1.879293596391125,C,-0.149713723870442,-0.18788617030544866,0.19885085874516517,3.127486780516553,22.8165643900514
POL,2023,0.92,29.18,14.36,0.46,14.59,7.18,False,24.526154479274,9507035.0,86.414744,36687353,22145.2660647429,59.8859561370214,76.8794097900391,65.3423219583981,0.249610834017872,9.86569270234997,119.787615502661,37340.960521191,1.55525,0.7253164,5072182.0,0,0.0,EU,3.1997400779122676,16.067542608832234,-0.08338160893905101,2.664446563620078,3.3734835430946397,-0.08338160893905101,-0.7765287894989963,-0.7765287894989963,10.005379030949513,4.7857203038990805,10.527846140417545,4.459158309399419,-1.9786609909940855,C,-0.2940065828155958,-0.24592810254544348,0.08617769624105241,3.1712534645862185,23.8373449056172
POL,2024,0.88,32.35,16.26,0.47,17.42,8.76,False,25.3612522999634,9774024.0,88.58496367,36559233,25103.565661423,59.9705468695101,80.9149627685547,65.0508166995989,3.02841630700273,3.82894765990332,119.40048009405952,41131.8530670488,1.55525,0.6858353,5529287.0,0,0.0,EU,3.233222509263211,16.09523881230339,-0.12783337150988489,2.7887081041196646,3.4766140209469096,-0.12783337150988489,-0.7550225842780328,-0.7550225842780328,10.130765173254584,4.782483221838689,10.62453811411302,4.483962132937737,-1.8888748930241952,C,-0.24933913026875312,-0.23436587003513873,-0.08338160893905101,3.1997400779122676,24.526154479274
PRT,2010,1.38,28.17,26.28,,,,False,20.1035764454099,2126689.0,53.3,10573100,22551.935098809,61.0788867241731,61.7960205078125,66.2951498582996,1.73762453640036,0.782135844537365,115.439458456163,162.393243230462,1.53317,0.9446209,1742771.0,0,0.0,EU,3.000897731844359,14.57007686816512,0.3220834991691132,3.26880819361641,3.338257581888281,0.3220834991691132,,,10.023576154943452,4.748746223326433,5.090020821138279,3.975936331171799,-1.802836664526322,S,0.04903548010472371,0.02601015908980906,,,
PRT,2011,1.46,30.71,27.6,,,,False,21.2468026111835,2243036.0,55.2499968797194,10557560,23246.5425416481,61.1410698395502,61.7960205078125,66.0859174471284,-1.71352745905065,-0.260435388033883,115.269789278305,213.685737992491,1.45558,0.7471259,1829839.0,0,0.0,EU,3.056206418693308,14.623340863306671,0.37843643572024505,3.3178157727231046,3.424588334452731,0.37843643572024505,,,10.053911692071285,4.747275374540677,5.364506421644511,4.011868283922194,-1.752614206132491,S,-0.031373150219957346,0.057093810494136574,0.3220834991691132,3.000897731844359,20.1035764454099
PRT,2012,1.53,31.4,26.98,,,,False,22.7408340982484,2390778.0,60.3399974868057,10514844,20593.4274224109,61.1409793914666,61.7960205078125,65.8555190404398,-4.05090267621935,-0.376402176726515,114.803406485424,358.255433937013,1.37661,0.7084467,1855587.0,0,0.0,EU,3.1241621674319546,14.687129393949125,0.4252677354043441,3.2950958507796098,3.4468078929142076,0.4252677354043441,,,9.932727246703587,4.743221156663204,5.881246234596076,4.099995192080362,-1.7345868850452737,S,0.028965666901749836,0.05155848730666885,0.37843643572024505,3.056206418693308,21.2468026111835
PRT,2013,1.57,31.87,27.88,1.15,23.46,20.51,False,24.5102597000009,2563356.0,62.0956,10457295,21676.4859642714,61.1405315215642,61.7960205078125,65.5944048254508,-0.984106574148328,2.27438670185343,114.156128691384,422.671446105326,1.32325,0.7338698,1720293.0,0,0.0,EU,3.199091793159159,14.756827895427417,0.45107561936021673,3.327909585892323,3.461665128429245,0.45107561936021673,0.13976194237515863,0.13976194237515863,9.983983355897296,4.737567061340814,6.046595154085301,4.12867513296705,-1.804805195831587,S,0.0680952619221914,-0.010239243091821741,0.4252677354043441,3.1241621674319546,22.7408340982484
PRT,2014,1.6,32.7,28.51,0.93,19.01,16.57,False,27.4622463014594,2857776.0,64.5924200648949,10401062,22120.6850127107,61.1394537361116,61.7960205078125,65.3302452379704,0.741391420706506,0.724456767129396,113.541770372117,535.522238017618,1.28892,0.5980541,1678232.0,0,0.0,EU,3.3128121996693105,14.865554257913299,0.47000362924573563,3.3502549029245805,3.487375077903208,0.47000362924573563,-0.07257069283483537,-0.07257069283483537,10.004268423181667,4.732170790118086,6.283242416602809,4.16809706744736,-1.824167057997382,S,0.20706704359345643,0.018080731738964642,0.45107561936021673,3.199091793159159,24.5102597000009
PRT,2015,1.37,33.46,24.39,0.81,19.77,14.41,False,30.2999720257926,3142188.0,68.6328614804299,10358076,19215.7813014347,61.137469211538,61.7960205078125,65.126992390842,1.58979803702681,1.96244699137272,113.072519583956,901.325690215055,1.24552,0.8500702,1658095.0,0,0.0,EU,3.411146789273729,14.96042993050801,0.3148107398400336,3.194173212227829,3.510350695558678,0.3148107398400336,-0.21072103131565253,-0.21072103131565253,9.863487163188946,4.728029379098158,6.803866668667802,4.228771450360407,-1.8320971522776144,S,0.05466647592792071,0.009141285304516158,0.47000362924573563,3.3128121996693105,27.4622463014594
PRT,2016,1.49,34.13,25.43,0.62,14.09,10.5,False,32.6259001706105,3375597.0,70.423567088723,10325452,19980.2808866516,61.1343011242723,63.2387504577637,64.8902291547221,2.00414129666575,1.8540870315521,112.716384151187,3180.29661074401,1.2815,0.8398464,1678310.0,0,0.0,EU,3.485106456698558,15.032082755534661,0.3987761199573678,3.2359295794340284,3.530176762918616,0.3987761199573678,-0.4780358009429998,-0.4780358009429998,9.902501110494697,4.724874788928172,8.064729745243362,4.25452796692744,-1.816824580404069,S,0.1305561786878597,0.03603685942459153,0.3148107398400336,3.411146789273729,30.2999720257926
PRT,2017,1.57,34.02,25.91,1.02,22.2,16.9,False,34.6016066063915,3574638.0,73.7912139515729,10300300,21442.3842768879,61.1296726507436,64.2040176391602,64.6083708165567,3.31472008175986,1.53220089864148,112.441815784188,12464.7825791482,1.32224,0.924473,1992129.0,0,0.0,EU,3.543900114696404,15.089374470241975,0.45107561936021673,3.2546289945740186,3.5269485869677157,0.45107561936021673,0.01980262729617973,0.01980262729617973,9.973124815946102,4.722435894824588,9.430662553298372,4.301239672372449,-1.642969104923247,S,0.3003655977507843,0.10359302475147028,0.3987761199573678,3.485106456698558,32.6259001706105
PRT,2018,1.44,33.07,25.97,1.08,24.81,19.49,False,36.6542819407724,3784684.0,74.6609681487507,10283822,23541.1401075289,61.1233069673808,65.1127395629883,64.3500227062455,2.94628343449202,1.85237145416053,112.261935951514,15977.3282734765,1.35078,0.9348161,1852770.0,0,0.0,EU,3.601530254817114,15.146472953917952,0.36464311358790924,3.256942025674657,3.4986265269937014,0.36464311358790924,0.0769610411361284,0.0769610411361284,10.066504812416667,4.72083485461312,9.678926013444551,4.312957440838079,-1.7138901642579474,S,0.20995201511473663,0.5648303015105325,0.45107561936021673,3.543900114696404,34.6016066063915
PRT,2019,1.44,33.07,25.97,0.97,22.39,17.58,True,38.3605751907072,3967716.0,75.3463779408712,10286263,23343.3628970034,61.114927250613,66.0920562744141,64.0780142495373,2.74568432648596,1.83436824863219,112.288582794065,19150.5894803584,1.39487,0.9999205,2025288.0,0,0.0,EU,3.6470302444468037,15.193701172244817,0.36464311358790924,3.256942025674657,3.4986265269937014,0.36464311358790924,-0.030459207484708574,-0.030459207484708574,10.058067978452309,4.7210721895596155,9.860088776399174,4.3220958541211125,-1.6250974030919485,S,0.2541220035335193,0.3896873561393189,0.36464311358790924,3.601530254817114,36.6542819407724
PRT,2020,1.49,39.02,28.34,0.89,23.4,17.0,False,40.1215406866329,4160812.0,78.26166044,10297081,22299.4044062173,61.1042566768691,68.1568908691406,63.7995986507522,-8.20463159324387,2.10314290097442,112.406676011074,22178.9068183498,1.60979,0.8031995,1946526.0,0,0.0,EU,3.691913364316341,15.241220805497598,0.3987761199573678,3.3442742342625342,3.6640743351949654,0.3987761199573678,-0.11653381625595151,-0.11653381625595151,10.012315248850163,4.722123330812087,10.006896972870507,4.360057833526267,-1.6658142117253654,S,0.22899991364424627,0.43653340859812995,0.36464311358790924,3.6470302444468037,38.3605751907072
PRT,2021,1.55,38.36,30.13,0.78,19.19,15.07,False,41.5145728650954,4313761.0,82.30902804,10361831,24711.4510062111,61.0951249296597,72.5122375488281,63.5636491754777,5.55875672070374,2.01977710282455,113.113510527741,24123.9217277333,1.66711,0.7505542,2052737.0,0,0.0,EU,3.7260445189725284,15.27732070337661,0.4382549309311553,3.40552135314221,3.6470152500152375,0.4382549309311553,-0.2484613592984996,-0.2484613592984996,10.1150220186755,4.728391832466418,10.090959229984835,4.410480798386098,-1.618954934048113,S,0.3907290036045229,0.49509136434643974,0.3987761199573678,3.691913364316341,40.1215406866329
PRT,2022,1.48,38.68,26.61,0.74,19.35,13.31,False,42.937003513367,4472779.0,84.49690644,10434332,24620.5197587181,61.1259255772782,75.0714797973633,63.3097782510393,6.98584137580278,5.32750036102243,113.904957775507,27622.7553426515,1.69051,0.8086012,2007159.0,0,0.0,EU,3.7597340069082517,15.313520473637942,0.3920420877760237,3.281287084989598,3.6553226705850936,0.3920420877760237,-0.3011050927839216,-0.3011050927839216,10.11133551075517,4.735364396946644,10.226395180954071,4.436714923515445,-1.6483812337503558,S,0.1300829549731541,0.2494749117358835,0.4382549309311553,3.7260445189725284,41.5145728650954
PRT,2023,1.32,38.98,27.21,0.53,15.6,10.89,False,44.1107426914567,4601076.0,85.79012676,10578174,27634.6183139773,61.2048652633664,77.6778182983398,62.9948427426708,3.09998745904281,7.48763935838595,115.475189289738,28927.204260395,1.69491,0.7804495,2172921.0,0,0.0,EU,3.7867033512332466,15.341800747149412,0.27763173659827955,3.303584552795155,3.6630486940794147,0.27763173659827955,-0.6348782724359695,-0.6348782724359695,10.226824552483082,4.749055695542327,10.272537755222128,4.45190392714527,-1.58272047639855,S,0.19014791787013782,-0.06828100782590496,0.3920420877760237,3.7597340069082517,42.937003513367
PRT,2024,1.26,44.28,27.98,0.48,17.04,10.77,False,45.2439221846256,4716811.0,88.48704454,10694681,29328.3067415343,61.3281907341332,77.6778182983398,62.6679299405748,2.21459232301109,4.86520313456742,116.74702201612158,28710.2532558007,1.69491,0.7401575,2308396.0,0,0.0,EU,3.8120683447628196,15.366643493623933,0.23111172096338664,3.331489969237335,3.790533107840436,0.23111172096338664,-0.7339691750802004,-0.7339691750802004,10.286308429024189,4.760009388867128,10.265009594246552,4.482856151919382,-1.5331936040163294,S,0.11641960062073657,-0.061894975945498934,0.27763173659827955,3.7867033512332466,44.1107426914567
ROU,2010,1.3,14.78,9.13,,,,False,14.6853744418104,3000600.0,39.93,20246871,8399.5374234284,53.9038227941329,75.2290267944336,68.4129224247518,-3.90581157302972,5.93211185989944,88.0107411432297,39.0183747404722,0.44657,0.4222283,1806508.0,0,0.0,EU,2.6868520625761314,14.91432282663505,0.26236426446749106,2.211565694606877,2.6932749155200555,0.26236426446749106,,,9.035931914675595,4.477458865475472,3.6640326823662526,3.6871279210751298,-2.416604563046252,SE,0.621482966671087,1.2711301993058364,,,
ROU,2011,1.29,15.4,9.13,,,,False,16.1874973837653,3283150.0,40.0099967810008,20147528,9560.6755277458,53.9608874244169,66.7865829467773,68.173303919419,4.49558909946313,3.98254945792303,87.5332493374462,60.9007715487478,0.47457,0.3748876,2113055.0,0,0.0,EU,2.784239177839067,15.004313885357735,0.25464221837358075,2.211565694606877,2.7343675094195836,0.25464221837358075,,,9.165413665447108,4.4720187136126865,4.109245843744758,3.689129342414274,-2.254946833328823,SE,0.603974925282059,1.2332802115060295,0.26236426446749106,2.6868520625761314,14.6853744418104
ROU,2012,1.17,15.24,8.36,,,,False,17.567519569459,3541340.0,45.8799942529424,20058035,8929.95366231474,53.9563092496073,54.9534912109375,67.987473244784,1.90361696799603,3.81023942192328,87.201265107382,131.368800582909,0.46244,0.3076837,2324656.0,0,0.0,EU,2.8660517180417,15.08001574455859,0.1570037488096647,2.1234584270966104,2.7239235502585,0.1570037488096647,,,9.097166484866571,4.468218838921871,4.878008639371297,3.826029166998355,-2.155057750500812,SE,0.49378483655633537,1.1085706269286828,0.25464221837358075,2.784239177839067,16.1874973837653
ROU,2013,,14.99,8.71,0.58,7.75,4.51,False,18.8919150905294,3790270.0,49.7645,19983693,9497.67411615237,53.9101758034365,51.3826103210449,67.8443383194302,0.278771877470234,1.39458661535372,86.8742903099596,175.893414695672,0.39022,0.3895279,1819723.0,0,0.0,EU,2.938734057556769,15.147947814626693,,2.1644717908644115,2.7073833121145063,,-0.5447271754416722,-0.5447271754416722,9.158802217734207,4.464462134757599,5.169878213269376,3.90730187842561,-2.3962322992721434,SE,0.44419921817796815,1.108066622751661,0.1570037488096647,2.8660517180417,17.567519569459
ROU,2014,1.09,14.84,8.66,0.56,7.67,4.48,False,20.1139523323465,4016389.0,54.0783206550943,19908979,10031.7710755404,53.8267187624053,51.0950393676758,67.5465618438621,4.11600109267832,1.71417093292732,86.5306806328234,246.72284801747,0.38207,0.3877013,1215627.0,0,0.0,EU,3.0014137201450897,15.20589379821263,0.08617769624105241,2.1587147225743437,2.6973262377392344,0.08617769624105241,-0.579818495252942,-0.579818495252942,9.213512443188531,4.460499040447222,5.508265633829213,3.9904333782772277,-2.7959108429302297,SE,0.4392185708676201,1.018361391433114,,2.938734057556769,18.8919150905294
ROU,2015,0.91,14.84,7.24,0.47,7.67,3.74,False,21.4489855804576,4262132.0,55.7631556336233,19815616,8977.01748158196,53.7071839518893,49.3609886169434,67.1333496502281,3.1570360543854,3.26453494332559,86.1248956884562,361.230253957283,0.48796,0.4527497,998468.0,0,0.0,EU,3.0656773519693514,15.265280062536037,-0.09431067947124129,1.979621206397625,2.6973262377392344,-0.09431067947124129,-0.7550225842780328,-0.7550225842780328,9.102422977129411,4.455798518168575,5.8895155776068515,4.021113357993392,-2.9880034884310454,SE,0.28206780151532956,0.8689691546614208,0.08617769624105241,3.0014137201450897,20.1139523323465
ROU,2016,0.87,15.01,6.9,0.47,8.04,3.7,False,22.4982986593906,4449500.0,59.5039512852713,19702267,9404.54005870715,53.5528171972639,49.911319732666,66.7152920502478,2.85993252302089,2.61991857394388,85.6322453059805,3421.48444135896,0.48863,0.4475166,1022183.0,0,0.0,EU,3.1134396912132103,15.308302288279053,-0.13926206733350766,1.9315214116032138,2.7087166456453704,-0.13926206733350766,-0.7550225842780328,-0.7550225842780328,9.148947836627244,4.450061909714778,8.137829783066405,4.086042718502481,-2.958793168847896,SE,0.46703800190605643,0.9446945715374653,-0.09431067947124129,3.0656773519693514,21.4489855804576
ROU,2017,0.83,14.77,6.91,0.44,7.85,3.67,False,24.148941859633,4754782.0,63.7472821822484,19588715,10727.9822007426,53.3648643239046,50.5108184814453,66.2634006422186,8.19547826641261,4.65130664700149,85.1387126216968,12254.4025986391,0.50693,0.4191612,1600928.0,0,0.0,EU,3.184240563802554,15.374661406433253,-0.18632957819149348,1.9329696377795786,2.6925980965432883,-0.18632957819149348,-0.8209805520698302,-0.8209805520698302,9.280610765819814,4.44428183956331,9.413640547212943,4.154926550694428,-2.50437017400311,SE,0.5330699276661596,1.032864154111035,-0.13926206733350766,3.1134396912132103,22.4982986593906
ROU,2018,0.81,16.13,7.61,1.01,20.08,9.47,False,25.9702175828069,5089610.0,70.6812779273268,19473970,12416.134317959,53.1445711571868,51.9943504333496,65.8004680304066,5.39452228185675,6.18205429510977,84.6399947844228,15938.0958274045,0.49698,0.3852803,1702161.0,0,0.0,EU,3.2569504038762522,15.442711764766033,-0.21072103131565253,2.0294631718735947,2.7806808921371173,-0.21072103131565253,0.009950330853168092,0.009950330853168092,9.42675206049907,4.4384069064892735,9.67646748645088,4.258180727753904,-2.437180081767828,SE,0.6299159591854196,0.8828391163160401,-0.18632957819149348,3.184240563802554,24.148941859633
ROU,2019,0.81,16.13,7.61,1.13,22.53,10.63,True,27.060557570268,5277226.0,73.6574757545465,19371648,12909.6104013244,52.8931835224862,52.4439697265625,65.3516450135071,3.96028958497598,6.96708718391783,84.1952712100139,19164.605923048,0.47491,0.3572005,1895179.0,0,0.0,EU,3.298077227492225,15.478911138834771,-0.21072103131565253,2.0294631718735947,2.7806808921371173,-0.21072103131565253,0.12221763272424911,0.12221763272424911,9.465727305331441,4.43313875826991,9.860820415278594,4.299425641553085,-2.3244972606441436,SE,0.26002776823938395,0.8828391163160401,-0.21072103131565253,3.2569504038762522,25.9702175828069
ROU,2020,0.67,15.8,7.03,0.86,20.41,9.07,False,29.314080636148,5684724.0,78.45526895,19265250,13009.1525348396,52.611947245178,53.4911117553711,64.8847498479951,-3.59802546034757,4.10704737847854,83.7328320584145,21374.339808723,0.46414,0.3027167,1690408.0,0,0.0,EU,3.3780679683739256,15.553293135175577,-0.40047756659712525,1.9501867058225735,2.760009940032921,-0.40047756659712525,-0.15082288973458366,-0.15082288973458366,9.473408429864481,4.427631159344493,9.96994640718636,4.362528640084947,-2.4333330349788596,SE,0.21749380794464346,0.6116559216914998,-0.21072103131565253,3.298077227492225,27.060557570268
ROU,2021,0.67,15.37,7.34,0.55,12.62,6.03,False,31.6949603653045,6100697.0,83.5904265,19122059,14908.0412813921,52.2321512130811,55.2656097412109,64.5750261544466,5.58735072538869,5.60376567562626,83.1104789638387,23316.8405138798,0.47108,0.3145916,2362263.0,0,0.0,EU,3.456157689232256,15.623913584911183,-0.40047756659712525,1.9933388426264242,2.7324175575505043,-0.40047756659712525,-0.5978370007556204,-0.5978370007556204,9.609656029671791,4.4201707945592625,10.05693114731823,4.425928997983011,-2.091222532216497,SE,0.25944696887418334,0.5646305766570063,-0.40047756659712525,3.3780679683739256,29.314080636148
ROU,2022,0.59,15.21,6.47,0.58,14.9,6.33,False,33.2115600895132,6365584.0,85.50309124,19048502,15503.4691366242,52.1634832477272,58.2390403747559,64.4688744544758,4.18771305104109,12.051275290788,82.7907771210014,24738.0607671931,0.46274,0.3937269,2217061.0,0,0.0,EU,3.5028980107837344,15.666416537532186,-0.527632742082372,1.8671761085128091,2.7219531062712017,-0.527632742082372,-0.5447271754416722,-0.5447271754416722,9.648819093130516,4.416316667759655,10.11609825836306,4.448552530142945,-2.1508060183950963,SE,0.11827053633598444,0.3713363258078399,-0.40047756659712525,3.456157689232256,31.6949603653045
ROU,2023,0.5,14.76,6.6,0.49,14.48,6.48,False,34.6706189336505,6628495.0,89.20335498,19061062,18244.4186876321,52.1645747011867,55.1682891845703,64.3703890976471,2.25773416555121,12.3522995042078,82.8453668289291,26834.6013459271,0.51656,0.34486,2562202.0,0,0.0,EU,3.5458926116763356,15.706888337902283,-0.6931471805599453,1.8870696490323797,2.6919208191723265,-0.6931471805599453,-0.7133498878774648,-0.7133498878774648,9.811614486901306,4.416975819906069,10.197447428749776,4.490918650762063,-2.006780570437532,SE,0.02773053029558818,0.12753570172076,-0.527632742082372,3.5028980107837344,33.2115600895132
ROU,2024,0.44,15.03,6.49,0.43,14.83,6.41,False,35.7995871488999,6807323.0,91.29048551,19051804,20080.2096215595,52.1674778928768,55.1682891845703,64.3032364614878,0.916003764382594,9.58453804755844,82.80512865090405,27229.5998846093,0.51656,0.3834547,3005067.0,0,0.0,EU,3.577936361186525,15.733509502457542,-0.8209805520698302,1.8702625307159986,2.710048203764883,-0.8209805520698302,-0.843970070294529,-0.843970070294529,9.907490013071868,4.416489999701307,10.212059891641719,4.51404657088906,-1.846861931340192,SE,-0.049302072376643136,-0.004116521228523641,-0.6931471805599453,3.5458926116763356,34.6706189336505
SVK,2010,1.82,34.55,25.91,,,,False,16.2644145767381,876953.0,75.71,5391428,16899.448680529,54.5650740704331,58.0442390441895,72.0906326973798,6.79058159142423,0.470528553269702,112.108876920838,136.883957274399,0.60583,0.9984709,748027.0,0,0.0,EU,2.7889795664548154,13.684208678128035,0.598836501088704,3.2546289945740186,3.542407550213679,0.598836501088704,,,9.735036277925136,4.719470514461574,4.919133539703727,4.326910252115215,-1.9751264902991734,C,0.6190856351531853,0.1777906011104029,,,
SVK,2011,1.9,34.88,27.62,,,,False,17.6561458836789,953098.0,74.4399971746757,5398384,18469.4354316836,54.4167387988534,57.1524887084961,71.947544218498,2.56242473215553,1.61977051205542,112.260522375645,198.948426047499,0.65398,0.968592,637057.0,0,0.0,EU,2.8710839314757433,13.76747301050782,0.6418538861723947,3.318540147981146,3.551913599040779,0.6418538861723947,,,9.823872505952078,4.720822262769261,5.2930456255448295,4.309993393819666,-2.136995794990601,C,0.6534775850325446,0.17189369805694255,0.598836501088704,2.7889795664548154,16.2644145767381
SVK,2012,1.76,34.74,25.54,,,,False,19.3434773928924,1045490.0,76.7099901181121,5407579,17516.9691054078,54.2764528316182,57.0384407043457,71.7045328186371,1.56917104702706,1.33888239127128,112.451734320413,357.646185104277,0.79377,0.9748175,758246.0,0,0.0,EU,2.962355277011021,13.859996233003551,0.5653138090500605,3.2402458506043934,3.5478917608129588,0.5653138090500605,,,9.770925353258123,4.722524101322523,5.8795441879359975,4.340031949149819,-1.9645488958095823,C,0.5678328008702033,-0.07309125177966133,0.6418538861723947,2.8710839314757433,17.6561458836789
SVK,2013,1.77,35.31,26.39,1.6,31.97,23.89,False,20.4985858774048,1109060.0,77.8826,5413393,18312.7805149823,54.1384024098892,55.253978729248,71.3702712441166,0.703323545247201,0.534061870297393,112.572637664282,493.775345702778,0.8184,0.8521623,691774.0,0,0.0,EU,3.0203559021750133,13.919023367664312,0.5709795465857378,3.2729851505152325,3.564166209940295,0.5709795465857378,0.47000362924573563,0.47000362924573563,9.81535448386639,4.723598681417441,6.202080647966752,4.355202564641144,-2.0573720344740054,C,0.42868191911608017,-0.0623374367443835,0.5653138090500605,2.962355277011021,19.3434773928924
SVK,2014,1.35,26.99,19.9,0.9,17.97,13.25,False,21.9975144176702,1191216.0,79.9843017656729,5418649,18770.9289896545,54.0029125499893,53.8843002319336,70.9768771615539,2.70795151449488,-0.132602518843782,112.700686356073,657.728522367845,0.87462,0.7273531,339615.0,0,0.0,EU,3.0909294659604893,13.990485192095175,0.30010459245033816,2.990719731730447,3.2954664270299134,0.30010459245033816,-0.10536051565782628,-0.10536051565782628,9.840064621677831,4.724735511143185,6.488792266202699,4.381830387489574,-2.769789178297087,C,0.32024286043490785,-0.08116403209157115,0.5709795465857378,3.0203559021750133,20.4985858774048
SVK,2015,1.12,26.99,16.64,0.75,17.97,11.08,False,23.5008610259474,1273812.0,77.6346820339875,5423801,16442.0760860018,53.8700628001622,52.7206687927246,70.5178405978439,5.17687909722133,-0.185692827685429,112.803148787488,1068.43890474595,1.15366,0.7078663,353840.0,0,0.0,EU,3.1570370598809236,14.057524537506211,0.11332868530700327,2.8118094353930627,3.2954664270299134,0.11332868530700327,-0.2876820724517809,-0.2876820724517809,9.70759894324071,4.725644253457043,6.973953894599366,4.352014260771851,-2.7297073065965494,C,0.1600739565841539,-0.17914795845088047,0.30010459245033816,3.0909294659604893,21.9975144176702
SVK,2016,1.13,27.59,16.59,0.75,18.38,11.05,False,24.626445872585,1336541.0,80.475857275668,5430798,16636.0769133073,53.7399327086517,50.3014488220215,69.9313041813556,1.94781841524558,-0.390909342389534,112.953369384359,3240.77603328277,0.78513,0.8392119,368242.0,0,0.0,EU,3.2038209009724263,14.105595491232364,0.12221763272424911,2.808800104202353,3.3174533882291946,0.12221763272424911,-0.2876820724517809,-0.2876820724517809,9.719328924157434,4.726975073229235,8.08356809655219,4.387957229823603,-2.6911010327214577,C,0.15658411589238885,-0.15869057797165276,0.11332868530700327,3.1570370598809236,23.5008610259474
SVK,2017,1.22,27.42,16.9,0.81,18.26,11.26,False,25.8590797873319,1405622.0,81.6256675172655,5439232,17645.5298716761,53.6126018237016,49.1256103515625,69.2551309624215,2.87473327453695,1.18187258373648,113.128785357737,6963.66692944886,0.88153,0.7416212,517977.0,0,0.0,EU,3.2526617883073192,14.155990467411536,0.19885085874516517,2.8273136219290276,3.3112726741341683,0.19885085874516517,-0.21072103131565253,-0.21072103131565253,9.778237765223587,4.7285268631861115,8.848461472267122,4.402143765416333,-2.3514623136837605,C,0.5354343345795377,0.094408316196777,0.12221763272424911,3.2038209009724263,24.626445872585
SVK,2018,1.16,27.79,17.71,0.77,18.51,11.8,False,27.6953839189658,1507524.0,80.4489224826099,5446771,19573.3717031314,53.4881496935559,47.8138313293457,68.5861635146178,4.06211981896483,2.10864838172743,113.285586522463,12993.3863567974,0.83184,0.6851503,489394.0,0,0.0,EU,3.321265753781684,14.225979127854758,0.14842000511827322,2.8741294517947424,3.3246762437544124,0.14842000511827322,-0.2613647641344075,-0.2613647641344075,9.881925334928212,4.729911944782229,9.47219576520585,4.38762247972048,-2.4096103439858534,C,0.44426973088207933,0.09714519768206518,0.19885085874516517,3.2526617883073192,25.8590797873319
SVK,2019,0.84,20.19,12.87,0.77,18.53,11.81,False,29.181106904051,1590553.0,82.8536605021784,5454147,19406.0589683582,53.3666558664583,48.1902389526367,67.9466053941882,2.27589910019393,2.40120783642419,113.43899750416,20091.3176707558,0.82138,0.7272442,548425.0,0,0.0,EU,3.3735214760301115,14.27959231247059,-0.1743533871447778,2.554899021608035,3.005187432324746,-0.1743533871447778,-0.2613647641344075,-0.2613647641344075,9.873340614246928,4.731265225510636,9.90804304404819,4.417075925179948,-2.2970809819258347,C,0.44426973088207933,-0.07898053276479051,0.14842000511827322,3.321265753781684,27.6953839189658
SVK,2020,0.77,18.43,12.36,0.35,8.46,5.67,False,31.192548373756,1701561.0,89.92090413,5458827,19735.4858280801,53.2481998906526,48.3790016174316,67.3811945998033,-2.58551241733207,2.40777956608554,113.536335274542,25918.3886941279,0.88944,0.6096002,466368.0,0,0.0,EU,3.440179232115526,14.347056623000428,-0.2613647641344075,2.514465452029545,2.9139797716817317,-0.2613647641344075,-1.0498221244986778,-1.0498221244986778,9.890173605380973,4.73212292026678,10.162707983955515,4.4989304409213435,-2.460014188445919,C,0.1906201714506199,-0.12415789926419715,-0.1743533871447778,3.3735214760301115,29.181106904051
SVK,2021,0.79,16.85,13.14,0.51,10.82,8.44,False,32.6060735005904,1774670.0,88.92560523,5447247,22123.3342114545,53.1901479870605,50.7342491149902,66.9089610618438,5.6558588065555,2.24408410830694,113.295486688852,31322.794798914,0.90093,0.7412158,628820.0,0,0.0,EU,3.484498574719375,14.389125048114268,-0.23572233352106983,2.5756610130564646,2.8243506567983707,-0.23572233352106983,-0.6733445532637656,-0.6733445532637656,10.004388177163943,4.729999332190674,10.352101379805452,4.487800123883891,-2.159020575192672,C,0.23550382638933307,-0.1249149519532751,-0.2613647641344075,3.440179232115526,31.192548373756
SVK,2022,0.88,19.88,13.72,0.48,10.79,7.45,False,33.9988127597088,1860822.0,89.06766196,5431752,21317.7943982363,53.1902831072528,52.4959106445312,66.4610251066265,0.544591632137454,7.33387458944816,112.973211314476,36900.6169648393,0.97686,0.7261799,575404.0,0,0.0,EU,3.5263256051743905,14.436528883548531,-0.12783337150988489,2.6188546222977394,2.989714201228428,-0.12783337150988489,-0.7339691750802004,-0.7339691750802004,9.967297420687904,4.72715072259379,10.515983549803186,4.4893963276325435,-2.244944610041673,C,-0.0783767012867962,-0.34470158521914424,-0.23572233352106983,3.484498574719375,32.6060735005904
SVK,2023,0.78,19.68,14.03,0.66,16.8,11.98,False,33.17259432898,1830482.0,87.2131343,5426740,24614.8734642794,53.190805019646,53.417610168457,66.0419899803454,2.11263633214959,10.0245901807717,112.868968386023,39911.9913612961,1.03359,0.5372918,578797.0,0,0.0,EU,3.501724063014132,14.420089878115222,-0.2484613592984996,2.6411978941143697,2.9796028916241073,-0.2484613592984996,-0.4155154439616658,-0.4155154439616658,10.111106151585117,4.726227574083674,10.594432093097076,4.468354942278895,-2.238142052704258,C,-0.23897999936244627,-0.9484323458111648,-0.12783337150988489,3.5263256051743905,33.9988127597088
SVK,2024,0.82,25.13,16.14,0.6,18.44,11.84,False,33.8136036435218,1862034.0,89.82507032,5422069,25992.6748502048,53.1919702985684,54.4743194580078,65.7013984358678,1.93867445549446,3.39369719128545,112.77181780366023,43287.3502716398,1.03359,0.4047054,572996.0,0,0.0,EU,3.5208631961781807,14.437179996587991,-0.19845093872383832,2.7813006628418027,3.2240623515555007,-0.19845093872383832,-0.5108256237659907,-0.5108256237659907,10.165570040777842,4.725366465682073,10.675615729776363,4.497864115854829,-2.2473540200214464,C,-0.22579994119743532,-0.37757476732714407,-0.2484613592984996,3.501724063014132,33.17259432898
SVN,2010,1.67,37.21,34.18,,,,False,23.0130215414954,470527.0,70.0,2048583,23329.8417691156,50.1194862794826,90.2514877319336,69.4944321954483,1.11213719306735,-0.491469444600767,101.685826607499,333.889327403381,2.06914,0.8166176,382334.0,0,0.0,EU,3.1360602097025114,13.061608622120902,0.5128236264286637,3.5316406776874447,3.6165775423585313,0.5128236264286637,,,10.05748858269996,4.621887928617658,5.810809582986778,4.248495242049359,-1.6786090414790062,SE,0.5379965126840295,0.3746274700152024,,,
SVN,2011,1.67,37.87,34.18,,,,False,24.1297849867532,494372.0,67.3399948092396,2052843,24940.6284841605,49.9463818748723,87.1887130737305,69.2279739789653,0.655438128379743,1.3645204070481,101.898292465005,499.307545681769,2.4311,0.7441693,302626.0,0,0.0,EU,3.1834469689778127,13.111043549217628,0.5128236264286637,3.5316406776874447,3.634159241913703,0.5128236264286637,,,10.124253418762567,4.623975183120713,6.2132222299134385,4.2097543366500565,-1.9144832209687828,SE,0.5179144559303647,0.36831769393281416,0.5128236264286637,3.1360602097025114,23.0130215414954
SVN,2012,1.72,38.36,33.42,,,,False,24.8054736692412,509336.0,68.3499745287825,2057159,22442.1417859955,49.7619476318359,89.0215606689453,68.7880511619956,-2.91553782040462,0.626618590822474,102.114049151928,967.353520073072,2.58339,0.6434133,355721.0,0,0.0,EU,3.2110643412869257,13.140863195628881,0.5423242908253617,3.509154523167248,3.6470152500152375,0.5423242908253617,,,10.018695800090759,4.626090317584154,6.874564013000464,4.224641190511257,-1.7549344679729035,SE,0.3653446558844364,0.239678482565936,0.5128236264286637,3.1834469689778127,24.1297849867532
SVN,2013,1.31,28.21,25.23,0.83,17.92,16.03,False,25.5111136181393,524621.0,72.6756,2059953,23236.9655321695,50.0466580754027,87.8572082519531,68.2843640336961,-0.823776417691676,1.13279718785073,102.281678252234,1215.56171427212,2.59426,0.6176146,318736.0,0,0.0,EU,3.239114185381198,13.17043137611314,0.2700271372130602,3.2280337626529665,3.339676525013905,0.2700271372130602,-0.18632957819149348,-0.18632957819149348,10.053499631535798,4.627730558698948,7.102961565212757,4.286005702344812,-1.8660752720499398,SE,0.5312852586604221,0.2589159220790159,0.5423242908253617,3.2110643412869257,24.8054736692412
SVN,2014,1.28,28.42,25.21,0.81,17.95,15.92,False,27.0022702087688,555815.0,71.5862515855601,2061980,24013.0682060959,50.983470916748,84.3780288696289,67.7481374494419,2.76283327639742,0.631551450779483,102.382323733863,1558.2110398743,2.38854,0.5399771,175825.0,0,0.0,EU,3.295920944275904,13.228190784051593,0.2468600779315258,3.2272407411998283,3.3470931226689546,0.2468600779315258,-0.21072103131565253,-0.21072103131565253,10.086353469726403,4.628714077918403,7.351293672889179,4.270903038567532,-2.461932783014737,SE,0.3856577769707956,0.21889348418470336,0.2700271372130602,3.239114185381198,25.5111136181393
SVN,2015,1.07,28.42,21.07,0.39,10.4,7.71,False,27.6233320566015,569026.0,73.0986599745829,2063531,20697.2748530619,53.6612160294144,82.1997833251953,67.157989987121,2.39330621338168,0.867198319325425,102.446109241111,2188.96638819577,2.21611,0.574156,149685.0,0,0.0,EU,3.318660779973515,13.251681406264872,0.06765864847381486,3.0478502278160975,3.3470931226689546,0.06765864847381486,-0.941608539858445,-0.941608539858445,9.937757320976354,4.629336896815013,7.691184742537808,4.291810035186656,-2.623640786094549,SE,0.2280780255336442,0.06710368979503344,0.2468600779315258,3.295920944275904,27.0022702087688
SVN,2016,1.79,45.82,33.13,0.41,10.63,7.69,False,28.5889065200718,589324.0,75.4985042610791,2065042,21447.8377796036,53.647274017334,79.4747467041016,66.5706788630685,3.03441486663654,0.885482436856336,102.52417833383,5630.87820974101,2.02922,0.6430131,158823.0,0,0.0,EU,3.35301875866581,13.286731396282136,0.5822156198526637,3.5004392163118045,3.8247206770253497,0.5822156198526637,-0.8915981192837836,-0.8915981192837836,9.973379116459535,4.630098656945399,8.636020696489554,4.3241128449472015,-2.5651154695740344,SE,0.226545439510666,0.0890429454474731,0.06765864847381486,3.318660779973515,27.6233320566015
SVN,2017,1.9,45.9,34.88,0.43,10.37,7.88,False,29.180424842781,601820.0,78.8854263554775,2066388,23303.077705959,55.2451133728027,79.2703475952148,65.9854248185375,5.17440215579958,1.28763102357318,102.610871929328,19594.093655209,1.88219,0.6069226,214692.0,0,0.0,EU,3.373498102371141,13.307713676258293,0.6418538861723947,3.551913599040779,3.8264651170664994,0.6418538861723947,-0.843970070294529,-0.843970070294529,10.056340721215133,4.630943891346327,9.882983455683355,4.367996500467297,-2.2643529916681535,SE,0.2570087728781969,0.21863411586809045,0.5822156198526637,3.35301875866581,28.5889065200718
SVN,2018,1.9,50.92,38.96,0.75,20.05,15.34,False,29.6086313428343,612745.0,79.7499765956562,2073894,25888.0481065655,55.1913430955675,77.3015975952148,65.452513323996,4.37908347331195,2.18095370305853,102.992292564709,33018.0809626721,1.96365,0.6514111,229703.0,0,0.0,EU,3.3880659182432447,13.325704141422346,0.6418538861723947,3.6625354787743345,3.930255773689206,0.6418538861723947,-0.2876820724517809,-0.2876820724517809,10.161536678113812,4.634654155960927,10.404810598361617,4.378896448193515,-2.200396108391709,SE,0.3457243200227373,0.41184577083761503,0.6418538861723947,3.373498102371141,29.180424842781
SVN,2019,2.01,54.02,41.33,0.75,20.05,15.34,False,30.1395433223627,627939.0,83.1083578026717,2088385,25814.1687167572,55.4523277282715,76.4720077514648,65.0408615176971,3.50525332381912,2.33858654999968,103.711934605987,42529.9932723133,2.05725,0.8847728,212799.0,0,0.0,EU,3.405838041204418,13.350198306974585,0.6981347220709843,3.721588628523641,3.98935434836447,0.6981347220709843,-0.2876820724517809,-0.2876820724517809,10.158678795236376,4.641617196424256,10.657964830060818,4.420145272046792,-2.2837982607701934,SE,-0.04292414955616167,-0.31093923725041356,0.6418538861723947,3.3880659182432447,29.6086313428343
SVN,2020,1.85,54.54,39.7,0.74,21.8,15.87,False,30.9930132861242,651603.0,86.60130109,2102419,25392.0651093612,55.384391784668,75.8166809082031,64.7403622350344,-4.08500094942896,1.18953318282115,104.408881428657,49112.4747255423,2.15559,0.8216029,199479.0,0,0.0,EU,3.433761801216777,13.387190759750993,0.6151856390902335,3.681351187693145,3.9989343774174424,0.6151856390902335,-0.3011050927839216,-0.3011050927839216,10.142192006931191,4.648314742985911,10.801868349242858,4.461314839589478,-2.355134897908702,SE,-0.12106059395114278,-0.3905463214870527,0.6981347220709843,3.405838041204418,30.1395433223627
SVN,2021,1.99,56.8,43.41,0.61,17.34,13.25,False,31.5502669986288,666813.0,89.00399524,2108079,29192.8401933019,55.3046289429588,82.2400436401367,64.4067832697893,8.41686457725321,2.68343077186124,104.689964442502,55445.2655711669,2.13847,0.8294744,257949.0,0,0.0,EU,3.45158205166548,13.410264925769509,0.688134638736401,3.770689829311502,4.039536325727106,0.688134638736401,-0.4942963218147801,-0.4942963218147801,10.281678759330694,4.651003262685605,10.923151607188577,4.488681259061678,-2.10077049427702,SE,-0.10342376623699208,-0.3493593879415411,0.6151856390902335,3.433761801216777,30.9930132861242
SVN,2022,1.77,56.47,38.33,0.39,12.47,8.46,False,32.0104972135392,677095.0,88.91248552,2112076,28360.3041467268,55.3377817873563,82.3922576904297,64.0225309044699,2.66850555542486,6.47825402744266,104.888460698039,61863.7776292141,2.1,0.7372169,248298.0,0,0.0,EU,3.4660638869301508,13.425566867012858,0.5709795465857378,3.6462328793924637,4.033709523684745,0.5709795465857378,-0.941608539858445,-0.941608539858445,10.252745705085271,4.6528975064729305,11.0326901117721,4.487652577202879,-2.1407969913179694,SE,-0.2479335598867188,-0.44902221816357096,0.688134638736401,3.45158205166548,31.5502669986288
SVN,2023,1.61,57.14,40.17,0.35,12.31,8.65,False,31.8814801387465,675376.0,90.37794678,2120461,32660.4753581346,55.5378927789875,80.0806884765625,63.7378233342586,2.3758326648385,9.98912481634724,105.31480791676,63978.5405154822,2.13385,0.7953113,248254.0,0,0.0,EU,3.462025281286735,13.423024851804163,0.4762341789963717,3.693120448371191,4.045504396802627,0.4762341789963717,-1.0498221244986778,-1.0498221244986778,10.393920921168524,4.656954035243146,11.066303001669114,4.504000286088439,-2.144936381271808,SE,-0.3620632562231842,-0.6675755176841764,0.5709795465857378,3.4660638869301508,32.0104972135392
SVN,2024,1.51,60.52,39.73,0.41,16.38,10.76,False,34.2332575162942,725299.0,90.76355487,2127400,34301.0318686594,55.7577708405917,80.0806884765625,63.5127305869434,1.73139722479493,3.46708059724392,105.6355687085538,68783.4915859735,2.13385,0.798163,266728.0,0,0.0,EU,3.5331976135500516,13.49433926261072,0.412109650826833,3.6821065698265074,4.102973888920155,0.412109650826833,-0.8915981192837836,-0.8915981192837836,10.442930716335912,4.6599951394509995,11.138719047251046,4.508257826949803,-2.0764264432636916,SE,-0.46033214000886424,-0.46713457121649554,0.4762341789963717,3.462025281286735,31.8814801387465
SWE,2010,0.77,26.87,34.53,,,,False,31.9840349438999,2999537.0,90.0,9378126,52542.5759090299,85.1334228515625,73.0818328857422,65.1182387042675,5.75076477579255,1.03023451831319,23.0228627359425,1201.19947204804,3.18756,1.7481133,6110634.0,0,0.0,EU,3.4652368703005907,14.913968501388435,-0.2613647641344075,3.541828511401901,3.2910104226273997,-0.2613647641344075,,,10.869379089617276,3.136487754204001,7.091075896588633,4.499809670330265,-0.4283494241565674,N,-0.14504247853404567,0.20578904999042452,,,
SWE,2011,0.71,26.15,33.14,,,,False,32.0391154481002,3027459.0,92.7699860554046,9449213,60379.4814599322,85.3600748880524,71.9184112548828,64.6999145647294,3.16388567406926,1.11731713646294,23.1973780115221,1711.67694071453,3.20686,2.0657526,4634187.0,0,0.0,EU,3.4669575140818605,14.923234211790847,-0.342490308946776,3.500741011998417,3.263849190510932,-0.342490308946776,,,11.008404615279803,3.1440392555406538,7.445228836041402,4.53012316135154,-0.7124706785124636,N,-0.1566709096161793,0.1615138127111889,-0.2613647641344075,3.4652368703005907,31.9840349438999
SWE,2012,0.72,26.24,35.28,,,,False,32.2829791143157,3073174.0,93.1799880065108,9519374,57749.5615420853,85.6250668883122,68.742301940918,64.2350876804122,-0.414397702454409,0.949478662939768,23.3696200002111,2392.48925402027,3.24636,2.0214291,5252581.0,0,0.0,EU,3.4745401289300393,14.938221461702943,-0.3285040669720361,3.5633162311385904,3.267284964075888,-0.3285040669720361,,,10.963871036010374,3.151436888265,7.780089631789444,4.534532977675515,-0.5946095154926133,N,-0.16251892949777494,0.11239118467232034,-0.342490308946776,3.4669575140818605,32.0391154481002
SWE,2013,0.75,27.0,38.23,0.3,10.73,15.2,False,32.7855388506159,3147615.0,94.7836,9600379,60843.9888799369,85.9249771259894,65.7820892333984,63.7580854153169,1.13766671801426,1.01168043710824,23.5684835040631,2690.51878056064,3.27557,1.9712278,4661245.0,0,0.0,EU,3.4899875294693636,14.962155581167256,-0.2876820724517809,3.6436205477083212,3.295836866004329,-0.2876820724517809,-1.2039728043259361,-1.2039728043259361,11.016068307668105,3.1599103747874655,7.8974893092287095,4.5515963985148895,-0.7225199970244963,N,-0.19770788612758144,0.15590266084431678,-0.3285040669720361,3.4745401289300393,32.2829791143157
SWE,2014,0.85,32.55,43.58,0.28,10.78,14.43,False,33.841393015349,3281408.0,92.5236065037579,9696110,59583.4584491714,86.2563838747314,64.9541931152344,63.3172186453916,2.29577238758284,1.83274334863978,23.8034986523533,3148.78853478354,3.12457,1.7257536,2860732.0,0,0.0,EU,3.521684698646953,15.003783156543735,-0.16251892949777494,3.774598329516474,3.482777368654578,-0.16251892949777494,-1.2729656758128873,-1.2729656758128873,10.995133271732174,3.169832572073383,8.054773065712947,4.527463817405041,-1.2206472380074813,N,-0.11659694358385558,0.10051864772869795,-0.2876820724517809,3.4899875294693636,32.7855388506159
SWE,2015,0.85,40.17,43.75,0.23,10.78,11.74,False,35.6778078349251,3496240.0,90.6101966398616,9799186,51188.1652120493,86.6158654081858,66.4283218383789,62.9579789502128,4.38824673608589,2.25576478043419,24.0582617728817,4207.90053377903,3.24088,1.7858201,3044372.0,0,0.0,EU,3.5745288662202017,15.06719866328685,-0.16251892949777494,3.7784916128036232,3.693120448371191,-0.16251892949777494,-1.4696759700589417,-1.4696759700589417,10.843263636106574,3.180478462420561,8.344719116728252,4.506566752409979,-1.169004680848015,N,-0.29439358261785126,-0.07766613937450158,-0.16251892949777494,3.521684698646953,33.841393015349
SWE,2016,0.89,39.5,43.1,0.24,10.6,11.56,False,37.0821744423215,3679768.0,89.6509476102355,9923085,51703.5088332851,87.0,68.306037902832,62.700911392201,2.13117914731151,1.65920932545671,24.362449750883,6205.93293315536,3.25643,1.8059922,3378152.0,0,0.0,EU,3.61313638089634,15.118360264679529,-0.11653381625595151,3.763522997109702,3.676300671907076,-0.11653381625595151,-1.4271163556401458,-1.4271163556401458,10.853280927309282,3.193043002271593,8.733261038175094,4.4959237701038735,-1.0775350464403521,N,-0.2704706238353072,0.11870878068933227,-0.16251892949777494,3.5745288662202017,35.6778078349251
SWE,2017,0.98,38.51,43.16,0.26,10.33,11.58,False,38.3266046004608,3854837.0,93.0062669652127,10057698,53210.2233318965,87.237373786911,70.4342498779297,62.5219734831306,1.88282184966646,2.22554282042857,24.6929419766692,13619.1203991212,3.39374,1.7455157,3369599.0,0,0.0,EU,3.6461442921256753,15.16483928133595,-0.020202707317519466,3.764914140389934,3.6509179478268177,-0.020202707317519466,-1.3470736479666092,-1.3470736479666092,10.882005824760643,3.2065174528672196,9.519229996055705,4.53266687760559,-1.0935445652625733,N,-0.1631421551168616,0.163356975693071,-0.11653381625595151,3.61313638089634,37.0821744423215
SWE,2018,0.98,41.59,44.75,0.37,15.93,17.14,False,38.7413375683818,3942088.0,89.2469631588137,10175214,54018.4554391861,87.4737430925296,73.4083786010742,62.3768470334521,1.7702553546772,2.61445551998212,24.9814588688378,18608.4538369414,3.34602,1.7593836,4656953.0,0,0.0,EU,3.6569071841866805,15.18722109013919,-0.020202707317519466,3.8010914447208646,3.7278597537548204,-0.020202707317519466,-0.9942522733438669,-0.9942522733438669,10.897081034549574,3.2181339044668236,9.831371263806549,4.491407393849064,-0.781593391433331,N,-0.07914628949729673,0.13427429784882708,-0.020202707317519466,3.6461442921256753,38.3266046004608
SWE,2019,0.98,41.59,44.75,0.37,15.93,17.14,True,39.2905524546107,4038725.0,94.4934434072202,10278887,51648.9892820514,87.7088420242759,75.1148529052734,62.2726593946469,2.60823012869524,2.42588744842773,25.2378879395011,25688.2870684346,3.39847,1.7778065,4122994.0,0,0.0,EU,3.6709840944185923,15.211439606067641,-0.020202707317519466,3.8010914447208646,3.7278597537548204,-0.020202707317519466,-0.9942522733438669,-0.9942522733438669,10.85222590576099,3.228346355071131,10.153790410902898,4.548530450158482,-0.9135123872104003,N,-0.07914628949729673,0.16758068733525333,-0.020202707317519466,3.6569071841866805,38.7413375683818
SWE,2020,1.05,47.16,47.33,0.48,21.38,21.45,False,40.3679810262741,4179574.0,94.53943122,10353442,52568.5726980146,87.9424046895699,79.1196365356445,62.2041144475448,-1.93379704032216,1.79876774959563,25.4209438224317,32739.7400787101,3.50181,1.715293,2931302.0,0,0.0,EU,3.6980369218796185,15.24571988543177,0.04879016416943204,3.8571443439181565,3.85354607566917,0.04879016416943204,-0.7339691750802004,-0.7339691750802004,10.8698737429411,3.235573394199958,10.396344911941569,4.549017009057591,-1.261872331884732,N,-0.1463808090975398,0.063493796944186,-0.020202707317519466,3.6709840944185923,39.2905524546107
SWE,2021,1.06,45.97,52.2,0.36,15.6,17.72,False,40.8351431063991,4253442.0,94.6703163,10415811,60647.5416365347,88.1741651958315,85.9426193237305,62.1530987776028,5.2258643028773,2.70985550217829,25.5740792575133,38601.5068821813,3.41565,1.6807618,5429069.0,0,0.0,EU,3.7095430613075657,15.26323909547579,0.058268908123975824,3.955082494888593,3.8279890098181366,0.058268908123975824,-1.0216512475319814,-1.0216512475319814,11.012834379940378,3.2415793095283556,10.561046593089422,4.5504005012147575,-0.6515572757748166,N,-0.12059011940018055,0.10083172812115847,0.04879016416943204,3.6980369218796185,40.3679810262741
SWE,2022,1.13,53.2,50.73,0.34,15.89,15.15,False,40.6093424279832,4258839.0,95.00970335,10486941,54836.8907235124,88.4038576504809,83.8976135253906,62.1693131278881,1.25543620445816,6.0271955711854,25.7487256923983,45805.4450768818,3.47239,1.6240804,4527734.0,0,0.0,EU,3.7039981492002827,15.264507145889816,0.12221763272424911,3.9265174515785985,3.9740583963475986,0.12221763272424911,-1.0788096613719298,-1.0788096613719298,10.91211843483171,3.2483851382113373,10.732158251177164,4.553979026910868,-0.8399091752310293,N,-0.21003563024876326,-0.0020204219922141603,0.058268908123975824,3.7095430613075657,40.8351431063991
SWE,2023,1.12,58.34,52.16,0.3,15.83,14.16,False,40.7340135908716,4298047.0,95.70327461,10536632,54950.2834725622,88.631216160938,81.3998184204102,62.2137917151827,-0.204061304891439,5.83406618538046,25.8713678886243,52996.3464606147,3.59978,1.6722947,4916090.0,0,0.0,EU,3.707063458196834,15.273671291443556,0.11332868530700327,3.9543159176183975,4.066287964439575,0.11332868530700327,-1.2039728043259361,-1.2039728043259361,10.914184118554807,3.253136870278405,10.87797825545277,4.56125251532387,-0.7623444483525994,N,-0.27167440773577534,-0.11776599766325595,0.12221763272424911,3.7039981492002827,40.6093424279832
SWE,2024,1.14,67.38,55.15,0.29,17.05,13.95,False,40.6156538715616,4308102.0,95.52930428,10569709,57222.7100565003,88.8559748346228,83.9988098144531,62.2674518966203,1.01779633304398,2.99536723630649,25.949994824588906,55097.2595366627,3.59978,1.6717941,5041993.0,0,0.0,EU,3.7041535556361986,15.276007993858347,0.131028262406404,4.0100567456995115,4.2103482379784065,0.131028262406404,-1.2378743560016174,-1.2378743560016174,10.954706127532543,3.256171410174071,10.9168552577274,4.559433051516991,-0.7401908283289668,N,-0.17948163722837235,0.02733681721688199,0.11332868530700327,3.707063458196834,40.7340135908716
UKR,2010,3.04,18.96,7.58,,,,False,6.45490404640707,2955862.0,23.3,46456003,3039.63232421875,68.637397133357,81.9082510858655,70.9888738274457,4.09200436668087,13.6732282073329,80.190573430919,12.2050965081951,0.80278,-0.5820073,3715970.0,0,1.0,EaP,1.864840159185343,14.899300875251399,1.1118575154181303,2.0255131996542803,2.942331496826876,1.1118575154181303,,,8.019491841105038,4.384405969696463,2.5018536110807728,3.1484533605716547,-2.525865944924963,EE,1.6862085881177147,1.2569580162873888,,,
UKR,2011,2.9,18.12,7.58,,,,False,6.95621082243456,3170384.0,28.7082628400713,46307853,3656.69799804688,68.7234299826222,84.7981059629784,71.1659513650314,5.44528081048476,14.1819086626365,79.9348425740523,20.6876358530377,0.7109,-0.7940784,3568383.0,0,1.0,EaP,1.9396349040308263,14.969363274163822,1.0647107369924282,2.0255131996542803,2.8970163006148333,1.0647107369924282,,,8.204315832854398,4.381211834990412,3.0295362200299287,3.357184985164456,-2.563199005934694,EE,1.3723774656551728,1.0152131635124793,1.1118575154181303,1.864840159185343,6.45490404640707
UKR,2012,2.48,18.39,7.51,,,,False,8.03755151150735,3644976.0,35.27,46210056,3951.34228515625,68.8241983107739,83.8798999891598,71.0053023956517,0.152314967200653,7.98256111045039,79.7660291376096,40.3808210057136,0.72363,-0.691518299999999,4155559.0,0,1.0,EaP,2.0841244984399165,15.108860339041078,0.9082585601768908,2.0162354657760435,2.91180703861623,0.9082585601768908,,,8.281810619196659,4.379097713789827,3.6983549446669444,3.563032744247961,-2.408750480779417,EE,1.1128196258711993,0.8345299592105668,1.0647107369924282,1.9396349040308263,6.95621082243456
UKR,2013,2.0,15.6,6.26,,,,False,8.85842948316205,3996550.0,40.954128997,46126770,4129.89697265625,68.9326288082226,81.5320112568844,70.7630587483478,0.045439094492707,4.30879343709354,79.6222640336947,53.2879280296453,0.733,-0.6663049,3227612.0,0,1.0,EaP,2.1813694896679254,15.200942046917028,0.6931471805599453,1.8341801851120072,2.747270914255491,0.6931471805599453,,,8.326007739555845,4.377293752657651,3.9757098145178125,3.7124526354236247,-2.659650930690036,EE,1.1330020463655226,0.8317736051865569,0.9082585601768908,2.0841244984399165,8.03755151150735
UKR,2014,1.28,12.71,3.79,,,,False,9.3062102695115,3945575.0,46.2359754571651,45972380,3054.908203125,69.0554339301313,83.7842174613245,70.3752093063791,-10.0788949840953,15.901737523474,79.3598715669181,73.5659106620105,0.65034,-0.622940199999999,1658061.0,0,1.0,EaP,2.230681948214635,15.188105255760151,0.2468600779315258,1.332366019094335,2.542389085201363,0.2468600779315258,,,8.02450482307732,4.373992844614901,4.298181748085192,3.8337581846153106,-3.3223919340221766,EE,1.0199343832800063,0.817371754840913,0.6931471805599453,2.1813694896679254,8.85842948316205
UKR,2015,0.92,16.92,2.74,0.93,16.95,2.75,False,11.6437042355302,4978813.0,48.8846436813218,45784896,2094.47387695313,69.1587317201337,76.8646556476929,69.7670395494619,-9.7729872128676,38.8816797599977,79.0362271055948,139.849613287316,0.61477,-0.6169589,1212602.0,0,1.0,EaP,2.45476562497079,15.420702067176492,-0.08338160893905101,1.007957920399979,2.8284963541780774,-0.08338160893905101,-0.07257069283483537,-0.07257069283483537,7.647057668097867,4.369906318312389,4.940567654447978,3.8894633120146707,-3.6311857910681806,EE,0.8204392191342097,0.6247758021026396,0.2468600779315258,2.230681948214635,9.3062102695115
UKR,2016,1.07,11.39,2.34,0.89,9.51,1.96,False,12.0342584918375,5125499.0,53.0009695981884,45616832,2158.46118164063,69.2102241609089,77.0398374695438,69.2108781249868,2.44098194492067,17.0971349238438,78.7461064406429,1879.89819196563,0.48339,-0.522695,1491081.0,0,1.0,EaP,2.4877574566935663,15.449738444102657,0.06765864847381486,0.85015092936961,2.432735777459091,0.06765864847381486,-0.11653381625595151,-0.11653381625595151,7.677150830882293,4.366228834459863,7.538972901147885,3.9703102076902246,-3.42077541095556,EE,0.6907916406948857,0.5433738723156861,-0.08338160893905101,2.45476562497079,11.6437042355302
UKR,2017,1.51,13.53,3.01,0.94,8.46,1.88,False,12.3535432124088,5239743.0,58.8894794459775,45436041,2604.28759765625,69.2633108489282,80.1990246943391,68.6550169648912,2.35997228099491,22.0983174978017,78.432661833247,3895.69593002172,0.44878,-0.368446699999999,1985443.0,0,1.0,EaP,2.5139429217162976,15.471783009292913,0.412109650826833,1.1019400787607843,2.604909442182697,0.412109650826833,-0.06187540371808753,-0.06187540371808753,7.86491444179836,4.362240445616493,8.26762761500762,4.075662457487585,-3.1304635816938227,EE,0.901596923426859,0.6985827221931706,0.06765864847381486,2.4877574566935663,12.0342584918375
UKR,2018,1.58,13.24,3.49,0.83,6.97,1.84,False,12.8032560497243,5405125.0,62.5531553933869,45208907,3059.0517578125,69.3157992777909,81.4946716210446,68.2325299304405,3.48836234022659,15.3985303514156,78.0271090783569,5949.6240420057,0.47113,-0.3505756,2552768.0,0,1.0,EaP,2.54969951746146,15.502858135522532,0.4574248470388755,1.2499017362143359,2.5832425505088623,0.4574248470388755,-0.18632957819149348,-0.18632957819149348,8.025860263854936,4.357056318593913,8.691083310325812,4.136016681578007,-2.8741158642991023,EE,0.7771951053249316,0.5801388095609575,0.412109650826833,2.5139429217162976,12.3535432124088
UKR,2019,1.82,15.34,4.04,1.24,10.46,2.76,False,16.1591311845578,6784185.0,70.1248442995263,44957458,3619.86157226563,69.3527648708735,84.48135621115,67.9121159385835,3.19950386354134,8.24622626642469,77.5931273731446,7767.05391127764,0.43384,-0.2900464,2129533.0,0,1.0,EaP,2.78248528831583,15.730104726129225,0.598836501088704,1.3962446919730587,2.73046379593911,0.598836501088704,0.2151113796169455,0.2151113796169455,8.194191064383034,4.351478858488017,8.957646209463878,4.250277143512784,-3.0498139579846253,EE,0.7771951053249316,0.5801388095609575,0.4574248470388755,2.54969951746146,12.8032560497243
UKR,2020,1.6,16.17,4.77,1.54,15.55,4.59,False,18.617022844321,7769401.0,75.03790912,44680014,3709.76928710938,69.3839100516745,82.1345992180731,67.6202746084606,-3.75281793983162,10.2949601378763,77.1142802899551,8842.70089978038,0.40318,-0.349632599999999,1782478.0,0,1.0,EaP,2.9240763688567943,15.865703627995046,0.47000362924573563,1.5623463049002497,2.783157673589016,0.47000362924573563,0.43178241642553783,0.43178241642553783,8.218724966904833,4.345288481187139,9.087347640615764,4.317993440770328,-3.221521756526093,EE,0.35830976837254375,0.2556500867424684,0.598836501088704,2.78248528831583,16.1591311845578
UKR,2021,1.76,18.38,5.44,1.47,15.32,4.53,False,18.2677942438439,7566286.0,79.21829353,44298640,4775.94580078125,69.4027032653896,75.9079435107907,67.4674594976279,3.44562065945944,24.8047567675546,76.4560579910252,9534.33333393531,0.38478,-0.3585413,3243851.0,0,1.0,EaP,2.9051396320583094,15.839212884147969,0.5653138090500605,1.6937790608678513,2.911263116927541,0.5653138090500605,0.3852624007906449,0.3852624007906449,8.471347306762913,4.336716170452463,9.16265459780676,4.372207251062999,-2.614192772556713,EE,0.26575510747941167,0.18439851449840589,0.47000362924573563,2.9240763688567943,18.617022844321
UKR,2022,1.87,24.51,6.84,1.26,16.55,4.61,False,17.5398140646824,7190920.0,80.47429657,41048766,4199.6708984375,69.42345912103,79.23065174807115,67.3213331187593,-28.7585842155085,34.9152851434932,70.8470245081118,8917.22299276914,0.32673,-0.412279199999999,1192158.0,0,1.0,EaP,2.8644733862426044,15.788329677005365,0.6259384308664954,1.922787731634459,3.1990811975400213,0.6259384308664954,0.23111172096338664,0.23111172096338664,8.342761443686468,4.260522968192146,9.095739853422188,4.387937836171211,-3.5389956643505505,EE,0.1867119469483504,0.09698018353263223,0.5653138090500605,2.9051396320583094,18.2677942438439
UKR,2023,2.25,30.58,7.93,1.36,18.45,4.79,False,21.3774151510902,8066305.0,81.58059692,37732836,5139.59814453125,69.4754455027606,82.5533599853516,67.1469283033341,5.53473354963334,19.8744638522736,65.1239834311357,9888.25753781136,0.32209,-0.3782819,903985.0,0,1.0,EaP,3.062334997964676,15.903206066742955,0.8109302162163288,2.0706530356467567,3.420346200500916,0.8109302162163288,0.3074846997479607,0.3074846997479607,8.544730173395028,4.176292890448987,9.199103224848924,4.401591450852101,-3.7314732084500775,EE,-0.03655423591031917,-0.061484498447470656,0.6259384308664954,2.8644733862426044,17.5398140646824
UKR,2024,2.4,37.33,9.79,1.08,16.75,4.39,False,21.6539327212609,8198227.0,82.47489929,37860221,5391.62255859375,69.5315643200148,87.1920013427734,67.1490154911006,3.24811808426423,11.9699207051318,65.3528637022716,9936.86751062547,0.36988,-0.300852399999999,1387499.0,0,1.0,EaP,3.0751870878949124,15.919428469343478,0.8754687373538999,2.281361456542419,3.6197972929264925,0.8754687373538999,0.0769610411361284,0.0769610411361284,8.592601649881207,4.17980126010892,9.204007110207536,4.412493996016598,-3.3063981371419664,EE,-0.16480789791236333,-0.1726713095099679,0.8109302162163288,3.062334997964676,21.3774151510902
