specification,controls,eu_elasticity,eu_se,eu_pval,eap_elasticity,eap_se,eap_pval,interaction_coef,interaction_pval,n_obs,r_squared
Main (Unified),"log_gdp_per_capita, rd_expenditure, secure_servers",-0.03270184976536346,0.04292183747349847,0.4467674039588412,-0.5150323031610019,0.07796300235520676,1.9918111604511068e-10,-0.48233045339563846,1.5019097077129118e-12,326,0.5221922968134569
