specification,controls,eu_elasticity,eu_se,eu_pval,eap_elasticity,eap_se,eap_pval,interaction_coef,interaction_pval,n_obs,r_squared
Main (Unified),"log_gdp_per_capita, rd_expenditure, secure_servers",-0.04869147561202068,0.07506238195005138,0.5170787099610761,-0.6936377757205311,0.14339142920240197,2.1788183932613947e-06,-0.6449463001085104,2.616505583308282e-07,326,0.5283430496756539
