Specification,EU_Elasticity,EU_pval,EaP_Elasticity,EaP_pval,Interaction_pval,N_obs
Pre-COVID (2010-2019),-0.0486914756120206,0.5170787099610761,-0.6936377757205311,2.1788183932613947e-06,2.616505583308282e-07,326
Full Sample (No COVID),-0.01973734592727279,0.7772163133510899,-0.5024566849648273,0.00047288743234652486,0.0001211175171345058,458
Full Sample (With COVID),-0.028671315865516234,0.70383495719692,-0.6775375845770076,0.00011335091975994693,4.174954930613595e-05,458
