Specification,EU_Elasticity,EU_pval,EaP_Elasticity,EaP_pval,Interaction_pval,N_obs
Pre-COVID (2010-2019),-0.053840876413882,0.1713587946233363,-0.6075619183759579,3.2663767690621626e-08,5.891780396893864e-08,319
Full Sample (No COVID),-0.05728042552522619,0.21882823502049953,-0.2914410831853178,0.048433836014665,0.09444623278902542,451
Full Sample (With COVID),0.049793281449220544,0.12932887651032576,-0.4587309235472471,0.0019745447587375953,0.00044463525197557807,451
